<?xml version="1.0" encoding="UTF-8"?>
<gpx creator="StravaGPX" version="1.1" xmlns="http://www.topografix.com/GPX/1/1" xmlns:xsi="http://www.w3.org/2001/XMLSchema-instance" xsi:schemaLocation="http://www.topografix.com/GPX/1/1 http://www.topografix.com/GPX/1/1/gpx.xsd">
 <trk>
  <name>Hasan Dağı Zirve</name>
  <type>hiking</type>
  <trkseg>
   <trkpt lat="38.1613830" lon="34.1650380">
    <ele>1930.8</ele>
   </trkpt>
   <trkpt lat="38.1613830" lon="34.1650380">
    <ele>1930.8</ele>
   </trkpt>
   <trkpt lat="38.1613570" lon="34.1647700">
    <ele>1930.8</ele>
   </trkpt>
   <trkpt lat="38.1613410" lon="34.1647650">
    <ele>1930.8</ele>
   </trkpt>
   <trkpt lat="38.1613310" lon="34.1647750">
    <ele>1930.8</ele>
   </trkpt>
   <trkpt lat="38.1613230" lon="34.1647750">
    <ele>1930.8</ele>
   </trkpt>
   <trkpt lat="38.1612450" lon="34.1647380">
    <ele>1931.6</ele>
   </trkpt>
   <trkpt lat="38.1612160" lon="34.1647330">
    <ele>1931.8</ele>
   </trkpt>
   <trkpt lat="38.1612000" lon="34.1647330">
    <ele>1931.8</ele>
   </trkpt>
   <trkpt lat="38.1610980" lon="34.1647510">
    <ele>1932.6</ele>
   </trkpt>
   <trkpt lat="38.1610380" lon="34.1647800">
    <ele>1933.0</ele>
   </trkpt>
   <trkpt lat="38.1610210" lon="34.1647920">
    <ele>1933.2</ele>
   </trkpt>
   <trkpt lat="38.1609950" lon="34.1648080">
    <ele>1933.6</ele>
   </trkpt>
   <trkpt lat="38.1609550" lon="34.1648430">
    <ele>1934.0</ele>
   </trkpt>
   <trkpt lat="38.1609380" lon="34.1648610">
    <ele>1934.4</ele>
   </trkpt>
   <trkpt lat="38.1608790" lon="34.1648890">
    <ele>1935.2</ele>
   </trkpt>
   <trkpt lat="38.1608590" lon="34.1649070">
    <ele>1935.4</ele>
   </trkpt>
   <trkpt lat="38.1608550" lon="34.1649120">
    <ele>1935.6</ele>
   </trkpt>
   <trkpt lat="38.1608230" lon="34.1649330">
    <ele>1936.0</ele>
   </trkpt>
   <trkpt lat="38.1608160" lon="34.1649420">
    <ele>1936.2</ele>
   </trkpt>
   <trkpt lat="38.1607890" lon="34.1649680">
    <ele>1936.4</ele>
   </trkpt>
   <trkpt lat="38.1607460" lon="34.1650050">
    <ele>1937.0</ele>
   </trkpt>
   <trkpt lat="38.1607390" lon="34.1650090">
    <ele>1937.2</ele>
   </trkpt>
   <trkpt lat="38.1606600" lon="34.1650770">
    <ele>1938.0</ele>
   </trkpt>
   <trkpt lat="38.1606450" lon="34.1650870">
    <ele>1938.2</ele>
   </trkpt>
   <trkpt lat="38.1605770" lon="34.1651180">
    <ele>1938.8</ele>
   </trkpt>
   <trkpt lat="38.1605420" lon="34.1651510">
    <ele>1939.2</ele>
   </trkpt>
   <trkpt lat="38.1605230" lon="34.1651630">
    <ele>1939.4</ele>
   </trkpt>
   <trkpt lat="38.1604890" lon="34.1651870">
    <ele>1939.6</ele>
   </trkpt>
   <trkpt lat="38.1604750" lon="34.1651950">
    <ele>1939.8</ele>
   </trkpt>
   <trkpt lat="38.1604460" lon="34.1652150">
    <ele>1940.0</ele>
   </trkpt>
   <trkpt lat="38.1604430" lon="34.1652200">
    <ele>1940.0</ele>
   </trkpt>
   <trkpt lat="38.1603870" lon="34.1652680">
    <ele>1940.4</ele>
   </trkpt>
   <trkpt lat="38.1603640" lon="34.1652840">
    <ele>1940.6</ele>
   </trkpt>
   <trkpt lat="38.1603230" lon="34.1653160">
    <ele>1941.2</ele>
   </trkpt>
   <trkpt lat="38.1603170" lon="34.1653190">
    <ele>1941.2</ele>
   </trkpt>
   <trkpt lat="38.1603090" lon="34.1653230">
    <ele>1941.4</ele>
   </trkpt>
   <trkpt lat="38.1602550" lon="34.1653700">
    <ele>1942.0</ele>
   </trkpt>
   <trkpt lat="38.1602300" lon="34.1653900">
    <ele>1942.4</ele>
   </trkpt>
   <trkpt lat="38.1602240" lon="34.1653930">
    <ele>1942.4</ele>
   </trkpt>
   <trkpt lat="38.1601740" lon="34.1654270">
    <ele>1943.2</ele>
   </trkpt>
   <trkpt lat="38.1601570" lon="34.1654440">
    <ele>1943.4</ele>
   </trkpt>
   <trkpt lat="38.1601520" lon="34.1654540">
    <ele>1943.8</ele>
   </trkpt>
   <trkpt lat="38.1601470" lon="34.1654400">
    <ele>1944.0</ele>
   </trkpt>
   <trkpt lat="38.1601500" lon="34.1654390">
    <ele>1944.0</ele>
   </trkpt>
   <trkpt lat="38.1601500" lon="34.1654390">
    <ele>1944.0</ele>
   </trkpt>
   <trkpt lat="38.1601530" lon="34.1654460">
    <ele>1944.0</ele>
   </trkpt>
   <trkpt lat="38.1601530" lon="34.1654500">
    <ele>1943.8</ele>
   </trkpt>
   <trkpt lat="38.1601530" lon="34.1654500">
    <ele>1943.8</ele>
   </trkpt>
   <trkpt lat="38.1601530" lon="34.1654500">
    <ele>1943.8</ele>
   </trkpt>
   <trkpt lat="38.1601530" lon="34.1654510">
    <ele>1943.8</ele>
   </trkpt>
   <trkpt lat="38.1601530" lon="34.1654510">
    <ele>1943.8</ele>
   </trkpt>
   <trkpt lat="38.1601550" lon="34.1654610">
    <ele>1943.8</ele>
   </trkpt>
   <trkpt lat="38.1601090" lon="34.1654910">
    <ele>1944.2</ele>
   </trkpt>
   <trkpt lat="38.1600890" lon="34.1655070">
    <ele>1944.6</ele>
   </trkpt>
   <trkpt lat="38.1600430" lon="34.1655400">
    <ele>1945.2</ele>
   </trkpt>
   <trkpt lat="38.1600070" lon="34.1655660">
    <ele>1945.4</ele>
   </trkpt>
   <trkpt lat="38.1599900" lon="34.1655780">
    <ele>1945.6</ele>
   </trkpt>
   <trkpt lat="38.1599800" lon="34.1655840">
    <ele>1945.6</ele>
   </trkpt>
   <trkpt lat="38.1599350" lon="34.1656060">
    <ele>1945.8</ele>
   </trkpt>
   <trkpt lat="38.1598900" lon="34.1656220">
    <ele>1946.4</ele>
   </trkpt>
   <trkpt lat="38.1598460" lon="34.1656400">
    <ele>1946.6</ele>
   </trkpt>
   <trkpt lat="38.1597730" lon="34.1656560">
    <ele>1947.4</ele>
   </trkpt>
   <trkpt lat="38.1597520" lon="34.1656640">
    <ele>1947.6</ele>
   </trkpt>
   <trkpt lat="38.1596570" lon="34.1656870">
    <ele>1948.8</ele>
   </trkpt>
   <trkpt lat="38.1596370" lon="34.1656920">
    <ele>1949.0</ele>
   </trkpt>
   <trkpt lat="38.1595650" lon="34.1657020">
    <ele>1949.8</ele>
   </trkpt>
   <trkpt lat="38.1595470" lon="34.1657040">
    <ele>1949.8</ele>
   </trkpt>
   <trkpt lat="38.1595240" lon="34.1657080">
    <ele>1950.2</ele>
   </trkpt>
   <trkpt lat="38.1594720" lon="34.1657160">
    <ele>1951.0</ele>
   </trkpt>
   <trkpt lat="38.1594240" lon="34.1657150">
    <ele>1951.2</ele>
   </trkpt>
   <trkpt lat="38.1593680" lon="34.1657100">
    <ele>1951.8</ele>
   </trkpt>
   <trkpt lat="38.1593560" lon="34.1657080">
    <ele>1951.8</ele>
   </trkpt>
   <trkpt lat="38.1593450" lon="34.1657060">
    <ele>1952.0</ele>
   </trkpt>
   <trkpt lat="38.1593350" lon="34.1657060">
    <ele>1952.0</ele>
   </trkpt>
   <trkpt lat="38.1592370" lon="34.1657080">
    <ele>1952.6</ele>
   </trkpt>
   <trkpt lat="38.1591550" lon="34.1657550">
    <ele>1952.8</ele>
   </trkpt>
   <trkpt lat="38.1591080" lon="34.1658380">
    <ele>1952.4</ele>
   </trkpt>
   <trkpt lat="38.1591020" lon="34.1658810">
    <ele>1952.2</ele>
   </trkpt>
   <trkpt lat="38.1590960" lon="34.1658940">
    <ele>1952.2</ele>
   </trkpt>
   <trkpt lat="38.1590920" lon="34.1659050">
    <ele>1952.2</ele>
   </trkpt>
   <trkpt lat="38.1590920" lon="34.1659820">
    <ele>1952.0</ele>
   </trkpt>
   <trkpt lat="38.1591170" lon="34.1660940">
    <ele>1951.4</ele>
   </trkpt>
   <trkpt lat="38.1591210" lon="34.1661320">
    <ele>1951.2</ele>
   </trkpt>
   <trkpt lat="38.1591420" lon="34.1662150">
    <ele>1951.2</ele>
   </trkpt>
   <trkpt lat="38.1591480" lon="34.1662640">
    <ele>1951.0</ele>
   </trkpt>
   <trkpt lat="38.1591680" lon="34.1663220">
    <ele>1950.8</ele>
   </trkpt>
   <trkpt lat="38.1591690" lon="34.1663240">
    <ele>1950.8</ele>
   </trkpt>
   <trkpt lat="38.1591700" lon="34.1663250">
    <ele>1950.8</ele>
   </trkpt>
   <trkpt lat="38.1591710" lon="34.1663230">
    <ele>1951.2</ele>
   </trkpt>
   <trkpt lat="38.1591710" lon="34.1663230">
    <ele>1951.4</ele>
   </trkpt>
   <trkpt lat="38.1591730" lon="34.1663200">
    <ele>1951.4</ele>
   </trkpt>
   <trkpt lat="38.1591730" lon="34.1663160">
    <ele>1951.6</ele>
   </trkpt>
   <trkpt lat="38.1591750" lon="34.1663140">
    <ele>1951.6</ele>
   </trkpt>
   <trkpt lat="38.1591800" lon="34.1663140">
    <ele>1951.8</ele>
   </trkpt>
   <trkpt lat="38.1591840" lon="34.1663140">
    <ele>1952.0</ele>
   </trkpt>
   <trkpt lat="38.1591900" lon="34.1663200">
    <ele>1952.0</ele>
   </trkpt>
   <trkpt lat="38.1592040" lon="34.1664010">
    <ele>1951.6</ele>
   </trkpt>
   <trkpt lat="38.1592220" lon="34.1665000">
    <ele>1951.2</ele>
   </trkpt>
   <trkpt lat="38.1592270" lon="34.1665300">
    <ele>1950.8</ele>
   </trkpt>
   <trkpt lat="38.1592410" lon="34.1666130">
    <ele>1950.4</ele>
   </trkpt>
   <trkpt lat="38.1592510" lon="34.1666720">
    <ele>1949.8</ele>
   </trkpt>
   <trkpt lat="38.1592590" lon="34.1667430">
    <ele>1949.2</ele>
   </trkpt>
   <trkpt lat="38.1592700" lon="34.1668160">
    <ele>1948.8</ele>
   </trkpt>
   <trkpt lat="38.1593090" lon="34.1669030">
    <ele>1948.2</ele>
   </trkpt>
   <trkpt lat="38.1593100" lon="34.1669510">
    <ele>1948.0</ele>
   </trkpt>
   <trkpt lat="38.1593140" lon="34.1669780">
    <ele>1947.8</ele>
   </trkpt>
   <trkpt lat="38.1593500" lon="34.1670360">
    <ele>1947.6</ele>
   </trkpt>
   <trkpt lat="38.1593670" lon="34.1670750">
    <ele>1947.2</ele>
   </trkpt>
   <trkpt lat="38.1593740" lon="34.1670960">
    <ele>1947.0</ele>
   </trkpt>
   <trkpt lat="38.1593750" lon="34.1671330">
    <ele>1947.0</ele>
   </trkpt>
   <trkpt lat="38.1593810" lon="34.1671900">
    <ele>1946.2</ele>
   </trkpt>
   <trkpt lat="38.1593820" lon="34.1672010">
    <ele>1946.2</ele>
   </trkpt>
   <trkpt lat="38.1593830" lon="34.1672200">
    <ele>1946.2</ele>
   </trkpt>
   <trkpt lat="38.1593900" lon="34.1672500">
    <ele>1945.8</ele>
   </trkpt>
   <trkpt lat="38.1593910" lon="34.1672610">
    <ele>1945.8</ele>
   </trkpt>
   <trkpt lat="38.1593940" lon="34.1672680">
    <ele>1945.8</ele>
   </trkpt>
   <trkpt lat="38.1593930" lon="34.1672750">
    <ele>1945.8</ele>
   </trkpt>
   <trkpt lat="38.1593880" lon="34.1673080">
    <ele>1945.8</ele>
   </trkpt>
   <trkpt lat="38.1593880" lon="34.1673430">
    <ele>1945.6</ele>
   </trkpt>
   <trkpt lat="38.1593890" lon="34.1673580">
    <ele>1945.4</ele>
   </trkpt>
   <trkpt lat="38.1593860" lon="34.1673780">
    <ele>1945.2</ele>
   </trkpt>
   <trkpt lat="38.1593810" lon="34.1673890">
    <ele>1945.0</ele>
   </trkpt>
   <trkpt lat="38.1593640" lon="34.1675300">
    <ele>1944.2</ele>
   </trkpt>
   <trkpt lat="38.1593600" lon="34.1675410">
    <ele>1944.0</ele>
   </trkpt>
   <trkpt lat="38.1593760" lon="34.1676850">
    <ele>1943.2</ele>
   </trkpt>
   <trkpt lat="38.1593850" lon="34.1677420">
    <ele>1943.0</ele>
   </trkpt>
   <trkpt lat="38.1593920" lon="34.1677640">
    <ele>1943.0</ele>
   </trkpt>
   <trkpt lat="38.1594020" lon="34.1678090">
    <ele>1942.8</ele>
   </trkpt>
   <trkpt lat="38.1594160" lon="34.1678780">
    <ele>1942.8</ele>
   </trkpt>
   <trkpt lat="38.1594240" lon="34.1679080">
    <ele>1942.6</ele>
   </trkpt>
   <trkpt lat="38.1594270" lon="34.1679250">
    <ele>1942.6</ele>
   </trkpt>
   <trkpt lat="38.1594390" lon="34.1680130">
    <ele>1942.6</ele>
   </trkpt>
   <trkpt lat="38.1594630" lon="34.1681300">
    <ele>1942.4</ele>
   </trkpt>
   <trkpt lat="38.1594670" lon="34.1682110">
    <ele>1942.0</ele>
   </trkpt>
   <trkpt lat="38.1594690" lon="34.1682290">
    <ele>1942.0</ele>
   </trkpt>
   <trkpt lat="38.1594700" lon="34.1682660">
    <ele>1941.8</ele>
   </trkpt>
   <trkpt lat="38.1594630" lon="34.1683530">
    <ele>1941.4</ele>
   </trkpt>
   <trkpt lat="38.1594660" lon="34.1683750">
    <ele>1941.2</ele>
   </trkpt>
   <trkpt lat="38.1594720" lon="34.1684190">
    <ele>1941.0</ele>
   </trkpt>
   <trkpt lat="38.1594600" lon="34.1684760">
    <ele>1940.6</ele>
   </trkpt>
   <trkpt lat="38.1594610" lon="34.1685170">
    <ele>1940.2</ele>
   </trkpt>
   <trkpt lat="38.1594620" lon="34.1685280">
    <ele>1940.2</ele>
   </trkpt>
   <trkpt lat="38.1594580" lon="34.1685570">
    <ele>1939.8</ele>
   </trkpt>
   <trkpt lat="38.1594540" lon="34.1685750">
    <ele>1939.8</ele>
   </trkpt>
   <trkpt lat="38.1594550" lon="34.1686020">
    <ele>1939.6</ele>
   </trkpt>
   <trkpt lat="38.1594470" lon="34.1686750">
    <ele>1939.0</ele>
   </trkpt>
   <trkpt lat="38.1594410" lon="34.1687310">
    <ele>1938.8</ele>
   </trkpt>
   <trkpt lat="38.1594380" lon="34.1687520">
    <ele>1938.4</ele>
   </trkpt>
   <trkpt lat="38.1594200" lon="34.1688270">
    <ele>1937.6</ele>
   </trkpt>
   <trkpt lat="38.1594180" lon="34.1688520">
    <ele>1937.4</ele>
   </trkpt>
   <trkpt lat="38.1594130" lon="34.1688960">
    <ele>1937.4</ele>
   </trkpt>
   <trkpt lat="38.1594050" lon="34.1689190">
    <ele>1937.0</ele>
   </trkpt>
   <trkpt lat="38.1593960" lon="34.1689410">
    <ele>1936.6</ele>
   </trkpt>
   <trkpt lat="38.1593800" lon="34.1690080">
    <ele>1935.8</ele>
   </trkpt>
   <trkpt lat="38.1593750" lon="34.1690240">
    <ele>1935.4</ele>
   </trkpt>
   <trkpt lat="38.1593520" lon="34.1691060">
    <ele>1934.6</ele>
   </trkpt>
   <trkpt lat="38.1593490" lon="34.1691250">
    <ele>1934.4</ele>
   </trkpt>
   <trkpt lat="38.1593310" lon="34.1691920">
    <ele>1933.8</ele>
   </trkpt>
   <trkpt lat="38.1593100" lon="34.1692570">
    <ele>1933.4</ele>
   </trkpt>
   <trkpt lat="38.1592940" lon="34.1693250">
    <ele>1933.0</ele>
   </trkpt>
   <trkpt lat="38.1592630" lon="34.1694730">
    <ele>1932.6</ele>
   </trkpt>
   <trkpt lat="38.1592330" lon="34.1695760">
    <ele>1932.8</ele>
   </trkpt>
   <trkpt lat="38.1592320" lon="34.1695850">
    <ele>1932.8</ele>
   </trkpt>
   <trkpt lat="38.1592250" lon="34.1696170">
    <ele>1932.8</ele>
   </trkpt>
   <trkpt lat="38.1592260" lon="34.1696180">
    <ele>1932.8</ele>
   </trkpt>
   <trkpt lat="38.1592270" lon="34.1696170">
    <ele>1932.8</ele>
   </trkpt>
   <trkpt lat="38.1592290" lon="34.1696180">
    <ele>1933.0</ele>
   </trkpt>
   <trkpt lat="38.1592290" lon="34.1696180">
    <ele>1933.2</ele>
   </trkpt>
   <trkpt lat="38.1592280" lon="34.1696240">
    <ele>1933.8</ele>
   </trkpt>
   <trkpt lat="38.1592280" lon="34.1696250">
    <ele>1933.8</ele>
   </trkpt>
   <trkpt lat="38.1592260" lon="34.1696350">
    <ele>1934.0</ele>
   </trkpt>
   <trkpt lat="38.1592240" lon="34.1696370">
    <ele>1934.2</ele>
   </trkpt>
   <trkpt lat="38.1592230" lon="34.1696460">
    <ele>1934.4</ele>
   </trkpt>
   <trkpt lat="38.1592160" lon="34.1696790">
    <ele>1934.6</ele>
   </trkpt>
   <trkpt lat="38.1592150" lon="34.1696860">
    <ele>1934.6</ele>
   </trkpt>
   <trkpt lat="38.1592110" lon="34.1697000">
    <ele>1934.8</ele>
   </trkpt>
   <trkpt lat="38.1591530" lon="34.1697230">
    <ele>1935.2</ele>
   </trkpt>
   <trkpt lat="38.1591110" lon="34.1697170">
    <ele>1935.4</ele>
   </trkpt>
   <trkpt lat="38.1591030" lon="34.1697180">
    <ele>1935.6</ele>
   </trkpt>
   <trkpt lat="38.1590960" lon="34.1697190">
    <ele>1935.8</ele>
   </trkpt>
   <trkpt lat="38.1590960" lon="34.1697190">
    <ele>1935.8</ele>
   </trkpt>
   <trkpt lat="38.1590950" lon="34.1697190">
    <ele>1936.0</ele>
   </trkpt>
   <trkpt lat="38.1590800" lon="34.1697110">
    <ele>1936.4</ele>
   </trkpt>
   <trkpt lat="38.1590800" lon="34.1697110">
    <ele>1936.6</ele>
   </trkpt>
   <trkpt lat="38.1590660" lon="34.1697070">
    <ele>1937.6</ele>
   </trkpt>
   <trkpt lat="38.1590440" lon="34.1697040">
    <ele>1938.6</ele>
   </trkpt>
   <trkpt lat="38.1590260" lon="34.1697030">
    <ele>1939.4</ele>
   </trkpt>
   <trkpt lat="38.1590150" lon="34.1697020">
    <ele>1939.6</ele>
   </trkpt>
   <trkpt lat="38.1590100" lon="34.1697020">
    <ele>1939.6</ele>
   </trkpt>
   <trkpt lat="38.1589960" lon="34.1697020">
    <ele>1939.8</ele>
   </trkpt>
   <trkpt lat="38.1589930" lon="34.1697030">
    <ele>1939.8</ele>
   </trkpt>
   <trkpt lat="38.1589890" lon="34.1697030">
    <ele>1940.8</ele>
   </trkpt>
   <trkpt lat="38.1589840" lon="34.1697030">
    <ele>1941.8</ele>
   </trkpt>
   <trkpt lat="38.1589830" lon="34.1697020">
    <ele>1941.8</ele>
   </trkpt>
   <trkpt lat="38.1589760" lon="34.1696990">
    <ele>1942.2</ele>
   </trkpt>
   <trkpt lat="38.1589680" lon="34.1696940">
    <ele>1942.6</ele>
   </trkpt>
   <trkpt lat="38.1589620" lon="34.1696900">
    <ele>1943.0</ele>
   </trkpt>
   <trkpt lat="38.1589500" lon="34.1696810">
    <ele>1944.0</ele>
   </trkpt>
   <trkpt lat="38.1589380" lon="34.1696760">
    <ele>1944.6</ele>
   </trkpt>
   <trkpt lat="38.1589350" lon="34.1696760">
    <ele>1944.6</ele>
   </trkpt>
   <trkpt lat="38.1589220" lon="34.1696750">
    <ele>1945.0</ele>
   </trkpt>
   <trkpt lat="38.1589030" lon="34.1696730">
    <ele>1946.2</ele>
   </trkpt>
   <trkpt lat="38.1588720" lon="34.1696740">
    <ele>1947.2</ele>
   </trkpt>
   <trkpt lat="38.1588630" lon="34.1696730">
    <ele>1948.0</ele>
   </trkpt>
   <trkpt lat="38.1588600" lon="34.1696730">
    <ele>1948.2</ele>
   </trkpt>
   <trkpt lat="38.1588450" lon="34.1696710">
    <ele>1949.0</ele>
   </trkpt>
   <trkpt lat="38.1588390" lon="34.1696710">
    <ele>1949.4</ele>
   </trkpt>
   <trkpt lat="38.1588170" lon="34.1696690">
    <ele>1950.4</ele>
   </trkpt>
   <trkpt lat="38.1588040" lon="34.1696670">
    <ele>1951.2</ele>
   </trkpt>
   <trkpt lat="38.1588000" lon="34.1696660">
    <ele>1951.4</ele>
   </trkpt>
   <trkpt lat="38.1587740" lon="34.1696650">
    <ele>1952.6</ele>
   </trkpt>
   <trkpt lat="38.1587590" lon="34.1696640">
    <ele>1953.8</ele>
   </trkpt>
   <trkpt lat="38.1587560" lon="34.1696640">
    <ele>1954.2</ele>
   </trkpt>
   <trkpt lat="38.1587530" lon="34.1696640">
    <ele>1954.8</ele>
   </trkpt>
   <trkpt lat="38.1587490" lon="34.1696640">
    <ele>1955.8</ele>
   </trkpt>
   <trkpt lat="38.1587470" lon="34.1696640">
    <ele>1956.8</ele>
   </trkpt>
   <trkpt lat="38.1587440" lon="34.1696640">
    <ele>1958.0</ele>
   </trkpt>
   <trkpt lat="38.1587420" lon="34.1696630">
    <ele>1958.4</ele>
   </trkpt>
   <trkpt lat="38.1587400" lon="34.1696630">
    <ele>1958.8</ele>
   </trkpt>
   <trkpt lat="38.1587400" lon="34.1696630">
    <ele>1959.2</ele>
   </trkpt>
   <trkpt lat="38.1587360" lon="34.1696620">
    <ele>1960.2</ele>
   </trkpt>
   <trkpt lat="38.1587340" lon="34.1696620">
    <ele>1961.2</ele>
   </trkpt>
   <trkpt lat="38.1587310" lon="34.1696610">
    <ele>1961.8</ele>
   </trkpt>
   <trkpt lat="38.1587270" lon="34.1696600">
    <ele>1962.2</ele>
   </trkpt>
   <trkpt lat="38.1587240" lon="34.1696600">
    <ele>1962.8</ele>
   </trkpt>
   <trkpt lat="38.1587180" lon="34.1696590">
    <ele>1963.4</ele>
   </trkpt>
   <trkpt lat="38.1587120" lon="34.1696580">
    <ele>1963.4</ele>
   </trkpt>
   <trkpt lat="38.1587100" lon="34.1696570">
    <ele>1963.8</ele>
   </trkpt>
   <trkpt lat="38.1585270" lon="34.1696150">
    <ele>1964.6</ele>
   </trkpt>
   <trkpt lat="38.1584740" lon="34.1696060">
    <ele>1964.6</ele>
   </trkpt>
   <trkpt lat="38.1582850" lon="34.1695730">
    <ele>1965.0</ele>
   </trkpt>
   <trkpt lat="38.1582180" lon="34.1695550">
    <ele>1965.2</ele>
   </trkpt>
   <trkpt lat="38.1581740" lon="34.1695630">
    <ele>1965.6</ele>
   </trkpt>
   <trkpt lat="38.1581460" lon="34.1695670">
    <ele>1965.6</ele>
   </trkpt>
   <trkpt lat="38.1581370" lon="34.1695690">
    <ele>1965.6</ele>
   </trkpt>
   <trkpt lat="38.1581230" lon="34.1695790">
    <ele>1965.4</ele>
   </trkpt>
   <trkpt lat="38.1581130" lon="34.1695870">
    <ele>1965.4</ele>
   </trkpt>
   <trkpt lat="38.1580820" lon="34.1695950">
    <ele>1965.8</ele>
   </trkpt>
   <trkpt lat="38.1580810" lon="34.1695950">
    <ele>1965.8</ele>
   </trkpt>
   <trkpt lat="38.1580800" lon="34.1695960">
    <ele>1966.2</ele>
   </trkpt>
   <trkpt lat="38.1580780" lon="34.1695960">
    <ele>1966.4</ele>
   </trkpt>
   <trkpt lat="38.1580700" lon="34.1695960">
    <ele>1966.2</ele>
   </trkpt>
   <trkpt lat="38.1580540" lon="34.1695960">
    <ele>1966.4</ele>
   </trkpt>
   <trkpt lat="38.1580460" lon="34.1695960">
    <ele>1966.6</ele>
   </trkpt>
   <trkpt lat="38.1580460" lon="34.1695970">
    <ele>1966.6</ele>
   </trkpt>
   <trkpt lat="38.1580410" lon="34.1696010">
    <ele>1967.0</ele>
   </trkpt>
   <trkpt lat="38.1580330" lon="34.1696050">
    <ele>1967.0</ele>
   </trkpt>
   <trkpt lat="38.1580160" lon="34.1696110">
    <ele>1967.2</ele>
   </trkpt>
   <trkpt lat="38.1580110" lon="34.1696170">
    <ele>1967.4</ele>
   </trkpt>
   <trkpt lat="38.1580100" lon="34.1696180">
    <ele>1967.4</ele>
   </trkpt>
   <trkpt lat="38.1580090" lon="34.1696190">
    <ele>1967.6</ele>
   </trkpt>
   <trkpt lat="38.1579750" lon="34.1696370">
    <ele>1968.6</ele>
   </trkpt>
   <trkpt lat="38.1579680" lon="34.1696400">
    <ele>1969.0</ele>
   </trkpt>
   <trkpt lat="38.1579490" lon="34.1696530">
    <ele>1969.8</ele>
   </trkpt>
   <trkpt lat="38.1579360" lon="34.1696570">
    <ele>1970.4</ele>
   </trkpt>
   <trkpt lat="38.1579260" lon="34.1696680">
    <ele>1970.8</ele>
   </trkpt>
   <trkpt lat="38.1579200" lon="34.1696740">
    <ele>1971.0</ele>
   </trkpt>
   <trkpt lat="38.1579080" lon="34.1696830">
    <ele>1971.8</ele>
   </trkpt>
   <trkpt lat="38.1579010" lon="34.1696880">
    <ele>1972.4</ele>
   </trkpt>
   <trkpt lat="38.1578960" lon="34.1696900">
    <ele>1972.6</ele>
   </trkpt>
   <trkpt lat="38.1578850" lon="34.1696960">
    <ele>1972.8</ele>
   </trkpt>
   <trkpt lat="38.1578810" lon="34.1696970">
    <ele>1973.0</ele>
   </trkpt>
   <trkpt lat="38.1578570" lon="34.1697090">
    <ele>1974.0</ele>
   </trkpt>
   <trkpt lat="38.1578390" lon="34.1697180">
    <ele>1975.0</ele>
   </trkpt>
   <trkpt lat="38.1578130" lon="34.1697310">
    <ele>1976.0</ele>
   </trkpt>
   <trkpt lat="38.1577920" lon="34.1697380">
    <ele>1976.6</ele>
   </trkpt>
   <trkpt lat="38.1577810" lon="34.1697420">
    <ele>1977.2</ele>
   </trkpt>
   <trkpt lat="38.1577610" lon="34.1697490">
    <ele>1978.2</ele>
   </trkpt>
   <trkpt lat="38.1577540" lon="34.1697530">
    <ele>1978.8</ele>
   </trkpt>
   <trkpt lat="38.1577360" lon="34.1697650">
    <ele>1979.2</ele>
   </trkpt>
   <trkpt lat="38.1577180" lon="34.1697730">
    <ele>1980.2</ele>
   </trkpt>
   <trkpt lat="38.1577120" lon="34.1697740">
    <ele>1981.2</ele>
   </trkpt>
   <trkpt lat="38.1577120" lon="34.1697740">
    <ele>1981.4</ele>
   </trkpt>
   <trkpt lat="38.1577090" lon="34.1697740">
    <ele>1982.6</ele>
   </trkpt>
   <trkpt lat="38.1577020" lon="34.1697750">
    <ele>1983.4</ele>
   </trkpt>
   <trkpt lat="38.1577010" lon="34.1697750">
    <ele>1983.6</ele>
   </trkpt>
   <trkpt lat="38.1576980" lon="34.1697760">
    <ele>1984.0</ele>
   </trkpt>
   <trkpt lat="38.1576970" lon="34.1697760">
    <ele>1984.2</ele>
   </trkpt>
   <trkpt lat="38.1576960" lon="34.1697760">
    <ele>1984.4</ele>
   </trkpt>
   <trkpt lat="38.1576930" lon="34.1697760">
    <ele>1984.6</ele>
   </trkpt>
   <trkpt lat="38.1576860" lon="34.1697770">
    <ele>1985.8</ele>
   </trkpt>
   <trkpt lat="38.1576840" lon="34.1697770">
    <ele>1986.0</ele>
   </trkpt>
   <trkpt lat="38.1576790" lon="34.1697770">
    <ele>1986.8</ele>
   </trkpt>
   <trkpt lat="38.1576760" lon="34.1697780">
    <ele>1987.4</ele>
   </trkpt>
   <trkpt lat="38.1576720" lon="34.1697780">
    <ele>1987.6</ele>
   </trkpt>
   <trkpt lat="38.1576700" lon="34.1697780">
    <ele>1987.8</ele>
   </trkpt>
   <trkpt lat="38.1576610" lon="34.1697780">
    <ele>1988.8</ele>
   </trkpt>
   <trkpt lat="38.1576560" lon="34.1697780">
    <ele>1989.6</ele>
   </trkpt>
   <trkpt lat="38.1576520" lon="34.1697780">
    <ele>1989.8</ele>
   </trkpt>
   <trkpt lat="38.1576430" lon="34.1697780">
    <ele>1991.0</ele>
   </trkpt>
   <trkpt lat="38.1576300" lon="34.1697770">
    <ele>1991.2</ele>
   </trkpt>
   <trkpt lat="38.1576170" lon="34.1697760">
    <ele>1990.6</ele>
   </trkpt>
   <trkpt lat="38.1576140" lon="34.1697760">
    <ele>1990.6</ele>
   </trkpt>
   <trkpt lat="38.1576130" lon="34.1697760">
    <ele>1990.6</ele>
   </trkpt>
   <trkpt lat="38.1576090" lon="34.1697750">
    <ele>1990.4</ele>
   </trkpt>
   <trkpt lat="38.1575880" lon="34.1697730">
    <ele>1991.2</ele>
   </trkpt>
   <trkpt lat="38.1575850" lon="34.1697730">
    <ele>1991.0</ele>
   </trkpt>
   <trkpt lat="38.1575800" lon="34.1697720">
    <ele>1990.2</ele>
   </trkpt>
   <trkpt lat="38.1575780" lon="34.1697720">
    <ele>1990.0</ele>
   </trkpt>
   <trkpt lat="38.1575770" lon="34.1697720">
    <ele>1990.0</ele>
   </trkpt>
   <trkpt lat="38.1575760" lon="34.1697720">
    <ele>1989.8</ele>
   </trkpt>
   <trkpt lat="38.1575760" lon="34.1697720">
    <ele>1989.8</ele>
   </trkpt>
   <trkpt lat="38.1575720" lon="34.1697710">
    <ele>1988.8</ele>
   </trkpt>
   <trkpt lat="38.1575630" lon="34.1697710">
    <ele>1989.4</ele>
   </trkpt>
   <trkpt lat="38.1575620" lon="34.1697700">
    <ele>1989.6</ele>
   </trkpt>
   <trkpt lat="38.1575610" lon="34.1697700">
    <ele>1989.6</ele>
   </trkpt>
   <trkpt lat="38.1575600" lon="34.1697700">
    <ele>1989.8</ele>
   </trkpt>
   <trkpt lat="38.1575560" lon="34.1697700">
    <ele>1991.2</ele>
   </trkpt>
   <trkpt lat="38.1575530" lon="34.1697690">
    <ele>1990.0</ele>
   </trkpt>
   <trkpt lat="38.1575490" lon="34.1697690">
    <ele>1988.2</ele>
   </trkpt>
   <trkpt lat="38.1575470" lon="34.1697680">
    <ele>1989.4</ele>
   </trkpt>
   <trkpt lat="38.1575400" lon="34.1697680">
    <ele>1989.0</ele>
   </trkpt>
   <trkpt lat="38.1575380" lon="34.1697680">
    <ele>1989.4</ele>
   </trkpt>
   <trkpt lat="38.1575230" lon="34.1697670">
    <ele>1988.8</ele>
   </trkpt>
   <trkpt lat="38.1575190" lon="34.1697660">
    <ele>1988.8</ele>
   </trkpt>
   <trkpt lat="38.1575150" lon="34.1697650">
    <ele>1989.6</ele>
   </trkpt>
   <trkpt lat="38.1575120" lon="34.1697650">
    <ele>1990.2</ele>
   </trkpt>
   <trkpt lat="38.1575120" lon="34.1697650">
    <ele>1990.4</ele>
   </trkpt>
   <trkpt lat="38.1575040" lon="34.1697630">
    <ele>1991.0</ele>
   </trkpt>
   <trkpt lat="38.1574990" lon="34.1697620">
    <ele>1991.6</ele>
   </trkpt>
   <trkpt lat="38.1574940" lon="34.1697610">
    <ele>1992.4</ele>
   </trkpt>
   <trkpt lat="38.1574930" lon="34.1697610">
    <ele>1992.4</ele>
   </trkpt>
   <trkpt lat="38.1574910" lon="34.1697610">
    <ele>1992.2</ele>
   </trkpt>
   <trkpt lat="38.1574900" lon="34.1697600">
    <ele>1992.2</ele>
   </trkpt>
   <trkpt lat="38.1574860" lon="34.1697600">
    <ele>1992.8</ele>
   </trkpt>
   <trkpt lat="38.1574780" lon="34.1697580">
    <ele>1994.0</ele>
   </trkpt>
   <trkpt lat="38.1574610" lon="34.1697560">
    <ele>1995.0</ele>
   </trkpt>
   <trkpt lat="38.1574530" lon="34.1697540">
    <ele>1996.2</ele>
   </trkpt>
   <trkpt lat="38.1574410" lon="34.1697520">
    <ele>1996.8</ele>
   </trkpt>
   <trkpt lat="38.1574380" lon="34.1697520">
    <ele>1997.0</ele>
   </trkpt>
   <trkpt lat="38.1574350" lon="34.1697520">
    <ele>1997.0</ele>
   </trkpt>
   <trkpt lat="38.1574320" lon="34.1697510">
    <ele>1997.4</ele>
   </trkpt>
   <trkpt lat="38.1574280" lon="34.1697500">
    <ele>1997.8</ele>
   </trkpt>
   <trkpt lat="38.1574250" lon="34.1697500">
    <ele>1998.0</ele>
   </trkpt>
   <trkpt lat="38.1574200" lon="34.1697490">
    <ele>1997.8</ele>
   </trkpt>
   <trkpt lat="38.1574140" lon="34.1697480">
    <ele>1998.6</ele>
   </trkpt>
   <trkpt lat="38.1574080" lon="34.1697470">
    <ele>1999.2</ele>
   </trkpt>
   <trkpt lat="38.1574030" lon="34.1697460">
    <ele>1999.8</ele>
   </trkpt>
   <trkpt lat="38.1573980" lon="34.1697460">
    <ele>1999.8</ele>
   </trkpt>
   <trkpt lat="38.1573850" lon="34.1697440">
    <ele>2001.0</ele>
   </trkpt>
   <trkpt lat="38.1573640" lon="34.1697410">
    <ele>2002.0</ele>
   </trkpt>
   <trkpt lat="38.1573520" lon="34.1697390">
    <ele>2002.6</ele>
   </trkpt>
   <trkpt lat="38.1573450" lon="34.1697380">
    <ele>2003.0</ele>
   </trkpt>
   <trkpt lat="38.1573340" lon="34.1697360">
    <ele>2003.2</ele>
   </trkpt>
   <trkpt lat="38.1573300" lon="34.1697350">
    <ele>2004.0</ele>
   </trkpt>
   <trkpt lat="38.1573270" lon="34.1697350">
    <ele>2004.2</ele>
   </trkpt>
   <trkpt lat="38.1573240" lon="34.1697340">
    <ele>2004.2</ele>
   </trkpt>
   <trkpt lat="38.1573140" lon="34.1697330">
    <ele>2005.0</ele>
   </trkpt>
   <trkpt lat="38.1573130" lon="34.1697330">
    <ele>2005.2</ele>
   </trkpt>
   <trkpt lat="38.1573080" lon="34.1697320">
    <ele>2005.4</ele>
   </trkpt>
   <trkpt lat="38.1573030" lon="34.1697310">
    <ele>2006.0</ele>
   </trkpt>
   <trkpt lat="38.1572920" lon="34.1697290">
    <ele>2006.2</ele>
   </trkpt>
   <trkpt lat="38.1572820" lon="34.1697270">
    <ele>2007.2</ele>
   </trkpt>
   <trkpt lat="38.1572690" lon="34.1697250">
    <ele>2007.6</ele>
   </trkpt>
   <trkpt lat="38.1572610" lon="34.1697240">
    <ele>2008.2</ele>
   </trkpt>
   <trkpt lat="38.1572600" lon="34.1697230">
    <ele>2008.4</ele>
   </trkpt>
   <trkpt lat="38.1572350" lon="34.1697190">
    <ele>2009.0</ele>
   </trkpt>
   <trkpt lat="38.1572310" lon="34.1697180">
    <ele>2009.4</ele>
   </trkpt>
   <trkpt lat="38.1572160" lon="34.1697160">
    <ele>2010.6</ele>
   </trkpt>
   <trkpt lat="38.1572070" lon="34.1697140">
    <ele>2010.0</ele>
   </trkpt>
   <trkpt lat="38.1571990" lon="34.1697130">
    <ele>2010.2</ele>
   </trkpt>
   <trkpt lat="38.1571980" lon="34.1697130">
    <ele>2010.2</ele>
   </trkpt>
   <trkpt lat="38.1571710" lon="34.1697080">
    <ele>2011.2</ele>
   </trkpt>
   <trkpt lat="38.1571620" lon="34.1697060">
    <ele>2011.6</ele>
   </trkpt>
   <trkpt lat="38.1571570" lon="34.1697050">
    <ele>2011.8</ele>
   </trkpt>
   <trkpt lat="38.1571300" lon="34.1697010">
    <ele>2012.6</ele>
   </trkpt>
   <trkpt lat="38.1571230" lon="34.1697000">
    <ele>2012.8</ele>
   </trkpt>
   <trkpt lat="38.1571200" lon="34.1696990">
    <ele>2013.0</ele>
   </trkpt>
   <trkpt lat="38.1571140" lon="34.1696980">
    <ele>2012.8</ele>
   </trkpt>
   <trkpt lat="38.1570980" lon="34.1696960">
    <ele>2013.4</ele>
   </trkpt>
   <trkpt lat="38.1570750" lon="34.1696920">
    <ele>2013.8</ele>
   </trkpt>
   <trkpt lat="38.1570570" lon="34.1696890">
    <ele>2014.0</ele>
   </trkpt>
   <trkpt lat="38.1570390" lon="34.1696870">
    <ele>2014.8</ele>
   </trkpt>
   <trkpt lat="38.1569970" lon="34.1696810">
    <ele>2015.2</ele>
   </trkpt>
   <trkpt lat="38.1569920" lon="34.1696800">
    <ele>2015.8</ele>
   </trkpt>
   <trkpt lat="38.1569870" lon="34.1696790">
    <ele>2015.8</ele>
   </trkpt>
   <trkpt lat="38.1569690" lon="34.1696770">
    <ele>2016.0</ele>
   </trkpt>
   <trkpt lat="38.1569630" lon="34.1696760">
    <ele>2016.8</ele>
   </trkpt>
   <trkpt lat="38.1569510" lon="34.1696750">
    <ele>2016.8</ele>
   </trkpt>
   <trkpt lat="38.1569320" lon="34.1696720">
    <ele>2016.8</ele>
   </trkpt>
   <trkpt lat="38.1569170" lon="34.1696700">
    <ele>2017.6</ele>
   </trkpt>
   <trkpt lat="38.1569060" lon="34.1696690">
    <ele>2017.8</ele>
   </trkpt>
   <trkpt lat="38.1569000" lon="34.1696680">
    <ele>2018.0</ele>
   </trkpt>
   <trkpt lat="38.1568930" lon="34.1696670">
    <ele>2018.0</ele>
   </trkpt>
   <trkpt lat="38.1568680" lon="34.1696640">
    <ele>2019.0</ele>
   </trkpt>
   <trkpt lat="38.1568520" lon="34.1696620">
    <ele>2020.0</ele>
   </trkpt>
   <trkpt lat="38.1568350" lon="34.1696600">
    <ele>2020.6</ele>
   </trkpt>
   <trkpt lat="38.1568120" lon="34.1696560">
    <ele>2021.0</ele>
   </trkpt>
   <trkpt lat="38.1567890" lon="34.1696530">
    <ele>2021.8</ele>
   </trkpt>
   <trkpt lat="38.1567820" lon="34.1696520">
    <ele>2022.2</ele>
   </trkpt>
   <trkpt lat="38.1567730" lon="34.1696510">
    <ele>2022.0</ele>
   </trkpt>
   <trkpt lat="38.1567670" lon="34.1696500">
    <ele>2022.4</ele>
   </trkpt>
   <trkpt lat="38.1567600" lon="34.1696500">
    <ele>2022.6</ele>
   </trkpt>
   <trkpt lat="38.1567430" lon="34.1696470">
    <ele>2023.4</ele>
   </trkpt>
   <trkpt lat="38.1567210" lon="34.1696450">
    <ele>2024.6</ele>
   </trkpt>
   <trkpt lat="38.1567030" lon="34.1696420">
    <ele>2025.0</ele>
   </trkpt>
   <trkpt lat="38.1566710" lon="34.1696380">
    <ele>2024.6</ele>
   </trkpt>
   <trkpt lat="38.1566620" lon="34.1696370">
    <ele>2025.6</ele>
   </trkpt>
   <trkpt lat="38.1566560" lon="34.1696360">
    <ele>2026.0</ele>
   </trkpt>
   <trkpt lat="38.1566520" lon="34.1696360">
    <ele>2026.4</ele>
   </trkpt>
   <trkpt lat="38.1566510" lon="34.1696360">
    <ele>2026.6</ele>
   </trkpt>
   <trkpt lat="38.1566330" lon="34.1696340">
    <ele>2027.6</ele>
   </trkpt>
   <trkpt lat="38.1566250" lon="34.1696330">
    <ele>2027.6</ele>
   </trkpt>
   <trkpt lat="38.1566180" lon="34.1696320">
    <ele>2028.0</ele>
   </trkpt>
   <trkpt lat="38.1566080" lon="34.1696310">
    <ele>2028.6</ele>
   </trkpt>
   <trkpt lat="38.1565910" lon="34.1696290">
    <ele>2029.0</ele>
   </trkpt>
   <trkpt lat="38.1565460" lon="34.1696250">
    <ele>2029.4</ele>
   </trkpt>
   <trkpt lat="38.1565400" lon="34.1696240">
    <ele>2029.8</ele>
   </trkpt>
   <trkpt lat="38.1565350" lon="34.1696240">
    <ele>2030.2</ele>
   </trkpt>
   <trkpt lat="38.1565300" lon="34.1696230">
    <ele>2029.8</ele>
   </trkpt>
   <trkpt lat="38.1564940" lon="34.1696210">
    <ele>2030.8</ele>
   </trkpt>
   <trkpt lat="38.1564760" lon="34.1696190">
    <ele>2030.8</ele>
   </trkpt>
   <trkpt lat="38.1564700" lon="34.1696190">
    <ele>2031.2</ele>
   </trkpt>
   <trkpt lat="38.1564630" lon="34.1696180">
    <ele>2031.0</ele>
   </trkpt>
   <trkpt lat="38.1564190" lon="34.1696150">
    <ele>2031.8</ele>
   </trkpt>
   <trkpt lat="38.1564020" lon="34.1696130">
    <ele>2032.8</ele>
   </trkpt>
   <trkpt lat="38.1563840" lon="34.1696120">
    <ele>2032.8</ele>
   </trkpt>
   <trkpt lat="38.1563780" lon="34.1696110">
    <ele>2033.0</ele>
   </trkpt>
   <trkpt lat="38.1563430" lon="34.1696080">
    <ele>2034.0</ele>
   </trkpt>
   <trkpt lat="38.1563150" lon="34.1696060">
    <ele>2035.0</ele>
   </trkpt>
   <trkpt lat="38.1562950" lon="34.1696040">
    <ele>2035.2</ele>
   </trkpt>
   <trkpt lat="38.1562650" lon="34.1696020">
    <ele>2036.0</ele>
   </trkpt>
   <trkpt lat="38.1562550" lon="34.1696010">
    <ele>2036.4</ele>
   </trkpt>
   <trkpt lat="38.1562450" lon="34.1696000">
    <ele>2037.0</ele>
   </trkpt>
   <trkpt lat="38.1562400" lon="34.1696000">
    <ele>2037.2</ele>
   </trkpt>
   <trkpt lat="38.1562060" lon="34.1695970">
    <ele>2038.0</ele>
   </trkpt>
   <trkpt lat="38.1562010" lon="34.1695960">
    <ele>2038.2</ele>
   </trkpt>
   <trkpt lat="38.1561930" lon="34.1695950">
    <ele>2038.8</ele>
   </trkpt>
   <trkpt lat="38.1561730" lon="34.1695940">
    <ele>2039.4</ele>
   </trkpt>
   <trkpt lat="38.1561540" lon="34.1695920">
    <ele>2039.4</ele>
   </trkpt>
   <trkpt lat="38.1561470" lon="34.1695920">
    <ele>2039.2</ele>
   </trkpt>
   <trkpt lat="38.1561260" lon="34.1695900">
    <ele>2040.4</ele>
   </trkpt>
   <trkpt lat="38.1561080" lon="34.1695880">
    <ele>2041.6</ele>
   </trkpt>
   <trkpt lat="38.1560990" lon="34.1695880">
    <ele>2041.6</ele>
   </trkpt>
   <trkpt lat="38.1560960" lon="34.1695880">
    <ele>2041.6</ele>
   </trkpt>
   <trkpt lat="38.1560830" lon="34.1695870">
    <ele>2042.0</ele>
   </trkpt>
   <trkpt lat="38.1560610" lon="34.1695850">
    <ele>2042.4</ele>
   </trkpt>
   <trkpt lat="38.1560580" lon="34.1695850">
    <ele>2042.6</ele>
   </trkpt>
   <trkpt lat="38.1560350" lon="34.1695840">
    <ele>2043.6</ele>
   </trkpt>
   <trkpt lat="38.1560170" lon="34.1695820">
    <ele>2043.8</ele>
   </trkpt>
   <trkpt lat="38.1560030" lon="34.1695810">
    <ele>2044.4</ele>
   </trkpt>
   <trkpt lat="38.1559930" lon="34.1695810">
    <ele>2044.8</ele>
   </trkpt>
   <trkpt lat="38.1559520" lon="34.1695780">
    <ele>2046.0</ele>
   </trkpt>
   <trkpt lat="38.1559380" lon="34.1695770">
    <ele>2047.0</ele>
   </trkpt>
   <trkpt lat="38.1559220" lon="34.1695760">
    <ele>2048.0</ele>
   </trkpt>
   <trkpt lat="38.1558710" lon="34.1695720">
    <ele>2047.0</ele>
   </trkpt>
   <trkpt lat="38.1558660" lon="34.1695720">
    <ele>2047.0</ele>
   </trkpt>
   <trkpt lat="38.1558640" lon="34.1695720">
    <ele>2047.0</ele>
   </trkpt>
   <trkpt lat="38.1558620" lon="34.1695710">
    <ele>2047.0</ele>
   </trkpt>
   <trkpt lat="38.1558590" lon="34.1695710">
    <ele>2047.0</ele>
   </trkpt>
   <trkpt lat="38.1558530" lon="34.1695710">
    <ele>2046.6</ele>
   </trkpt>
   <trkpt lat="38.1558320" lon="34.1695690">
    <ele>2046.4</ele>
   </trkpt>
   <trkpt lat="38.1558170" lon="34.1695680">
    <ele>2046.0</ele>
   </trkpt>
   <trkpt lat="38.1558160" lon="34.1695680">
    <ele>2046.0</ele>
   </trkpt>
   <trkpt lat="38.1558160" lon="34.1695680">
    <ele>2046.0</ele>
   </trkpt>
   <trkpt lat="38.1558140" lon="34.1695680">
    <ele>2046.0</ele>
   </trkpt>
   <trkpt lat="38.1558110" lon="34.1695670">
    <ele>2046.0</ele>
   </trkpt>
   <trkpt lat="38.1557980" lon="34.1695670">
    <ele>2045.8</ele>
   </trkpt>
   <trkpt lat="38.1557970" lon="34.1695660">
    <ele>2045.6</ele>
   </trkpt>
   <trkpt lat="38.1557950" lon="34.1695660">
    <ele>2045.6</ele>
   </trkpt>
   <trkpt lat="38.1557870" lon="34.1695660">
    <ele>2045.4</ele>
   </trkpt>
   <trkpt lat="38.1557820" lon="34.1695650">
    <ele>2045.4</ele>
   </trkpt>
   <trkpt lat="38.1557780" lon="34.1695650">
    <ele>2045.0</ele>
   </trkpt>
   <trkpt lat="38.1557760" lon="34.1695650">
    <ele>2045.0</ele>
   </trkpt>
   <trkpt lat="38.1557740" lon="34.1695650">
    <ele>2044.8</ele>
   </trkpt>
   <trkpt lat="38.1557530" lon="34.1695630">
    <ele>2043.8</ele>
   </trkpt>
   <trkpt lat="38.1557100" lon="34.1695600">
    <ele>2043.2</ele>
   </trkpt>
   <trkpt lat="38.1557080" lon="34.1695600">
    <ele>2042.8</ele>
   </trkpt>
   <trkpt lat="38.1556770" lon="34.1695570">
    <ele>2042.2</ele>
   </trkpt>
   <trkpt lat="38.1556610" lon="34.1695560">
    <ele>2041.8</ele>
   </trkpt>
   <trkpt lat="38.1556590" lon="34.1695550">
    <ele>2042.0</ele>
   </trkpt>
   <trkpt lat="38.1556490" lon="34.1695550">
    <ele>2042.0</ele>
   </trkpt>
   <trkpt lat="38.1556470" lon="34.1695550">
    <ele>2042.0</ele>
   </trkpt>
   <trkpt lat="38.1556460" lon="34.1695540">
    <ele>2041.8</ele>
   </trkpt>
   <trkpt lat="38.1556440" lon="34.1695540">
    <ele>2042.0</ele>
   </trkpt>
   <trkpt lat="38.1556330" lon="34.1695530">
    <ele>2041.8</ele>
   </trkpt>
   <trkpt lat="38.1556190" lon="34.1695520">
    <ele>2041.8</ele>
   </trkpt>
   <trkpt lat="38.1556090" lon="34.1695520">
    <ele>2042.2</ele>
   </trkpt>
   <trkpt lat="38.1556020" lon="34.1695510">
    <ele>2042.8</ele>
   </trkpt>
   <trkpt lat="38.1555940" lon="34.1695510">
    <ele>2043.6</ele>
   </trkpt>
   <trkpt lat="38.1555890" lon="34.1695500">
    <ele>2043.8</ele>
   </trkpt>
   <trkpt lat="38.1555850" lon="34.1695500">
    <ele>2044.0</ele>
   </trkpt>
   <trkpt lat="38.1555830" lon="34.1695500">
    <ele>2044.0</ele>
   </trkpt>
   <trkpt lat="38.1555830" lon="34.1695500">
    <ele>2044.0</ele>
   </trkpt>
   <trkpt lat="38.1555800" lon="34.1695500">
    <ele>2044.0</ele>
   </trkpt>
   <trkpt lat="38.1555690" lon="34.1695490">
    <ele>2045.0</ele>
   </trkpt>
   <trkpt lat="38.1555430" lon="34.1695480">
    <ele>2046.0</ele>
   </trkpt>
   <trkpt lat="38.1555360" lon="34.1695470">
    <ele>2046.4</ele>
   </trkpt>
   <trkpt lat="38.1555270" lon="34.1695470">
    <ele>2047.2</ele>
   </trkpt>
   <trkpt lat="38.1555100" lon="34.1695460">
    <ele>2048.2</ele>
   </trkpt>
   <trkpt lat="38.1554980" lon="34.1695450">
    <ele>2048.8</ele>
   </trkpt>
   <trkpt lat="38.1554920" lon="34.1695450">
    <ele>2049.2</ele>
   </trkpt>
   <trkpt lat="38.1554830" lon="34.1695450">
    <ele>2049.2</ele>
   </trkpt>
   <trkpt lat="38.1554800" lon="34.1695450">
    <ele>2049.4</ele>
   </trkpt>
   <trkpt lat="38.1554780" lon="34.1695450">
    <ele>2049.4</ele>
   </trkpt>
   <trkpt lat="38.1554710" lon="34.1695440">
    <ele>2050.2</ele>
   </trkpt>
   <trkpt lat="38.1554690" lon="34.1695440">
    <ele>2050.6</ele>
   </trkpt>
   <trkpt lat="38.1554680" lon="34.1695440">
    <ele>2050.6</ele>
   </trkpt>
   <trkpt lat="38.1554540" lon="34.1695440">
    <ele>2051.6</ele>
   </trkpt>
   <trkpt lat="38.1554300" lon="34.1695430">
    <ele>2052.2</ele>
   </trkpt>
   <trkpt lat="38.1554170" lon="34.1695420">
    <ele>2052.8</ele>
   </trkpt>
   <trkpt lat="38.1554120" lon="34.1695420">
    <ele>2053.0</ele>
   </trkpt>
   <trkpt lat="38.1553930" lon="34.1695420">
    <ele>2053.8</ele>
   </trkpt>
   <trkpt lat="38.1553920" lon="34.1695420">
    <ele>2053.8</ele>
   </trkpt>
   <trkpt lat="38.1553710" lon="34.1695410">
    <ele>2054.8</ele>
   </trkpt>
   <trkpt lat="38.1553520" lon="34.1695410">
    <ele>2055.6</ele>
   </trkpt>
   <trkpt lat="38.1553430" lon="34.1695410">
    <ele>2055.8</ele>
   </trkpt>
   <trkpt lat="38.1553260" lon="34.1695410">
    <ele>2056.8</ele>
   </trkpt>
   <trkpt lat="38.1553020" lon="34.1695400">
    <ele>2057.8</ele>
   </trkpt>
   <trkpt lat="38.1552890" lon="34.1695400">
    <ele>2059.0</ele>
   </trkpt>
   <trkpt lat="38.1552780" lon="34.1695400">
    <ele>2059.4</ele>
   </trkpt>
   <trkpt lat="38.1552700" lon="34.1695400">
    <ele>2060.0</ele>
   </trkpt>
   <trkpt lat="38.1552380" lon="34.1695380">
    <ele>2060.8</ele>
   </trkpt>
   <trkpt lat="38.1552280" lon="34.1695380">
    <ele>2060.8</ele>
   </trkpt>
   <trkpt lat="38.1552190" lon="34.1695370">
    <ele>2061.0</ele>
   </trkpt>
   <trkpt lat="38.1552130" lon="34.1695370">
    <ele>2061.0</ele>
   </trkpt>
   <trkpt lat="38.1551990" lon="34.1695360">
    <ele>2061.0</ele>
   </trkpt>
   <trkpt lat="38.1551960" lon="34.1695360">
    <ele>2061.2</ele>
   </trkpt>
   <trkpt lat="38.1551890" lon="34.1695360">
    <ele>2061.4</ele>
   </trkpt>
   <trkpt lat="38.1551800" lon="34.1695350">
    <ele>2062.0</ele>
   </trkpt>
   <trkpt lat="38.1551790" lon="34.1695350">
    <ele>2062.2</ele>
   </trkpt>
   <trkpt lat="38.1551710" lon="34.1695350">
    <ele>2062.6</ele>
   </trkpt>
   <trkpt lat="38.1551510" lon="34.1695330">
    <ele>2063.2</ele>
   </trkpt>
   <trkpt lat="38.1551410" lon="34.1695320">
    <ele>2063.2</ele>
   </trkpt>
   <trkpt lat="38.1551250" lon="34.1695310">
    <ele>2063.0</ele>
   </trkpt>
   <trkpt lat="38.1551000" lon="34.1695290">
    <ele>2063.4</ele>
   </trkpt>
   <trkpt lat="38.1550990" lon="34.1695280">
    <ele>2063.4</ele>
   </trkpt>
   <trkpt lat="38.1550960" lon="34.1695280">
    <ele>2063.6</ele>
   </trkpt>
   <trkpt lat="38.1550910" lon="34.1695280">
    <ele>2064.4</ele>
   </trkpt>
   <trkpt lat="38.1550670" lon="34.1695260">
    <ele>2063.8</ele>
   </trkpt>
   <trkpt lat="38.1550560" lon="34.1695250">
    <ele>2064.0</ele>
   </trkpt>
   <trkpt lat="38.1550530" lon="34.1695250">
    <ele>2064.2</ele>
   </trkpt>
   <trkpt lat="38.1550460" lon="34.1695240">
    <ele>2064.4</ele>
   </trkpt>
   <trkpt lat="38.1550280" lon="34.1695230">
    <ele>2064.8</ele>
   </trkpt>
   <trkpt lat="38.1550180" lon="34.1695230">
    <ele>2065.0</ele>
   </trkpt>
   <trkpt lat="38.1550120" lon="34.1695220">
    <ele>2065.4</ele>
   </trkpt>
   <trkpt lat="38.1550090" lon="34.1695220">
    <ele>2065.4</ele>
   </trkpt>
   <trkpt lat="38.1550060" lon="34.1695220">
    <ele>2065.8</ele>
   </trkpt>
   <trkpt lat="38.1550050" lon="34.1695220">
    <ele>2065.8</ele>
   </trkpt>
   <trkpt lat="38.1550010" lon="34.1695220">
    <ele>2065.8</ele>
   </trkpt>
   <trkpt lat="38.1549810" lon="34.1695210">
    <ele>2066.4</ele>
   </trkpt>
   <trkpt lat="38.1549670" lon="34.1695200">
    <ele>2067.4</ele>
   </trkpt>
   <trkpt lat="38.1549620" lon="34.1695200">
    <ele>2067.4</ele>
   </trkpt>
   <trkpt lat="38.1549420" lon="34.1695180">
    <ele>2068.6</ele>
   </trkpt>
   <trkpt lat="38.1549150" lon="34.1695170">
    <ele>2069.6</ele>
   </trkpt>
   <trkpt lat="38.1548820" lon="34.1695150">
    <ele>2070.8</ele>
   </trkpt>
   <trkpt lat="38.1548790" lon="34.1695150">
    <ele>2071.0</ele>
   </trkpt>
   <trkpt lat="38.1548630" lon="34.1695140">
    <ele>2071.6</ele>
   </trkpt>
   <trkpt lat="38.1548580" lon="34.1695140">
    <ele>2071.8</ele>
   </trkpt>
   <trkpt lat="38.1548560" lon="34.1695140">
    <ele>2072.0</ele>
   </trkpt>
   <trkpt lat="38.1548290" lon="34.1695130">
    <ele>2073.0</ele>
   </trkpt>
   <trkpt lat="38.1547950" lon="34.1695120">
    <ele>2074.0</ele>
   </trkpt>
   <trkpt lat="38.1547870" lon="34.1695110">
    <ele>2074.0</ele>
   </trkpt>
   <trkpt lat="38.1547660" lon="34.1695110">
    <ele>2075.0</ele>
   </trkpt>
   <trkpt lat="38.1547580" lon="34.1695110">
    <ele>2075.4</ele>
   </trkpt>
   <trkpt lat="38.1547400" lon="34.1695110">
    <ele>2076.0</ele>
   </trkpt>
   <trkpt lat="38.1547080" lon="34.1695100">
    <ele>2077.2</ele>
   </trkpt>
   <trkpt lat="38.1546860" lon="34.1695100">
    <ele>2078.4</ele>
   </trkpt>
   <trkpt lat="38.1546770" lon="34.1695100">
    <ele>2078.6</ele>
   </trkpt>
   <trkpt lat="38.1546660" lon="34.1695100">
    <ele>2079.0</ele>
   </trkpt>
   <trkpt lat="38.1546550" lon="34.1695100">
    <ele>2079.6</ele>
   </trkpt>
   <trkpt lat="38.1546390" lon="34.1695100">
    <ele>2080.2</ele>
   </trkpt>
   <trkpt lat="38.1546280" lon="34.1695100">
    <ele>2080.4</ele>
   </trkpt>
   <trkpt lat="38.1546230" lon="34.1695100">
    <ele>2080.6</ele>
   </trkpt>
   <trkpt lat="38.1546100" lon="34.1695100">
    <ele>2080.8</ele>
   </trkpt>
   <trkpt lat="38.1545990" lon="34.1695100">
    <ele>2081.2</ele>
   </trkpt>
   <trkpt lat="38.1545930" lon="34.1695100">
    <ele>2081.6</ele>
   </trkpt>
   <trkpt lat="38.1545660" lon="34.1695110">
    <ele>2082.6</ele>
   </trkpt>
   <trkpt lat="38.1545550" lon="34.1695110">
    <ele>2083.0</ele>
   </trkpt>
   <trkpt lat="38.1545430" lon="34.1695110">
    <ele>2083.0</ele>
   </trkpt>
   <trkpt lat="38.1545330" lon="34.1695120">
    <ele>2083.6</ele>
   </trkpt>
   <trkpt lat="38.1545240" lon="34.1695120">
    <ele>2084.2</ele>
   </trkpt>
   <trkpt lat="38.1545190" lon="34.1695120">
    <ele>2084.2</ele>
   </trkpt>
   <trkpt lat="38.1545130" lon="34.1695120">
    <ele>2084.6</ele>
   </trkpt>
   <trkpt lat="38.1544690" lon="34.1695150">
    <ele>2085.8</ele>
   </trkpt>
   <trkpt lat="38.1544620" lon="34.1695150">
    <ele>2086.2</ele>
   </trkpt>
   <trkpt lat="38.1544520" lon="34.1695160">
    <ele>2086.4</ele>
   </trkpt>
   <trkpt lat="38.1544370" lon="34.1695160">
    <ele>2086.8</ele>
   </trkpt>
   <trkpt lat="38.1544170" lon="34.1695180">
    <ele>2087.6</ele>
   </trkpt>
   <trkpt lat="38.1544140" lon="34.1695180">
    <ele>2088.0</ele>
   </trkpt>
   <trkpt lat="38.1543680" lon="34.1695220">
    <ele>2088.6</ele>
   </trkpt>
   <trkpt lat="38.1543580" lon="34.1695220">
    <ele>2089.2</ele>
   </trkpt>
   <trkpt lat="38.1543360" lon="34.1695240">
    <ele>2089.2</ele>
   </trkpt>
   <trkpt lat="38.1543140" lon="34.1695260">
    <ele>2089.6</ele>
   </trkpt>
   <trkpt lat="38.1543050" lon="34.1695270">
    <ele>2090.2</ele>
   </trkpt>
   <trkpt lat="38.1542810" lon="34.1695290">
    <ele>2090.2</ele>
   </trkpt>
   <trkpt lat="38.1542650" lon="34.1695310">
    <ele>2091.2</ele>
   </trkpt>
   <trkpt lat="38.1542560" lon="34.1695320">
    <ele>2091.2</ele>
   </trkpt>
   <trkpt lat="38.1542270" lon="34.1695350">
    <ele>2092.2</ele>
   </trkpt>
   <trkpt lat="38.1542030" lon="34.1695370">
    <ele>2092.8</ele>
   </trkpt>
   <trkpt lat="38.1541990" lon="34.1695370">
    <ele>2093.4</ele>
   </trkpt>
   <trkpt lat="38.1541880" lon="34.1695380">
    <ele>2093.8</ele>
   </trkpt>
   <trkpt lat="38.1541780" lon="34.1695390">
    <ele>2093.2</ele>
   </trkpt>
   <trkpt lat="38.1541550" lon="34.1695420">
    <ele>2094.6</ele>
   </trkpt>
   <trkpt lat="38.1541150" lon="34.1695460">
    <ele>2095.6</ele>
   </trkpt>
   <trkpt lat="38.1540880" lon="34.1695490">
    <ele>2096.8</ele>
   </trkpt>
   <trkpt lat="38.1540600" lon="34.1695510">
    <ele>2098.0</ele>
   </trkpt>
   <trkpt lat="38.1540320" lon="34.1695540">
    <ele>2099.0</ele>
   </trkpt>
   <trkpt lat="38.1540110" lon="34.1695560">
    <ele>2099.0</ele>
   </trkpt>
   <trkpt lat="38.1539930" lon="34.1695580">
    <ele>2099.0</ele>
   </trkpt>
   <trkpt lat="38.1539680" lon="34.1695600">
    <ele>2100.2</ele>
   </trkpt>
   <trkpt lat="38.1539590" lon="34.1695610">
    <ele>2100.4</ele>
   </trkpt>
   <trkpt lat="38.1539540" lon="34.1695620">
    <ele>2100.4</ele>
   </trkpt>
   <trkpt lat="38.1539470" lon="34.1695630">
    <ele>2101.2</ele>
   </trkpt>
   <trkpt lat="38.1539070" lon="34.1695670">
    <ele>2102.4</ele>
   </trkpt>
   <trkpt lat="38.1538630" lon="34.1695730">
    <ele>2103.4</ele>
   </trkpt>
   <trkpt lat="38.1538390" lon="34.1695760">
    <ele>2103.8</ele>
   </trkpt>
   <trkpt lat="38.1538350" lon="34.1695760">
    <ele>2103.6</ele>
   </trkpt>
   <trkpt lat="38.1537940" lon="34.1695810">
    <ele>2104.6</ele>
   </trkpt>
   <trkpt lat="38.1537770" lon="34.1695840">
    <ele>2105.0</ele>
   </trkpt>
   <trkpt lat="38.1537720" lon="34.1695840">
    <ele>2105.4</ele>
   </trkpt>
   <trkpt lat="38.1537550" lon="34.1695870">
    <ele>2105.6</ele>
   </trkpt>
   <trkpt lat="38.1537190" lon="34.1695910">
    <ele>2106.6</ele>
   </trkpt>
   <trkpt lat="38.1537180" lon="34.1695920">
    <ele>2106.6</ele>
   </trkpt>
   <trkpt lat="38.1537080" lon="34.1695930">
    <ele>2107.6</ele>
   </trkpt>
   <trkpt lat="38.1536720" lon="34.1695980">
    <ele>2108.2</ele>
   </trkpt>
   <trkpt lat="38.1536640" lon="34.1695990">
    <ele>2108.6</ele>
   </trkpt>
   <trkpt lat="38.1536440" lon="34.1696020">
    <ele>2109.6</ele>
   </trkpt>
   <trkpt lat="38.1536050" lon="34.1696080">
    <ele>2111.0</ele>
   </trkpt>
   <trkpt lat="38.1535840" lon="34.1696110">
    <ele>2112.2</ele>
   </trkpt>
   <trkpt lat="38.1535580" lon="34.1696150">
    <ele>2112.4</ele>
   </trkpt>
   <trkpt lat="38.1535450" lon="34.1696170">
    <ele>2112.0</ele>
   </trkpt>
   <trkpt lat="38.1535240" lon="34.1696200">
    <ele>2111.8</ele>
   </trkpt>
   <trkpt lat="38.1535220" lon="34.1696200">
    <ele>2111.8</ele>
   </trkpt>
   <trkpt lat="38.1535100" lon="34.1696220">
    <ele>2112.8</ele>
   </trkpt>
   <trkpt lat="38.1535020" lon="34.1696230">
    <ele>2112.8</ele>
   </trkpt>
   <trkpt lat="38.1534980" lon="34.1696240">
    <ele>2113.2</ele>
   </trkpt>
   <trkpt lat="38.1534690" lon="34.1696280">
    <ele>2113.4</ele>
   </trkpt>
   <trkpt lat="38.1534620" lon="34.1696300">
    <ele>2113.8</ele>
   </trkpt>
   <trkpt lat="38.1534550" lon="34.1696310">
    <ele>2114.2</ele>
   </trkpt>
   <trkpt lat="38.1534490" lon="34.1696320">
    <ele>2114.2</ele>
   </trkpt>
   <trkpt lat="38.1534170" lon="34.1696370">
    <ele>2115.4</ele>
   </trkpt>
   <trkpt lat="38.1534030" lon="34.1696390">
    <ele>2115.6</ele>
   </trkpt>
   <trkpt lat="38.1533890" lon="34.1696410">
    <ele>2115.6</ele>
   </trkpt>
   <trkpt lat="38.1533810" lon="34.1696420">
    <ele>2116.4</ele>
   </trkpt>
   <trkpt lat="38.1533590" lon="34.1696460">
    <ele>2117.2</ele>
   </trkpt>
   <trkpt lat="38.1533570" lon="34.1696460">
    <ele>2117.6</ele>
   </trkpt>
   <trkpt lat="38.1533280" lon="34.1696500">
    <ele>2117.6</ele>
   </trkpt>
   <trkpt lat="38.1533060" lon="34.1696540">
    <ele>2117.8</ele>
   </trkpt>
   <trkpt lat="38.1532840" lon="34.1696570">
    <ele>2118.4</ele>
   </trkpt>
   <trkpt lat="38.1532830" lon="34.1696580">
    <ele>2118.6</ele>
   </trkpt>
   <trkpt lat="38.1532700" lon="34.1696600">
    <ele>2119.0</ele>
   </trkpt>
   <trkpt lat="38.1532440" lon="34.1696640">
    <ele>2119.4</ele>
   </trkpt>
   <trkpt lat="38.1532370" lon="34.1696650">
    <ele>2119.8</ele>
   </trkpt>
   <trkpt lat="38.1532230" lon="34.1696670">
    <ele>2120.0</ele>
   </trkpt>
   <trkpt lat="38.1532150" lon="34.1696690">
    <ele>2121.0</ele>
   </trkpt>
   <trkpt lat="38.1531940" lon="34.1696720">
    <ele>2120.0</ele>
   </trkpt>
   <trkpt lat="38.1531900" lon="34.1696730">
    <ele>2120.4</ele>
   </trkpt>
   <trkpt lat="38.1531550" lon="34.1696790">
    <ele>2121.8</ele>
   </trkpt>
   <trkpt lat="38.1531490" lon="34.1696800">
    <ele>2122.2</ele>
   </trkpt>
   <trkpt lat="38.1531440" lon="34.1696810">
    <ele>2122.4</ele>
   </trkpt>
   <trkpt lat="38.1531360" lon="34.1696830">
    <ele>2122.6</ele>
   </trkpt>
   <trkpt lat="38.1531040" lon="34.1696890">
    <ele>2123.4</ele>
   </trkpt>
   <trkpt lat="38.1530820" lon="34.1696930">
    <ele>2124.6</ele>
   </trkpt>
   <trkpt lat="38.1530700" lon="34.1696950">
    <ele>2125.4</ele>
   </trkpt>
   <trkpt lat="38.1530530" lon="34.1696980">
    <ele>2124.8</ele>
   </trkpt>
   <trkpt lat="38.1530470" lon="34.1696990">
    <ele>2125.8</ele>
   </trkpt>
   <trkpt lat="38.1530340" lon="34.1697020">
    <ele>2126.6</ele>
   </trkpt>
   <trkpt lat="38.1530320" lon="34.1697020">
    <ele>2126.8</ele>
   </trkpt>
   <trkpt lat="38.1530200" lon="34.1697050">
    <ele>2127.4</ele>
   </trkpt>
   <trkpt lat="38.1530060" lon="34.1697070">
    <ele>2127.8</ele>
   </trkpt>
   <trkpt lat="38.1529850" lon="34.1697110">
    <ele>2128.6</ele>
   </trkpt>
   <trkpt lat="38.1529780" lon="34.1697120">
    <ele>2129.0</ele>
   </trkpt>
   <trkpt lat="38.1529620" lon="34.1697160">
    <ele>2129.6</ele>
   </trkpt>
   <trkpt lat="38.1529480" lon="34.1697180">
    <ele>2129.2</ele>
   </trkpt>
   <trkpt lat="38.1529400" lon="34.1697200">
    <ele>2130.6</ele>
   </trkpt>
   <trkpt lat="38.1529240" lon="34.1697230">
    <ele>2129.8</ele>
   </trkpt>
   <trkpt lat="38.1529170" lon="34.1697240">
    <ele>2130.2</ele>
   </trkpt>
   <trkpt lat="38.1528960" lon="34.1697280">
    <ele>2131.4</ele>
   </trkpt>
   <trkpt lat="38.1528660" lon="34.1697340">
    <ele>2131.4</ele>
   </trkpt>
   <trkpt lat="38.1528600" lon="34.1697350">
    <ele>2130.8</ele>
   </trkpt>
   <trkpt lat="38.1528510" lon="34.1697370">
    <ele>2130.4</ele>
   </trkpt>
   <trkpt lat="38.1528480" lon="34.1697380">
    <ele>2130.2</ele>
   </trkpt>
   <trkpt lat="38.1528270" lon="34.1697420">
    <ele>2131.6</ele>
   </trkpt>
   <trkpt lat="38.1527950" lon="34.1697480">
    <ele>2132.0</ele>
   </trkpt>
   <trkpt lat="38.1527890" lon="34.1697490">
    <ele>2132.6</ele>
   </trkpt>
   <trkpt lat="38.1527850" lon="34.1697490">
    <ele>2132.4</ele>
   </trkpt>
   <trkpt lat="38.1527630" lon="34.1697530">
    <ele>2133.2</ele>
   </trkpt>
   <trkpt lat="38.1527480" lon="34.1697560">
    <ele>2133.8</ele>
   </trkpt>
   <trkpt lat="38.1527400" lon="34.1697580">
    <ele>2134.0</ele>
   </trkpt>
   <trkpt lat="38.1527260" lon="34.1697600">
    <ele>2134.0</ele>
   </trkpt>
   <trkpt lat="38.1527220" lon="34.1697610">
    <ele>2134.4</ele>
   </trkpt>
   <trkpt lat="38.1527030" lon="34.1697650">
    <ele>2134.6</ele>
   </trkpt>
   <trkpt lat="38.1526990" lon="34.1697650">
    <ele>2134.8</ele>
   </trkpt>
   <trkpt lat="38.1526860" lon="34.1697680">
    <ele>2134.8</ele>
   </trkpt>
   <trkpt lat="38.1526780" lon="34.1697690">
    <ele>2135.0</ele>
   </trkpt>
   <trkpt lat="38.1526730" lon="34.1697700">
    <ele>2136.0</ele>
   </trkpt>
   <trkpt lat="38.1526600" lon="34.1697730">
    <ele>2136.6</ele>
   </trkpt>
   <trkpt lat="38.1526530" lon="34.1697740">
    <ele>2136.4</ele>
   </trkpt>
   <trkpt lat="38.1526450" lon="34.1697750">
    <ele>2137.2</ele>
   </trkpt>
   <trkpt lat="38.1526400" lon="34.1697760">
    <ele>2137.2</ele>
   </trkpt>
   <trkpt lat="38.1526370" lon="34.1697770">
    <ele>2137.2</ele>
   </trkpt>
   <trkpt lat="38.1526270" lon="34.1697790">
    <ele>2137.6</ele>
   </trkpt>
   <trkpt lat="38.1526080" lon="34.1697820">
    <ele>2137.8</ele>
   </trkpt>
   <trkpt lat="38.1526040" lon="34.1697830">
    <ele>2138.2</ele>
   </trkpt>
   <trkpt lat="38.1525940" lon="34.1697850">
    <ele>2138.2</ele>
   </trkpt>
   <trkpt lat="38.1525810" lon="34.1697870">
    <ele>2138.6</ele>
   </trkpt>
   <trkpt lat="38.1525790" lon="34.1697880">
    <ele>2139.4</ele>
   </trkpt>
   <trkpt lat="38.1525230" lon="34.1697990">
    <ele>2140.4</ele>
   </trkpt>
   <trkpt lat="38.1525130" lon="34.1698010">
    <ele>2140.4</ele>
   </trkpt>
   <trkpt lat="38.1525050" lon="34.1698020">
    <ele>2141.4</ele>
   </trkpt>
   <trkpt lat="38.1524750" lon="34.1698080">
    <ele>2142.6</ele>
   </trkpt>
   <trkpt lat="38.1524690" lon="34.1698090">
    <ele>2143.0</ele>
   </trkpt>
   <trkpt lat="38.1524530" lon="34.1698120">
    <ele>2143.6</ele>
   </trkpt>
   <trkpt lat="38.1524430" lon="34.1698140">
    <ele>2143.4</ele>
   </trkpt>
   <trkpt lat="38.1524280" lon="34.1698160">
    <ele>2144.6</ele>
   </trkpt>
   <trkpt lat="38.1524250" lon="34.1698170">
    <ele>2144.6</ele>
   </trkpt>
   <trkpt lat="38.1523840" lon="34.1698250">
    <ele>2145.6</ele>
   </trkpt>
   <trkpt lat="38.1523500" lon="34.1698310">
    <ele>2146.8</ele>
   </trkpt>
   <trkpt lat="38.1523400" lon="34.1698320">
    <ele>2146.2</ele>
   </trkpt>
   <trkpt lat="38.1523180" lon="34.1698360">
    <ele>2147.0</ele>
   </trkpt>
   <trkpt lat="38.1523100" lon="34.1698380">
    <ele>2148.0</ele>
   </trkpt>
   <trkpt lat="38.1522780" lon="34.1698430">
    <ele>2149.2</ele>
   </trkpt>
   <trkpt lat="38.1522530" lon="34.1698480">
    <ele>2150.2</ele>
   </trkpt>
   <trkpt lat="38.1522080" lon="34.1698560">
    <ele>2151.4</ele>
   </trkpt>
   <trkpt lat="38.1521730" lon="34.1698620">
    <ele>2152.6</ele>
   </trkpt>
   <trkpt lat="38.1521390" lon="34.1698680">
    <ele>2151.8</ele>
   </trkpt>
   <trkpt lat="38.1521280" lon="34.1698700">
    <ele>2153.2</ele>
   </trkpt>
   <trkpt lat="38.1521210" lon="34.1698710">
    <ele>2153.8</ele>
   </trkpt>
   <trkpt lat="38.1520980" lon="34.1698750">
    <ele>2153.6</ele>
   </trkpt>
   <trkpt lat="38.1520720" lon="34.1698790">
    <ele>2154.4</ele>
   </trkpt>
   <trkpt lat="38.1520650" lon="34.1698800">
    <ele>2154.8</ele>
   </trkpt>
   <trkpt lat="38.1520450" lon="34.1698830">
    <ele>2154.4</ele>
   </trkpt>
   <trkpt lat="38.1519980" lon="34.1698910">
    <ele>2155.8</ele>
   </trkpt>
   <trkpt lat="38.1519810" lon="34.1698940">
    <ele>2155.4</ele>
   </trkpt>
   <trkpt lat="38.1519760" lon="34.1698950">
    <ele>2155.2</ele>
   </trkpt>
   <trkpt lat="38.1519560" lon="34.1698980">
    <ele>2155.4</ele>
   </trkpt>
   <trkpt lat="38.1519460" lon="34.1698990">
    <ele>2154.8</ele>
   </trkpt>
   <trkpt lat="38.1519350" lon="34.1699010">
    <ele>2153.6</ele>
   </trkpt>
   <trkpt lat="38.1519310" lon="34.1699020">
    <ele>2153.6</ele>
   </trkpt>
   <trkpt lat="38.1519230" lon="34.1699030">
    <ele>2153.4</ele>
   </trkpt>
   <trkpt lat="38.1519220" lon="34.1699030">
    <ele>2153.4</ele>
   </trkpt>
   <trkpt lat="38.1519190" lon="34.1699030">
    <ele>2153.4</ele>
   </trkpt>
   <trkpt lat="38.1519150" lon="34.1699040">
    <ele>2153.4</ele>
   </trkpt>
   <trkpt lat="38.1519100" lon="34.1699050">
    <ele>2153.4</ele>
   </trkpt>
   <trkpt lat="38.1519090" lon="34.1699050">
    <ele>2153.4</ele>
   </trkpt>
   <trkpt lat="38.1519040" lon="34.1699060">
    <ele>2153.2</ele>
   </trkpt>
   <trkpt lat="38.1518960" lon="34.1699070">
    <ele>2153.0</ele>
   </trkpt>
   <trkpt lat="38.1518940" lon="34.1699070">
    <ele>2153.0</ele>
   </trkpt>
   <trkpt lat="38.1518860" lon="34.1699090">
    <ele>2152.6</ele>
   </trkpt>
   <trkpt lat="38.1518690" lon="34.1699110">
    <ele>2152.2</ele>
   </trkpt>
   <trkpt lat="38.1518620" lon="34.1699120">
    <ele>2152.0</ele>
   </trkpt>
   <trkpt lat="38.1518460" lon="34.1699150">
    <ele>2151.4</ele>
   </trkpt>
   <trkpt lat="38.1518430" lon="34.1699150">
    <ele>2151.2</ele>
   </trkpt>
   <trkpt lat="38.1518240" lon="34.1699180">
    <ele>2151.2</ele>
   </trkpt>
   <trkpt lat="38.1518030" lon="34.1699210">
    <ele>2151.2</ele>
   </trkpt>
   <trkpt lat="38.1517840" lon="34.1699240">
    <ele>2150.8</ele>
   </trkpt>
   <trkpt lat="38.1517670" lon="34.1699270">
    <ele>2150.4</ele>
   </trkpt>
   <trkpt lat="38.1517370" lon="34.1699320">
    <ele>2150.0</ele>
   </trkpt>
   <trkpt lat="38.1517310" lon="34.1699330">
    <ele>2149.8</ele>
   </trkpt>
   <trkpt lat="38.1517250" lon="34.1699340">
    <ele>2149.4</ele>
   </trkpt>
   <trkpt lat="38.1517030" lon="34.1699370">
    <ele>2149.0</ele>
   </trkpt>
   <trkpt lat="38.1516880" lon="34.1699390">
    <ele>2148.8</ele>
   </trkpt>
   <trkpt lat="38.1516780" lon="34.1699410">
    <ele>2149.0</ele>
   </trkpt>
   <trkpt lat="38.1516630" lon="34.1699430">
    <ele>2148.8</ele>
   </trkpt>
   <trkpt lat="38.1516420" lon="34.1699460">
    <ele>2148.4</ele>
   </trkpt>
   <trkpt lat="38.1516370" lon="34.1699470">
    <ele>2148.4</ele>
   </trkpt>
   <trkpt lat="38.1516320" lon="34.1699480">
    <ele>2148.2</ele>
   </trkpt>
   <trkpt lat="38.1516260" lon="34.1699490">
    <ele>2148.2</ele>
   </trkpt>
   <trkpt lat="38.1516040" lon="34.1699520">
    <ele>2149.0</ele>
   </trkpt>
   <trkpt lat="38.1515880" lon="34.1699550">
    <ele>2149.2</ele>
   </trkpt>
   <trkpt lat="38.1515870" lon="34.1699550">
    <ele>2149.2</ele>
   </trkpt>
   <trkpt lat="38.1515850" lon="34.1699550">
    <ele>2149.4</ele>
   </trkpt>
   <trkpt lat="38.1515740" lon="34.1699570">
    <ele>2150.2</ele>
   </trkpt>
   <trkpt lat="38.1515720" lon="34.1699570">
    <ele>2150.4</ele>
   </trkpt>
   <trkpt lat="38.1515670" lon="34.1699580">
    <ele>2150.6</ele>
   </trkpt>
   <trkpt lat="38.1515640" lon="34.1699580">
    <ele>2150.8</ele>
   </trkpt>
   <trkpt lat="38.1515580" lon="34.1699590">
    <ele>2151.6</ele>
   </trkpt>
   <trkpt lat="38.1515430" lon="34.1699610">
    <ele>2152.0</ele>
   </trkpt>
   <trkpt lat="38.1515360" lon="34.1699630">
    <ele>2152.6</ele>
   </trkpt>
   <trkpt lat="38.1515210" lon="34.1699650">
    <ele>2153.6</ele>
   </trkpt>
   <trkpt lat="38.1514980" lon="34.1699680">
    <ele>2154.4</ele>
   </trkpt>
   <trkpt lat="38.1514910" lon="34.1699690">
    <ele>2154.4</ele>
   </trkpt>
   <trkpt lat="38.1514900" lon="34.1699690">
    <ele>2154.6</ele>
   </trkpt>
   <trkpt lat="38.1514820" lon="34.1699700">
    <ele>2155.6</ele>
   </trkpt>
   <trkpt lat="38.1514800" lon="34.1699700">
    <ele>2156.0</ele>
   </trkpt>
   <trkpt lat="38.1514660" lon="34.1699720">
    <ele>2156.8</ele>
   </trkpt>
   <trkpt lat="38.1514510" lon="34.1699740">
    <ele>2157.8</ele>
   </trkpt>
   <trkpt lat="38.1514290" lon="34.1699770">
    <ele>2158.8</ele>
   </trkpt>
   <trkpt lat="38.1514210" lon="34.1699780">
    <ele>2159.8</ele>
   </trkpt>
   <trkpt lat="38.1514100" lon="34.1699790">
    <ele>2160.8</ele>
   </trkpt>
   <trkpt lat="38.1514040" lon="34.1699800">
    <ele>2161.0</ele>
   </trkpt>
   <trkpt lat="38.1513910" lon="34.1699810">
    <ele>2162.0</ele>
   </trkpt>
   <trkpt lat="38.1513730" lon="34.1699830">
    <ele>2163.0</ele>
   </trkpt>
   <trkpt lat="38.1513500" lon="34.1699850">
    <ele>2164.2</ele>
   </trkpt>
   <trkpt lat="38.1513240" lon="34.1699870">
    <ele>2165.2</ele>
   </trkpt>
   <trkpt lat="38.1513030" lon="34.1699890">
    <ele>2166.4</ele>
   </trkpt>
   <trkpt lat="38.1512880" lon="34.1699910">
    <ele>2167.4</ele>
   </trkpt>
   <trkpt lat="38.1512720" lon="34.1699920">
    <ele>2167.8</ele>
   </trkpt>
   <trkpt lat="38.1512660" lon="34.1699920">
    <ele>2168.4</ele>
   </trkpt>
   <trkpt lat="38.1512480" lon="34.1699940">
    <ele>2169.4</ele>
   </trkpt>
   <trkpt lat="38.1512320" lon="34.1699950">
    <ele>2170.6</ele>
   </trkpt>
   <trkpt lat="38.1512140" lon="34.1699970">
    <ele>2171.6</ele>
   </trkpt>
   <trkpt lat="38.1511950" lon="34.1699990">
    <ele>2173.0</ele>
   </trkpt>
   <trkpt lat="38.1511640" lon="34.1700020">
    <ele>2173.8</ele>
   </trkpt>
   <trkpt lat="38.1511620" lon="34.1700020">
    <ele>2174.0</ele>
   </trkpt>
   <trkpt lat="38.1511420" lon="34.1700040">
    <ele>2175.0</ele>
   </trkpt>
   <trkpt lat="38.1511280" lon="34.1700060">
    <ele>2176.0</ele>
   </trkpt>
   <trkpt lat="38.1510920" lon="34.1700100">
    <ele>2177.2</ele>
   </trkpt>
   <trkpt lat="38.1510750" lon="34.1700120">
    <ele>2178.2</ele>
   </trkpt>
   <trkpt lat="38.1510490" lon="34.1700150">
    <ele>2179.2</ele>
   </trkpt>
   <trkpt lat="38.1510280" lon="34.1700180">
    <ele>2179.6</ele>
   </trkpt>
   <trkpt lat="38.1510100" lon="34.1700200">
    <ele>2180.6</ele>
   </trkpt>
   <trkpt lat="38.1510010" lon="34.1700210">
    <ele>2180.8</ele>
   </trkpt>
   <trkpt lat="38.1509940" lon="34.1700220">
    <ele>2181.6</ele>
   </trkpt>
   <trkpt lat="38.1509730" lon="34.1700250">
    <ele>2182.6</ele>
   </trkpt>
   <trkpt lat="38.1509400" lon="34.1700290">
    <ele>2183.6</ele>
   </trkpt>
   <trkpt lat="38.1509240" lon="34.1700320">
    <ele>2184.8</ele>
   </trkpt>
   <trkpt lat="38.1509100" lon="34.1700330">
    <ele>2185.0</ele>
   </trkpt>
   <trkpt lat="38.1509010" lon="34.1700350">
    <ele>2185.8</ele>
   </trkpt>
   <trkpt lat="38.1508970" lon="34.1700350">
    <ele>2185.6</ele>
   </trkpt>
   <trkpt lat="38.1508880" lon="34.1700360">
    <ele>2185.8</ele>
   </trkpt>
   <trkpt lat="38.1508780" lon="34.1700380">
    <ele>2185.8</ele>
   </trkpt>
   <trkpt lat="38.1508710" lon="34.1700390">
    <ele>2186.6</ele>
   </trkpt>
   <trkpt lat="38.1508690" lon="34.1700390">
    <ele>2187.0</ele>
   </trkpt>
   <trkpt lat="38.1508420" lon="34.1700420">
    <ele>2188.0</ele>
   </trkpt>
   <trkpt lat="38.1508300" lon="34.1700440">
    <ele>2188.6</ele>
   </trkpt>
   <trkpt lat="38.1508280" lon="34.1700440">
    <ele>2189.2</ele>
   </trkpt>
   <trkpt lat="38.1508200" lon="34.1700450">
    <ele>2189.4</ele>
   </trkpt>
   <trkpt lat="38.1508100" lon="34.1700470">
    <ele>2189.6</ele>
   </trkpt>
   <trkpt lat="38.1508050" lon="34.1700470">
    <ele>2190.2</ele>
   </trkpt>
   <trkpt lat="38.1507870" lon="34.1700490">
    <ele>2191.2</ele>
   </trkpt>
   <trkpt lat="38.1507570" lon="34.1700530">
    <ele>2191.4</ele>
   </trkpt>
   <trkpt lat="38.1507510" lon="34.1700530">
    <ele>2191.8</ele>
   </trkpt>
   <trkpt lat="38.1507410" lon="34.1700540">
    <ele>2192.2</ele>
   </trkpt>
   <trkpt lat="38.1507280" lon="34.1700560">
    <ele>2193.0</ele>
   </trkpt>
   <trkpt lat="38.1507200" lon="34.1700570">
    <ele>2193.4</ele>
   </trkpt>
   <trkpt lat="38.1506750" lon="34.1700610">
    <ele>2194.4</ele>
   </trkpt>
   <trkpt lat="38.1506670" lon="34.1700620">
    <ele>2195.0</ele>
   </trkpt>
   <trkpt lat="38.1506590" lon="34.1700620">
    <ele>2195.6</ele>
   </trkpt>
   <trkpt lat="38.1506300" lon="34.1700650">
    <ele>2196.6</ele>
   </trkpt>
   <trkpt lat="38.1506110" lon="34.1700660">
    <ele>2197.8</ele>
   </trkpt>
   <trkpt lat="38.1505930" lon="34.1700680">
    <ele>2198.8</ele>
   </trkpt>
   <trkpt lat="38.1505720" lon="34.1700690">
    <ele>2200.0</ele>
   </trkpt>
   <trkpt lat="38.1505340" lon="34.1700720">
    <ele>2201.0</ele>
   </trkpt>
   <trkpt lat="38.1505230" lon="34.1700730">
    <ele>2202.0</ele>
   </trkpt>
   <trkpt lat="38.1504760" lon="34.1700770">
    <ele>2203.4</ele>
   </trkpt>
   <trkpt lat="38.1504490" lon="34.1700800">
    <ele>2204.4</ele>
   </trkpt>
   <trkpt lat="38.1504310" lon="34.1700820">
    <ele>2205.0</ele>
   </trkpt>
   <trkpt lat="38.1504300" lon="34.1700820">
    <ele>2205.4</ele>
   </trkpt>
   <trkpt lat="38.1504090" lon="34.1700840">
    <ele>2206.4</ele>
   </trkpt>
   <trkpt lat="38.1503810" lon="34.1700870">
    <ele>2207.4</ele>
   </trkpt>
   <trkpt lat="38.1503750" lon="34.1700870">
    <ele>2207.0</ele>
   </trkpt>
   <trkpt lat="38.1503580" lon="34.1700890">
    <ele>2207.6</ele>
   </trkpt>
   <trkpt lat="38.1503330" lon="34.1700920">
    <ele>2208.2</ele>
   </trkpt>
   <trkpt lat="38.1503260" lon="34.1700930">
    <ele>2208.8</ele>
   </trkpt>
   <trkpt lat="38.1503080" lon="34.1700950">
    <ele>2209.0</ele>
   </trkpt>
   <trkpt lat="38.1503010" lon="34.1700950">
    <ele>2210.0</ele>
   </trkpt>
   <trkpt lat="38.1502830" lon="34.1700970">
    <ele>2211.0</ele>
   </trkpt>
   <trkpt lat="38.1502760" lon="34.1700980">
    <ele>2211.0</ele>
   </trkpt>
   <trkpt lat="38.1502630" lon="34.1701000">
    <ele>2212.2</ele>
   </trkpt>
   <trkpt lat="38.1502540" lon="34.1701000">
    <ele>2212.6</ele>
   </trkpt>
   <trkpt lat="38.1502400" lon="34.1701020">
    <ele>2213.2</ele>
   </trkpt>
   <trkpt lat="38.1502170" lon="34.1701040">
    <ele>2214.6</ele>
   </trkpt>
   <trkpt lat="38.1501900" lon="34.1701070">
    <ele>2215.4</ele>
   </trkpt>
   <trkpt lat="38.1501600" lon="34.1701090">
    <ele>2215.2</ele>
   </trkpt>
   <trkpt lat="38.1501510" lon="34.1701100">
    <ele>2215.6</ele>
   </trkpt>
   <trkpt lat="38.1501490" lon="34.1701100">
    <ele>2215.8</ele>
   </trkpt>
   <trkpt lat="38.1501280" lon="34.1701110">
    <ele>2215.4</ele>
   </trkpt>
   <trkpt lat="38.1501180" lon="34.1701120">
    <ele>2215.4</ele>
   </trkpt>
   <trkpt lat="38.1501120" lon="34.1701120">
    <ele>2216.0</ele>
   </trkpt>
   <trkpt lat="38.1501010" lon="34.1701130">
    <ele>2215.8</ele>
   </trkpt>
   <trkpt lat="38.1500960" lon="34.1701130">
    <ele>2216.8</ele>
   </trkpt>
   <trkpt lat="38.1500930" lon="34.1701130">
    <ele>2217.2</ele>
   </trkpt>
   <trkpt lat="38.1500610" lon="34.1701150">
    <ele>2217.8</ele>
   </trkpt>
   <trkpt lat="38.1500410" lon="34.1701160">
    <ele>2218.2</ele>
   </trkpt>
   <trkpt lat="38.1500310" lon="34.1701170">
    <ele>2218.6</ele>
   </trkpt>
   <trkpt lat="38.1500230" lon="34.1701170">
    <ele>2218.2</ele>
   </trkpt>
   <trkpt lat="38.1500200" lon="34.1701180">
    <ele>2218.8</ele>
   </trkpt>
   <trkpt lat="38.1500070" lon="34.1701180">
    <ele>2219.8</ele>
   </trkpt>
   <trkpt lat="38.1500040" lon="34.1701190">
    <ele>2220.0</ele>
   </trkpt>
   <trkpt lat="38.1499890" lon="34.1701190">
    <ele>2221.0</ele>
   </trkpt>
   <trkpt lat="38.1499490" lon="34.1701210">
    <ele>2222.2</ele>
   </trkpt>
   <trkpt lat="38.1499390" lon="34.1701220">
    <ele>2222.4</ele>
   </trkpt>
   <trkpt lat="38.1499220" lon="34.1701220">
    <ele>2223.2</ele>
   </trkpt>
   <trkpt lat="38.1498980" lon="34.1701230">
    <ele>2224.4</ele>
   </trkpt>
   <trkpt lat="38.1498900" lon="34.1701240">
    <ele>2224.8</ele>
   </trkpt>
   <trkpt lat="38.1498760" lon="34.1701240">
    <ele>2225.6</ele>
   </trkpt>
   <trkpt lat="38.1498640" lon="34.1701250">
    <ele>2226.4</ele>
   </trkpt>
   <trkpt lat="38.1498460" lon="34.1701250">
    <ele>2226.6</ele>
   </trkpt>
   <trkpt lat="38.1498250" lon="34.1701260">
    <ele>2227.2</ele>
   </trkpt>
   <trkpt lat="38.1498220" lon="34.1701260">
    <ele>2227.6</ele>
   </trkpt>
   <trkpt lat="38.1498030" lon="34.1701270">
    <ele>2227.2</ele>
   </trkpt>
   <trkpt lat="38.1497710" lon="34.1701280">
    <ele>2228.6</ele>
   </trkpt>
   <trkpt lat="38.1497520" lon="34.1701280">
    <ele>2229.8</ele>
   </trkpt>
   <trkpt lat="38.1497400" lon="34.1701280">
    <ele>2230.6</ele>
   </trkpt>
   <trkpt lat="38.1497350" lon="34.1701280">
    <ele>2231.0</ele>
   </trkpt>
   <trkpt lat="38.1497220" lon="34.1701290">
    <ele>2232.0</ele>
   </trkpt>
   <trkpt lat="38.1496980" lon="34.1701290">
    <ele>2232.4</ele>
   </trkpt>
   <trkpt lat="38.1496900" lon="34.1701290">
    <ele>2233.0</ele>
   </trkpt>
   <trkpt lat="38.1496860" lon="34.1701290">
    <ele>2234.0</ele>
   </trkpt>
   <trkpt lat="38.1496690" lon="34.1701290">
    <ele>2235.2</ele>
   </trkpt>
   <trkpt lat="38.1496450" lon="34.1701290">
    <ele>2235.8</ele>
   </trkpt>
   <trkpt lat="38.1496280" lon="34.1701290">
    <ele>2236.2</ele>
   </trkpt>
   <trkpt lat="38.1496090" lon="34.1701290">
    <ele>2237.2</ele>
   </trkpt>
   <trkpt lat="38.1496000" lon="34.1701300">
    <ele>2237.0</ele>
   </trkpt>
   <trkpt lat="38.1495860" lon="34.1701300">
    <ele>2238.4</ele>
   </trkpt>
   <trkpt lat="38.1495720" lon="34.1701300">
    <ele>2239.4</ele>
   </trkpt>
   <trkpt lat="38.1495550" lon="34.1701300">
    <ele>2240.4</ele>
   </trkpt>
   <trkpt lat="38.1495480" lon="34.1701300">
    <ele>2241.4</ele>
   </trkpt>
   <trkpt lat="38.1495330" lon="34.1701300">
    <ele>2242.6</ele>
   </trkpt>
   <trkpt lat="38.1495240" lon="34.1701300">
    <ele>2243.6</ele>
   </trkpt>
   <trkpt lat="38.1495140" lon="34.1701300">
    <ele>2244.4</ele>
   </trkpt>
   <trkpt lat="38.1495110" lon="34.1701300">
    <ele>2244.6</ele>
   </trkpt>
   <trkpt lat="38.1494970" lon="34.1701300">
    <ele>2245.8</ele>
   </trkpt>
   <trkpt lat="38.1494900" lon="34.1701300">
    <ele>2247.0</ele>
   </trkpt>
   <trkpt lat="38.1494850" lon="34.1701300">
    <ele>2247.2</ele>
   </trkpt>
   <trkpt lat="38.1494720" lon="34.1701310">
    <ele>2248.0</ele>
   </trkpt>
   <trkpt lat="38.1494560" lon="34.1701310">
    <ele>2249.0</ele>
   </trkpt>
   <trkpt lat="38.1494490" lon="34.1701310">
    <ele>2249.6</ele>
   </trkpt>
   <trkpt lat="38.1494420" lon="34.1701310">
    <ele>2250.2</ele>
   </trkpt>
   <trkpt lat="38.1494340" lon="34.1701310">
    <ele>2251.2</ele>
   </trkpt>
   <trkpt lat="38.1494150" lon="34.1701310">
    <ele>2252.2</ele>
   </trkpt>
   <trkpt lat="38.1494070" lon="34.1701310">
    <ele>2253.4</ele>
   </trkpt>
   <trkpt lat="38.1493940" lon="34.1701310">
    <ele>2254.4</ele>
   </trkpt>
   <trkpt lat="38.1493810" lon="34.1701310">
    <ele>2255.6</ele>
   </trkpt>
   <trkpt lat="38.1493730" lon="34.1701320">
    <ele>2256.6</ele>
   </trkpt>
   <trkpt lat="38.1493680" lon="34.1701320">
    <ele>2257.0</ele>
   </trkpt>
   <trkpt lat="38.1493580" lon="34.1701320">
    <ele>2256.8</ele>
   </trkpt>
   <trkpt lat="38.1493510" lon="34.1701320">
    <ele>2257.0</ele>
   </trkpt>
   <trkpt lat="38.1493430" lon="34.1701320">
    <ele>2257.8</ele>
   </trkpt>
   <trkpt lat="38.1493360" lon="34.1701320">
    <ele>2257.8</ele>
   </trkpt>
   <trkpt lat="38.1493290" lon="34.1701320">
    <ele>2258.6</ele>
   </trkpt>
   <trkpt lat="38.1493260" lon="34.1701320">
    <ele>2258.8</ele>
   </trkpt>
   <trkpt lat="38.1493200" lon="34.1701320">
    <ele>2259.8</ele>
   </trkpt>
   <trkpt lat="38.1493170" lon="34.1701320">
    <ele>2260.0</ele>
   </trkpt>
   <trkpt lat="38.1493080" lon="34.1701320">
    <ele>2261.0</ele>
   </trkpt>
   <trkpt lat="38.1493030" lon="34.1701320">
    <ele>2261.4</ele>
   </trkpt>
   <trkpt lat="38.1492960" lon="34.1701320">
    <ele>2262.0</ele>
   </trkpt>
   <trkpt lat="38.1492870" lon="34.1701320">
    <ele>2262.8</ele>
   </trkpt>
   <trkpt lat="38.1492830" lon="34.1701320">
    <ele>2263.0</ele>
   </trkpt>
   <trkpt lat="38.1492670" lon="34.1701320">
    <ele>2264.4</ele>
   </trkpt>
   <trkpt lat="38.1492510" lon="34.1701320">
    <ele>2265.4</ele>
   </trkpt>
   <trkpt lat="38.1492420" lon="34.1701320">
    <ele>2266.4</ele>
   </trkpt>
   <trkpt lat="38.1492310" lon="34.1701320">
    <ele>2267.6</ele>
   </trkpt>
   <trkpt lat="38.1492250" lon="34.1701320">
    <ele>2268.4</ele>
   </trkpt>
   <trkpt lat="38.1492250" lon="34.1701320">
    <ele>2268.6</ele>
   </trkpt>
   <trkpt lat="38.1492080" lon="34.1701320">
    <ele>2269.6</ele>
   </trkpt>
   <trkpt lat="38.1491980" lon="34.1701320">
    <ele>2270.8</ele>
   </trkpt>
   <trkpt lat="38.1491830" lon="34.1701320">
    <ele>2271.2</ele>
   </trkpt>
   <trkpt lat="38.1491790" lon="34.1701320">
    <ele>2271.8</ele>
   </trkpt>
   <trkpt lat="38.1491740" lon="34.1701320">
    <ele>2272.8</ele>
   </trkpt>
   <trkpt lat="38.1491630" lon="34.1701320">
    <ele>2274.0</ele>
   </trkpt>
   <trkpt lat="38.1491550" lon="34.1701320">
    <ele>2275.0</ele>
   </trkpt>
   <trkpt lat="38.1491420" lon="34.1701320">
    <ele>2276.0</ele>
   </trkpt>
   <trkpt lat="38.1491200" lon="34.1701320">
    <ele>2277.2</ele>
   </trkpt>
   <trkpt lat="38.1491070" lon="34.1701320">
    <ele>2278.4</ele>
   </trkpt>
   <trkpt lat="38.1490990" lon="34.1701320">
    <ele>2279.0</ele>
   </trkpt>
   <trkpt lat="38.1490950" lon="34.1701310">
    <ele>2279.4</ele>
   </trkpt>
   <trkpt lat="38.1490820" lon="34.1701310">
    <ele>2280.6</ele>
   </trkpt>
   <trkpt lat="38.1490720" lon="34.1701310">
    <ele>2280.8</ele>
   </trkpt>
   <trkpt lat="38.1490670" lon="34.1701310">
    <ele>2281.8</ele>
   </trkpt>
   <trkpt lat="38.1490570" lon="34.1701310">
    <ele>2282.4</ele>
   </trkpt>
   <trkpt lat="38.1490500" lon="34.1701310">
    <ele>2283.0</ele>
   </trkpt>
   <trkpt lat="38.1490430" lon="34.1701310">
    <ele>2284.0</ele>
   </trkpt>
   <trkpt lat="38.1490300" lon="34.1701310">
    <ele>2285.0</ele>
   </trkpt>
   <trkpt lat="38.1490190" lon="34.1701310">
    <ele>2286.0</ele>
   </trkpt>
   <trkpt lat="38.1490130" lon="34.1701310">
    <ele>2287.0</ele>
   </trkpt>
   <trkpt lat="38.1489940" lon="34.1701300">
    <ele>2288.2</ele>
   </trkpt>
   <trkpt lat="38.1489890" lon="34.1701300">
    <ele>2289.2</ele>
   </trkpt>
   <trkpt lat="38.1489770" lon="34.1701300">
    <ele>2290.2</ele>
   </trkpt>
   <trkpt lat="38.1489680" lon="34.1701300">
    <ele>2291.4</ele>
   </trkpt>
   <trkpt lat="38.1489550" lon="34.1701300">
    <ele>2292.6</ele>
   </trkpt>
   <trkpt lat="38.1489390" lon="34.1701300">
    <ele>2293.4</ele>
   </trkpt>
   <trkpt lat="38.1489380" lon="34.1701300">
    <ele>2293.8</ele>
   </trkpt>
   <trkpt lat="38.1489300" lon="34.1701300">
    <ele>2295.0</ele>
   </trkpt>
   <trkpt lat="38.1488870" lon="34.1701300">
    <ele>2295.0</ele>
   </trkpt>
   <trkpt lat="38.1488750" lon="34.1701290">
    <ele>2295.2</ele>
   </trkpt>
   <trkpt lat="38.1488750" lon="34.1701290">
    <ele>2295.2</ele>
   </trkpt>
   <trkpt lat="38.1488550" lon="34.1701290">
    <ele>2295.0</ele>
   </trkpt>
   <trkpt lat="38.1488400" lon="34.1701290">
    <ele>2295.4</ele>
   </trkpt>
   <trkpt lat="38.1488310" lon="34.1701290">
    <ele>2295.0</ele>
   </trkpt>
   <trkpt lat="38.1488300" lon="34.1701290">
    <ele>2295.0</ele>
   </trkpt>
   <trkpt lat="38.1488280" lon="34.1701290">
    <ele>2295.0</ele>
   </trkpt>
   <trkpt lat="38.1488230" lon="34.1701290">
    <ele>2295.0</ele>
   </trkpt>
   <trkpt lat="38.1488180" lon="34.1701290">
    <ele>2295.0</ele>
   </trkpt>
   <trkpt lat="38.1488050" lon="34.1701290">
    <ele>2295.2</ele>
   </trkpt>
   <trkpt lat="38.1488040" lon="34.1701290">
    <ele>2295.2</ele>
   </trkpt>
   <trkpt lat="38.1488030" lon="34.1701290">
    <ele>2295.2</ele>
   </trkpt>
   <trkpt lat="38.1487780" lon="34.1701290">
    <ele>2294.8</ele>
   </trkpt>
   <trkpt lat="38.1487760" lon="34.1701290">
    <ele>2294.4</ele>
   </trkpt>
   <trkpt lat="38.1487720" lon="34.1701280">
    <ele>2295.0</ele>
   </trkpt>
   <trkpt lat="38.1487690" lon="34.1701280">
    <ele>2295.0</ele>
   </trkpt>
   <trkpt lat="38.1487650" lon="34.1701280">
    <ele>2295.2</ele>
   </trkpt>
   <trkpt lat="38.1487430" lon="34.1701280">
    <ele>2295.2</ele>
   </trkpt>
   <trkpt lat="38.1487380" lon="34.1701280">
    <ele>2295.0</ele>
   </trkpt>
   <trkpt lat="38.1487210" lon="34.1701280">
    <ele>2295.2</ele>
   </trkpt>
   <trkpt lat="38.1486800" lon="34.1701280">
    <ele>2295.2</ele>
   </trkpt>
   <trkpt lat="38.1486400" lon="34.1701270">
    <ele>2295.8</ele>
   </trkpt>
   <trkpt lat="38.1486230" lon="34.1701270">
    <ele>2295.4</ele>
   </trkpt>
   <trkpt lat="38.1486220" lon="34.1701270">
    <ele>2295.4</ele>
   </trkpt>
   <trkpt lat="38.1486210" lon="34.1701270">
    <ele>2295.4</ele>
   </trkpt>
   <trkpt lat="38.1486190" lon="34.1701270">
    <ele>2295.2</ele>
   </trkpt>
   <trkpt lat="38.1485980" lon="34.1701270">
    <ele>2295.4</ele>
   </trkpt>
   <trkpt lat="38.1485580" lon="34.1701260">
    <ele>2295.8</ele>
   </trkpt>
   <trkpt lat="38.1485420" lon="34.1701260">
    <ele>2295.8</ele>
   </trkpt>
   <trkpt lat="38.1485310" lon="34.1701260">
    <ele>2295.8</ele>
   </trkpt>
   <trkpt lat="38.1485080" lon="34.1701260">
    <ele>2295.4</ele>
   </trkpt>
   <trkpt lat="38.1484830" lon="34.1701260">
    <ele>2296.0</ele>
   </trkpt>
   <trkpt lat="38.1484780" lon="34.1701260">
    <ele>2295.0</ele>
   </trkpt>
   <trkpt lat="38.1484730" lon="34.1701250">
    <ele>2295.6</ele>
   </trkpt>
   <trkpt lat="38.1484670" lon="34.1701250">
    <ele>2295.8</ele>
   </trkpt>
   <trkpt lat="38.1484490" lon="34.1701250">
    <ele>2296.2</ele>
   </trkpt>
   <trkpt lat="38.1484260" lon="34.1701250">
    <ele>2296.2</ele>
   </trkpt>
   <trkpt lat="38.1484230" lon="34.1701250">
    <ele>2296.2</ele>
   </trkpt>
   <trkpt lat="38.1484100" lon="34.1701250">
    <ele>2297.2</ele>
   </trkpt>
   <trkpt lat="38.1484080" lon="34.1701250">
    <ele>2297.8</ele>
   </trkpt>
   <trkpt lat="38.1484060" lon="34.1701250">
    <ele>2298.4</ele>
   </trkpt>
   <trkpt lat="38.1484040" lon="34.1701250">
    <ele>2298.8</ele>
   </trkpt>
   <trkpt lat="38.1484030" lon="34.1701250">
    <ele>2299.0</ele>
   </trkpt>
   <trkpt lat="38.1484010" lon="34.1701250">
    <ele>2299.2</ele>
   </trkpt>
   <trkpt lat="38.1484000" lon="34.1701250">
    <ele>2299.6</ele>
   </trkpt>
   <trkpt lat="38.1483940" lon="34.1701250">
    <ele>2300.6</ele>
   </trkpt>
   <trkpt lat="38.1483910" lon="34.1701250">
    <ele>2301.0</ele>
   </trkpt>
   <trkpt lat="38.1483890" lon="34.1701250">
    <ele>2301.6</ele>
   </trkpt>
   <trkpt lat="38.1483880" lon="34.1701250">
    <ele>2301.6</ele>
   </trkpt>
   <trkpt lat="38.1483860" lon="34.1701250">
    <ele>2302.2</ele>
   </trkpt>
   <trkpt lat="38.1483820" lon="34.1701250">
    <ele>2302.8</ele>
   </trkpt>
   <trkpt lat="38.1483790" lon="34.1701250">
    <ele>2303.0</ele>
   </trkpt>
   <trkpt lat="38.1483750" lon="34.1701250">
    <ele>2304.0</ele>
   </trkpt>
   <trkpt lat="38.1483700" lon="34.1701250">
    <ele>2304.6</ele>
   </trkpt>
   <trkpt lat="38.1483670" lon="34.1701250">
    <ele>2305.0</ele>
   </trkpt>
   <trkpt lat="38.1483560" lon="34.1701250">
    <ele>2306.2</ele>
   </trkpt>
   <trkpt lat="38.1483440" lon="34.1701240">
    <ele>2307.2</ele>
   </trkpt>
   <trkpt lat="38.1483400" lon="34.1701240">
    <ele>2308.2</ele>
   </trkpt>
   <trkpt lat="38.1483300" lon="34.1701240">
    <ele>2309.4</ele>
   </trkpt>
   <trkpt lat="38.1483180" lon="34.1701240">
    <ele>2310.4</ele>
   </trkpt>
   <trkpt lat="38.1483100" lon="34.1701240">
    <ele>2311.6</ele>
   </trkpt>
   <trkpt lat="38.1483020" lon="34.1701240">
    <ele>2312.8</ele>
   </trkpt>
   <trkpt lat="38.1482900" lon="34.1701240">
    <ele>2314.0</ele>
   </trkpt>
   <trkpt lat="38.1482780" lon="34.1701230">
    <ele>2315.0</ele>
   </trkpt>
   <trkpt lat="38.1482700" lon="34.1701230">
    <ele>2316.0</ele>
   </trkpt>
   <trkpt lat="38.1482610" lon="34.1701230">
    <ele>2317.2</ele>
   </trkpt>
   <trkpt lat="38.1482390" lon="34.1701220">
    <ele>2318.2</ele>
   </trkpt>
   <trkpt lat="38.1482320" lon="34.1701220">
    <ele>2319.2</ele>
   </trkpt>
   <trkpt lat="38.1482240" lon="34.1701220">
    <ele>2320.6</ele>
   </trkpt>
   <trkpt lat="38.1482140" lon="34.1701220">
    <ele>2321.6</ele>
   </trkpt>
   <trkpt lat="38.1482060" lon="34.1701210">
    <ele>2322.8</ele>
   </trkpt>
   <trkpt lat="38.1481990" lon="34.1701210">
    <ele>2324.0</ele>
   </trkpt>
   <trkpt lat="38.1481880" lon="34.1701210">
    <ele>2325.2</ele>
   </trkpt>
   <trkpt lat="38.1481750" lon="34.1701200">
    <ele>2326.2</ele>
   </trkpt>
   <trkpt lat="38.1481630" lon="34.1701200">
    <ele>2327.4</ele>
   </trkpt>
   <trkpt lat="38.1481520" lon="34.1701190">
    <ele>2328.4</ele>
   </trkpt>
   <trkpt lat="38.1481450" lon="34.1701190">
    <ele>2329.4</ele>
   </trkpt>
   <trkpt lat="38.1481320" lon="34.1701180">
    <ele>2330.8</ele>
   </trkpt>
   <trkpt lat="38.1481260" lon="34.1701170">
    <ele>2332.0</ele>
   </trkpt>
   <trkpt lat="38.1481150" lon="34.1701170">
    <ele>2333.0</ele>
   </trkpt>
   <trkpt lat="38.1481070" lon="34.1701160">
    <ele>2334.2</ele>
   </trkpt>
   <trkpt lat="38.1481020" lon="34.1701160">
    <ele>2335.2</ele>
   </trkpt>
   <trkpt lat="38.1480970" lon="34.1701160">
    <ele>2335.4</ele>
   </trkpt>
   <trkpt lat="38.1480890" lon="34.1701150">
    <ele>2336.4</ele>
   </trkpt>
   <trkpt lat="38.1480840" lon="34.1701150">
    <ele>2337.4</ele>
   </trkpt>
   <trkpt lat="38.1480770" lon="34.1701140">
    <ele>2338.4</ele>
   </trkpt>
   <trkpt lat="38.1480720" lon="34.1701140">
    <ele>2339.6</ele>
   </trkpt>
   <trkpt lat="38.1480600" lon="34.1701130">
    <ele>2340.6</ele>
   </trkpt>
   <trkpt lat="38.1480460" lon="34.1701120">
    <ele>2341.8</ele>
   </trkpt>
   <trkpt lat="38.1480380" lon="34.1701120">
    <ele>2342.8</ele>
   </trkpt>
   <trkpt lat="38.1480310" lon="34.1701110">
    <ele>2344.0</ele>
   </trkpt>
   <trkpt lat="38.1480190" lon="34.1701100">
    <ele>2344.8</ele>
   </trkpt>
   <trkpt lat="38.1480160" lon="34.1701100">
    <ele>2345.2</ele>
   </trkpt>
   <trkpt lat="38.1480020" lon="34.1701090">
    <ele>2346.2</ele>
   </trkpt>
   <trkpt lat="38.1479920" lon="34.1701090">
    <ele>2347.2</ele>
   </trkpt>
   <trkpt lat="38.1479840" lon="34.1701080">
    <ele>2348.4</ele>
   </trkpt>
   <trkpt lat="38.1479680" lon="34.1701070">
    <ele>2349.6</ele>
   </trkpt>
   <trkpt lat="38.1479550" lon="34.1701060">
    <ele>2350.6</ele>
   </trkpt>
   <trkpt lat="38.1479480" lon="34.1701060">
    <ele>2351.6</ele>
   </trkpt>
   <trkpt lat="38.1479370" lon="34.1701050">
    <ele>2352.6</ele>
   </trkpt>
   <trkpt lat="38.1479320" lon="34.1701050">
    <ele>2354.0</ele>
   </trkpt>
   <trkpt lat="38.1479140" lon="34.1701030">
    <ele>2354.6</ele>
   </trkpt>
   <trkpt lat="38.1479090" lon="34.1701030">
    <ele>2355.2</ele>
   </trkpt>
   <trkpt lat="38.1478970" lon="34.1701020">
    <ele>2356.4</ele>
   </trkpt>
   <trkpt lat="38.1478820" lon="34.1701010">
    <ele>2357.4</ele>
   </trkpt>
   <trkpt lat="38.1478630" lon="34.1701000">
    <ele>2358.6</ele>
   </trkpt>
   <trkpt lat="38.1478540" lon="34.1700990">
    <ele>2359.6</ele>
   </trkpt>
   <trkpt lat="38.1478470" lon="34.1700990">
    <ele>2360.8</ele>
   </trkpt>
   <trkpt lat="38.1478380" lon="34.1700990">
    <ele>2362.0</ele>
   </trkpt>
   <trkpt lat="38.1478270" lon="34.1700980">
    <ele>2363.0</ele>
   </trkpt>
   <trkpt lat="38.1478130" lon="34.1700970">
    <ele>2364.2</ele>
   </trkpt>
   <trkpt lat="38.1478030" lon="34.1700970">
    <ele>2365.4</ele>
   </trkpt>
   <trkpt lat="38.1477920" lon="34.1700960">
    <ele>2366.6</ele>
   </trkpt>
   <trkpt lat="38.1477790" lon="34.1700960">
    <ele>2367.8</ele>
   </trkpt>
   <trkpt lat="38.1477640" lon="34.1700950">
    <ele>2369.0</ele>
   </trkpt>
   <trkpt lat="38.1477550" lon="34.1700940">
    <ele>2370.2</ele>
   </trkpt>
   <trkpt lat="38.1477380" lon="34.1700940">
    <ele>2371.6</ele>
   </trkpt>
   <trkpt lat="38.1477300" lon="34.1700930">
    <ele>2372.6</ele>
   </trkpt>
   <trkpt lat="38.1477190" lon="34.1700930">
    <ele>2373.8</ele>
   </trkpt>
   <trkpt lat="38.1477090" lon="34.1700920">
    <ele>2375.0</ele>
   </trkpt>
   <trkpt lat="38.1476890" lon="34.1700920">
    <ele>2375.8</ele>
   </trkpt>
   <trkpt lat="38.1476870" lon="34.1700910">
    <ele>2376.2</ele>
   </trkpt>
   <trkpt lat="38.1476820" lon="34.1700910">
    <ele>2377.2</ele>
   </trkpt>
   <trkpt lat="38.1476770" lon="34.1700910">
    <ele>2378.4</ele>
   </trkpt>
   <trkpt lat="38.1476600" lon="34.1700900">
    <ele>2379.4</ele>
   </trkpt>
   <trkpt lat="38.1476510" lon="34.1700900">
    <ele>2380.4</ele>
   </trkpt>
   <trkpt lat="38.1476420" lon="34.1700900">
    <ele>2381.4</ele>
   </trkpt>
   <trkpt lat="38.1476380" lon="34.1700900">
    <ele>2381.8</ele>
   </trkpt>
   <trkpt lat="38.1476300" lon="34.1700890">
    <ele>2382.8</ele>
   </trkpt>
   <trkpt lat="38.1476080" lon="34.1700880">
    <ele>2383.8</ele>
   </trkpt>
   <trkpt lat="38.1476020" lon="34.1700880">
    <ele>2384.0</ele>
   </trkpt>
   <trkpt lat="38.1475910" lon="34.1700880">
    <ele>2385.0</ele>
   </trkpt>
   <trkpt lat="38.1475840" lon="34.1700880">
    <ele>2386.2</ele>
   </trkpt>
   <trkpt lat="38.1475770" lon="34.1700880">
    <ele>2387.2</ele>
   </trkpt>
   <trkpt lat="38.1475600" lon="34.1700870">
    <ele>2388.2</ele>
   </trkpt>
   <trkpt lat="38.1475520" lon="34.1700870">
    <ele>2389.4</ele>
   </trkpt>
   <trkpt lat="38.1475390" lon="34.1700870">
    <ele>2390.4</ele>
   </trkpt>
   <trkpt lat="38.1475270" lon="34.1700870">
    <ele>2391.4</ele>
   </trkpt>
   <trkpt lat="38.1475090" lon="34.1700860">
    <ele>2392.6</ele>
   </trkpt>
   <trkpt lat="38.1475000" lon="34.1700860">
    <ele>2393.6</ele>
   </trkpt>
   <trkpt lat="38.1474950" lon="34.1700860">
    <ele>2394.8</ele>
   </trkpt>
   <trkpt lat="38.1474870" lon="34.1700860">
    <ele>2395.2</ele>
   </trkpt>
   <trkpt lat="38.1474810" lon="34.1700860">
    <ele>2395.6</ele>
   </trkpt>
   <trkpt lat="38.1474780" lon="34.1700850">
    <ele>2396.2</ele>
   </trkpt>
   <trkpt lat="38.1474680" lon="34.1700850">
    <ele>2397.2</ele>
   </trkpt>
   <trkpt lat="38.1474600" lon="34.1700850">
    <ele>2398.6</ele>
   </trkpt>
   <trkpt lat="38.1474450" lon="34.1700850">
    <ele>2399.6</ele>
   </trkpt>
   <trkpt lat="38.1474300" lon="34.1700840">
    <ele>2400.8</ele>
   </trkpt>
   <trkpt lat="38.1474190" lon="34.1700840">
    <ele>2401.8</ele>
   </trkpt>
   <trkpt lat="38.1474060" lon="34.1700840">
    <ele>2402.8</ele>
   </trkpt>
   <trkpt lat="38.1473980" lon="34.1700840">
    <ele>2403.8</ele>
   </trkpt>
   <trkpt lat="38.1473890" lon="34.1700830">
    <ele>2405.0</ele>
   </trkpt>
   <trkpt lat="38.1473760" lon="34.1700830">
    <ele>2406.2</ele>
   </trkpt>
   <trkpt lat="38.1473670" lon="34.1700830">
    <ele>2407.2</ele>
   </trkpt>
   <trkpt lat="38.1473550" lon="34.1700830">
    <ele>2408.2</ele>
   </trkpt>
   <trkpt lat="38.1473450" lon="34.1700820">
    <ele>2409.2</ele>
   </trkpt>
   <trkpt lat="38.1473340" lon="34.1700820">
    <ele>2410.2</ele>
   </trkpt>
   <trkpt lat="38.1473270" lon="34.1700820">
    <ele>2411.4</ele>
   </trkpt>
   <trkpt lat="38.1473220" lon="34.1700820">
    <ele>2412.4</ele>
   </trkpt>
   <trkpt lat="38.1473110" lon="34.1700820">
    <ele>2413.6</ele>
   </trkpt>
   <trkpt lat="38.1472940" lon="34.1700810">
    <ele>2414.6</ele>
   </trkpt>
   <trkpt lat="38.1472870" lon="34.1700810">
    <ele>2415.6</ele>
   </trkpt>
   <trkpt lat="38.1472740" lon="34.1700800">
    <ele>2416.8</ele>
   </trkpt>
   <trkpt lat="38.1472630" lon="34.1700800">
    <ele>2417.8</ele>
   </trkpt>
   <trkpt lat="38.1472520" lon="34.1700800">
    <ele>2419.0</ele>
   </trkpt>
   <trkpt lat="38.1472430" lon="34.1700790">
    <ele>2420.4</ele>
   </trkpt>
   <trkpt lat="38.1472300" lon="34.1700790">
    <ele>2421.2</ele>
   </trkpt>
   <trkpt lat="38.1472260" lon="34.1700790">
    <ele>2421.6</ele>
   </trkpt>
   <trkpt lat="38.1472080" lon="34.1700780">
    <ele>2422.8</ele>
   </trkpt>
   <trkpt lat="38.1472040" lon="34.1700780">
    <ele>2423.8</ele>
   </trkpt>
   <trkpt lat="38.1471930" lon="34.1700770">
    <ele>2425.0</ele>
   </trkpt>
   <trkpt lat="38.1471830" lon="34.1700770">
    <ele>2426.2</ele>
   </trkpt>
   <trkpt lat="38.1471660" lon="34.1700760">
    <ele>2427.2</ele>
   </trkpt>
   <trkpt lat="38.1471490" lon="34.1700760">
    <ele>2428.4</ele>
   </trkpt>
   <trkpt lat="38.1471370" lon="34.1700760">
    <ele>2429.4</ele>
   </trkpt>
   <trkpt lat="38.1471270" lon="34.1700750">
    <ele>2429.8</ele>
   </trkpt>
   <trkpt lat="38.1471170" lon="34.1700750">
    <ele>2430.4</ele>
   </trkpt>
   <trkpt lat="38.1471020" lon="34.1700750">
    <ele>2431.4</ele>
   </trkpt>
   <trkpt lat="38.1470940" lon="34.1700750">
    <ele>2432.6</ele>
   </trkpt>
   <trkpt lat="38.1470790" lon="34.1700750">
    <ele>2433.6</ele>
   </trkpt>
   <trkpt lat="38.1470760" lon="34.1700750">
    <ele>2434.0</ele>
   </trkpt>
   <trkpt lat="38.1470680" lon="34.1700750">
    <ele>2434.8</ele>
   </trkpt>
   <trkpt lat="38.1470550" lon="34.1700750">
    <ele>2435.8</ele>
   </trkpt>
   <trkpt lat="38.1470460" lon="34.1700740">
    <ele>2436.8</ele>
   </trkpt>
   <trkpt lat="38.1470310" lon="34.1700740">
    <ele>2437.8</ele>
   </trkpt>
   <trkpt lat="38.1470160" lon="34.1700740">
    <ele>2438.2</ele>
   </trkpt>
   <trkpt lat="38.1470120" lon="34.1700740">
    <ele>2438.2</ele>
   </trkpt>
   <trkpt lat="38.1470070" lon="34.1700740">
    <ele>2438.2</ele>
   </trkpt>
   <trkpt lat="38.1470000" lon="34.1700740">
    <ele>2438.2</ele>
   </trkpt>
   <trkpt lat="38.1469890" lon="34.1700740">
    <ele>2438.4</ele>
   </trkpt>
   <trkpt lat="38.1469870" lon="34.1700740">
    <ele>2438.6</ele>
   </trkpt>
   <trkpt lat="38.1469860" lon="34.1700740">
    <ele>2439.0</ele>
   </trkpt>
   <trkpt lat="38.1469790" lon="34.1700750">
    <ele>2440.0</ele>
   </trkpt>
   <trkpt lat="38.1469770" lon="34.1700750">
    <ele>2440.2</ele>
   </trkpt>
   <trkpt lat="38.1469630" lon="34.1700750">
    <ele>2440.6</ele>
   </trkpt>
   <trkpt lat="38.1469560" lon="34.1700750">
    <ele>2441.0</ele>
   </trkpt>
   <trkpt lat="38.1469430" lon="34.1700750">
    <ele>2442.2</ele>
   </trkpt>
   <trkpt lat="38.1469220" lon="34.1700750">
    <ele>2442.6</ele>
   </trkpt>
   <trkpt lat="38.1469200" lon="34.1700750">
    <ele>2442.6</ele>
   </trkpt>
   <trkpt lat="38.1469080" lon="34.1700750">
    <ele>2442.8</ele>
   </trkpt>
   <trkpt lat="38.1469070" lon="34.1700750">
    <ele>2442.8</ele>
   </trkpt>
   <trkpt lat="38.1469010" lon="34.1700750">
    <ele>2443.2</ele>
   </trkpt>
   <trkpt lat="38.1468960" lon="34.1700750">
    <ele>2443.6</ele>
   </trkpt>
   <trkpt lat="38.1468890" lon="34.1700750">
    <ele>2444.2</ele>
   </trkpt>
   <trkpt lat="38.1468820" lon="34.1700750">
    <ele>2445.0</ele>
   </trkpt>
   <trkpt lat="38.1468800" lon="34.1700750">
    <ele>2445.4</ele>
   </trkpt>
   <trkpt lat="38.1468770" lon="34.1700750">
    <ele>2446.2</ele>
   </trkpt>
   <trkpt lat="38.1468710" lon="34.1700750">
    <ele>2446.4</ele>
   </trkpt>
   <trkpt lat="38.1468650" lon="34.1700750">
    <ele>2447.0</ele>
   </trkpt>
   <trkpt lat="38.1468630" lon="34.1700750">
    <ele>2447.6</ele>
   </trkpt>
   <trkpt lat="38.1468540" lon="34.1700760">
    <ele>2449.0</ele>
   </trkpt>
   <trkpt lat="38.1468520" lon="34.1700760">
    <ele>2449.0</ele>
   </trkpt>
   <trkpt lat="38.1468420" lon="34.1700760">
    <ele>2449.6</ele>
   </trkpt>
   <trkpt lat="38.1468390" lon="34.1700760">
    <ele>2450.0</ele>
   </trkpt>
   <trkpt lat="38.1468250" lon="34.1700760">
    <ele>2450.2</ele>
   </trkpt>
   <trkpt lat="38.1468160" lon="34.1700760">
    <ele>2450.2</ele>
   </trkpt>
   <trkpt lat="38.1468120" lon="34.1700760">
    <ele>2450.4</ele>
   </trkpt>
   <trkpt lat="38.1468040" lon="34.1700760">
    <ele>2450.8</ele>
   </trkpt>
   <trkpt lat="38.1467950" lon="34.1700760">
    <ele>2450.8</ele>
   </trkpt>
   <trkpt lat="38.1467920" lon="34.1700760">
    <ele>2450.8</ele>
   </trkpt>
   <trkpt lat="38.1467790" lon="34.1700770">
    <ele>2451.0</ele>
   </trkpt>
   <trkpt lat="38.1467750" lon="34.1700770">
    <ele>2449.8</ele>
   </trkpt>
   <trkpt lat="38.1467740" lon="34.1700770">
    <ele>2449.8</ele>
   </trkpt>
   <trkpt lat="38.1467730" lon="34.1700770">
    <ele>2449.8</ele>
   </trkpt>
   <trkpt lat="38.1467720" lon="34.1700770">
    <ele>2450.0</ele>
   </trkpt>
   <trkpt lat="38.1467710" lon="34.1700770">
    <ele>2450.2</ele>
   </trkpt>
   <trkpt lat="38.1467690" lon="34.1700770">
    <ele>2451.0</ele>
   </trkpt>
   <trkpt lat="38.1467540" lon="34.1700770">
    <ele>2451.0</ele>
   </trkpt>
   <trkpt lat="38.1467410" lon="34.1700770">
    <ele>2451.2</ele>
   </trkpt>
   <trkpt lat="38.1467200" lon="34.1700780">
    <ele>2451.2</ele>
   </trkpt>
   <trkpt lat="38.1467110" lon="34.1700780">
    <ele>2451.0</ele>
   </trkpt>
   <trkpt lat="38.1467070" lon="34.1700780">
    <ele>2451.0</ele>
   </trkpt>
   <trkpt lat="38.1466860" lon="34.1700780">
    <ele>2452.0</ele>
   </trkpt>
   <trkpt lat="38.1466790" lon="34.1700780">
    <ele>2451.8</ele>
   </trkpt>
   <trkpt lat="38.1466710" lon="34.1700780">
    <ele>2452.2</ele>
   </trkpt>
   <trkpt lat="38.1466380" lon="34.1700790">
    <ele>2452.0</ele>
   </trkpt>
   <trkpt lat="38.1466310" lon="34.1700790">
    <ele>2452.2</ele>
   </trkpt>
   <trkpt lat="38.1466170" lon="34.1700790">
    <ele>2452.4</ele>
   </trkpt>
   <trkpt lat="38.1466160" lon="34.1700790">
    <ele>2452.4</ele>
   </trkpt>
   <trkpt lat="38.1466080" lon="34.1700790">
    <ele>2453.0</ele>
   </trkpt>
   <trkpt lat="38.1465950" lon="34.1700800">
    <ele>2454.0</ele>
   </trkpt>
   <trkpt lat="38.1465940" lon="34.1700800">
    <ele>2454.0</ele>
   </trkpt>
   <trkpt lat="38.1465880" lon="34.1700800">
    <ele>2454.4</ele>
   </trkpt>
   <trkpt lat="38.1465870" lon="34.1700800">
    <ele>2454.8</ele>
   </trkpt>
   <trkpt lat="38.1465830" lon="34.1700800">
    <ele>2455.0</ele>
   </trkpt>
   <trkpt lat="38.1465790" lon="34.1700800">
    <ele>2455.4</ele>
   </trkpt>
   <trkpt lat="38.1465670" lon="34.1700800">
    <ele>2456.2</ele>
   </trkpt>
   <trkpt lat="38.1465630" lon="34.1700800">
    <ele>2456.6</ele>
   </trkpt>
   <trkpt lat="38.1465590" lon="34.1700800">
    <ele>2457.0</ele>
   </trkpt>
   <trkpt lat="38.1465580" lon="34.1700800">
    <ele>2457.2</ele>
   </trkpt>
   <trkpt lat="38.1465430" lon="34.1700810">
    <ele>2458.2</ele>
   </trkpt>
   <trkpt lat="38.1465420" lon="34.1700810">
    <ele>2458.4</ele>
   </trkpt>
   <trkpt lat="38.1465380" lon="34.1700810">
    <ele>2459.4</ele>
   </trkpt>
   <trkpt lat="38.1465250" lon="34.1700810">
    <ele>2460.6</ele>
   </trkpt>
   <trkpt lat="38.1465130" lon="34.1700810">
    <ele>2461.6</ele>
   </trkpt>
   <trkpt lat="38.1465060" lon="34.1700810">
    <ele>2462.6</ele>
   </trkpt>
   <trkpt lat="38.1464900" lon="34.1700810">
    <ele>2463.8</ele>
   </trkpt>
   <trkpt lat="38.1464790" lon="34.1700810">
    <ele>2464.8</ele>
   </trkpt>
   <trkpt lat="38.1464740" lon="34.1700820">
    <ele>2466.0</ele>
   </trkpt>
   <trkpt lat="38.1464700" lon="34.1700820">
    <ele>2466.6</ele>
   </trkpt>
   <trkpt lat="38.1464680" lon="34.1700820">
    <ele>2467.0</ele>
   </trkpt>
   <trkpt lat="38.1464610" lon="34.1700820">
    <ele>2468.2</ele>
   </trkpt>
   <trkpt lat="38.1464490" lon="34.1700820">
    <ele>2468.8</ele>
   </trkpt>
   <trkpt lat="38.1464480" lon="34.1700820">
    <ele>2469.4</ele>
   </trkpt>
   <trkpt lat="38.1464410" lon="34.1700820">
    <ele>2470.0</ele>
   </trkpt>
   <trkpt lat="38.1464290" lon="34.1700820">
    <ele>2470.4</ele>
   </trkpt>
   <trkpt lat="38.1464230" lon="34.1700820">
    <ele>2471.4</ele>
   </trkpt>
   <trkpt lat="38.1464090" lon="34.1700830">
    <ele>2472.4</ele>
   </trkpt>
   <trkpt lat="38.1464040" lon="34.1700830">
    <ele>2473.4</ele>
   </trkpt>
   <trkpt lat="38.1463950" lon="34.1700830">
    <ele>2474.4</ele>
   </trkpt>
   <trkpt lat="38.1463780" lon="34.1700830">
    <ele>2475.6</ele>
   </trkpt>
   <trkpt lat="38.1463650" lon="34.1700840">
    <ele>2476.6</ele>
   </trkpt>
   <trkpt lat="38.1463600" lon="34.1700840">
    <ele>2477.8</ele>
   </trkpt>
   <trkpt lat="38.1463360" lon="34.1700850">
    <ele>2478.4</ele>
   </trkpt>
   <trkpt lat="38.1463290" lon="34.1700850">
    <ele>2478.4</ele>
   </trkpt>
   <trkpt lat="38.1463260" lon="34.1700850">
    <ele>2478.8</ele>
   </trkpt>
   <trkpt lat="38.1463190" lon="34.1700850">
    <ele>2479.0</ele>
   </trkpt>
   <trkpt lat="38.1463150" lon="34.1700860">
    <ele>2480.0</ele>
   </trkpt>
   <trkpt lat="38.1463030" lon="34.1700860">
    <ele>2481.0</ele>
   </trkpt>
   <trkpt lat="38.1462990" lon="34.1700860">
    <ele>2481.4</ele>
   </trkpt>
   <trkpt lat="38.1462910" lon="34.1700870">
    <ele>2481.8</ele>
   </trkpt>
   <trkpt lat="38.1462870" lon="34.1700870">
    <ele>2482.0</ele>
   </trkpt>
   <trkpt lat="38.1462750" lon="34.1700880">
    <ele>2483.0</ele>
   </trkpt>
   <trkpt lat="38.1462540" lon="34.1700890">
    <ele>2484.0</ele>
   </trkpt>
   <trkpt lat="38.1462450" lon="34.1700890">
    <ele>2485.2</ele>
   </trkpt>
   <trkpt lat="38.1462390" lon="34.1700900">
    <ele>2486.2</ele>
   </trkpt>
   <trkpt lat="38.1462270" lon="34.1700900">
    <ele>2487.2</ele>
   </trkpt>
   <trkpt lat="38.1462060" lon="34.1700910">
    <ele>2487.6</ele>
   </trkpt>
   <trkpt lat="38.1461950" lon="34.1700920">
    <ele>2488.2</ele>
   </trkpt>
   <trkpt lat="38.1461910" lon="34.1700920">
    <ele>2488.4</ele>
   </trkpt>
   <trkpt lat="38.1461870" lon="34.1700920">
    <ele>2488.2</ele>
   </trkpt>
   <trkpt lat="38.1461740" lon="34.1700930">
    <ele>2489.2</ele>
   </trkpt>
   <trkpt lat="38.1461640" lon="34.1700940">
    <ele>2490.4</ele>
   </trkpt>
   <trkpt lat="38.1461560" lon="34.1700940">
    <ele>2490.4</ele>
   </trkpt>
   <trkpt lat="38.1461470" lon="34.1700950">
    <ele>2491.0</ele>
   </trkpt>
   <trkpt lat="38.1461390" lon="34.1700950">
    <ele>2491.4</ele>
   </trkpt>
   <trkpt lat="38.1461300" lon="34.1700960">
    <ele>2492.6</ele>
   </trkpt>
   <trkpt lat="38.1461240" lon="34.1700960">
    <ele>2492.8</ele>
   </trkpt>
   <trkpt lat="38.1461140" lon="34.1700970">
    <ele>2493.0</ele>
   </trkpt>
   <trkpt lat="38.1461130" lon="34.1700970">
    <ele>2493.0</ele>
   </trkpt>
   <trkpt lat="38.1461000" lon="34.1700980">
    <ele>2493.6</ele>
   </trkpt>
   <trkpt lat="38.1460910" lon="34.1700980">
    <ele>2494.0</ele>
   </trkpt>
   <trkpt lat="38.1460860" lon="34.1700980">
    <ele>2494.0</ele>
   </trkpt>
   <trkpt lat="38.1460770" lon="34.1700990">
    <ele>2494.8</ele>
   </trkpt>
   <trkpt lat="38.1460580" lon="34.1701000">
    <ele>2495.8</ele>
   </trkpt>
   <trkpt lat="38.1460460" lon="34.1701010">
    <ele>2497.0</ele>
   </trkpt>
   <trkpt lat="38.1460390" lon="34.1701020">
    <ele>2497.2</ele>
   </trkpt>
   <trkpt lat="38.1460320" lon="34.1701020">
    <ele>2498.0</ele>
   </trkpt>
   <trkpt lat="38.1460270" lon="34.1701020">
    <ele>2498.4</ele>
   </trkpt>
   <trkpt lat="38.1460130" lon="34.1701030">
    <ele>2498.6</ele>
   </trkpt>
   <trkpt lat="38.1460100" lon="34.1701030">
    <ele>2499.0</ele>
   </trkpt>
   <trkpt lat="38.1460030" lon="34.1701040">
    <ele>2500.0</ele>
   </trkpt>
   <trkpt lat="38.1459970" lon="34.1701040">
    <ele>2500.0</ele>
   </trkpt>
   <trkpt lat="38.1459920" lon="34.1701050">
    <ele>2501.2</ele>
   </trkpt>
   <trkpt lat="38.1459750" lon="34.1701060">
    <ele>2502.2</ele>
   </trkpt>
   <trkpt lat="38.1459690" lon="34.1701060">
    <ele>2503.0</ele>
   </trkpt>
   <trkpt lat="38.1459580" lon="34.1701070">
    <ele>2503.4</ele>
   </trkpt>
   <trkpt lat="38.1459420" lon="34.1701080">
    <ele>2504.4</ele>
   </trkpt>
   <trkpt lat="38.1459280" lon="34.1701090">
    <ele>2505.4</ele>
   </trkpt>
   <trkpt lat="38.1459210" lon="34.1701090">
    <ele>2505.4</ele>
   </trkpt>
   <trkpt lat="38.1459110" lon="34.1701100">
    <ele>2506.4</ele>
   </trkpt>
   <trkpt lat="38.1459060" lon="34.1701100">
    <ele>2506.6</ele>
   </trkpt>
   <trkpt lat="38.1458970" lon="34.1701110">
    <ele>2506.6</ele>
   </trkpt>
   <trkpt lat="38.1458920" lon="34.1701110">
    <ele>2506.4</ele>
   </trkpt>
   <trkpt lat="38.1458880" lon="34.1701120">
    <ele>2507.4</ele>
   </trkpt>
   <trkpt lat="38.1458860" lon="34.1701120">
    <ele>2507.4</ele>
   </trkpt>
   <trkpt lat="38.1458800" lon="34.1701120">
    <ele>2508.6</ele>
   </trkpt>
   <trkpt lat="38.1458740" lon="34.1701130">
    <ele>2509.2</ele>
   </trkpt>
   <trkpt lat="38.1458700" lon="34.1701130">
    <ele>2509.2</ele>
   </trkpt>
   <trkpt lat="38.1458660" lon="34.1701130">
    <ele>2509.6</ele>
   </trkpt>
   <trkpt lat="38.1458610" lon="34.1701130">
    <ele>2509.8</ele>
   </trkpt>
   <trkpt lat="38.1458460" lon="34.1701140">
    <ele>2510.6</ele>
   </trkpt>
   <trkpt lat="38.1458210" lon="34.1701160">
    <ele>2511.8</ele>
   </trkpt>
   <trkpt lat="38.1458180" lon="34.1701160">
    <ele>2511.8</ele>
   </trkpt>
   <trkpt lat="38.1458120" lon="34.1701170">
    <ele>2512.4</ele>
   </trkpt>
   <trkpt lat="38.1458070" lon="34.1701170">
    <ele>2512.8</ele>
   </trkpt>
   <trkpt lat="38.1458000" lon="34.1701170">
    <ele>2513.0</ele>
   </trkpt>
   <trkpt lat="38.1457940" lon="34.1701180">
    <ele>2514.2</ele>
   </trkpt>
   <trkpt lat="38.1457890" lon="34.1701180">
    <ele>2513.8</ele>
   </trkpt>
   <trkpt lat="38.1457850" lon="34.1701180">
    <ele>2514.4</ele>
   </trkpt>
   <trkpt lat="38.1457600" lon="34.1701200">
    <ele>2514.0</ele>
   </trkpt>
   <trkpt lat="38.1457580" lon="34.1701200">
    <ele>2514.4</ele>
   </trkpt>
   <trkpt lat="38.1457460" lon="34.1701210">
    <ele>2515.0</ele>
   </trkpt>
   <trkpt lat="38.1457420" lon="34.1701210">
    <ele>2515.0</ele>
   </trkpt>
   <trkpt lat="38.1457220" lon="34.1701230">
    <ele>2515.0</ele>
   </trkpt>
   <trkpt lat="38.1457180" lon="34.1701230">
    <ele>2515.2</ele>
   </trkpt>
   <trkpt lat="38.1457150" lon="34.1701230">
    <ele>2515.0</ele>
   </trkpt>
   <trkpt lat="38.1457020" lon="34.1701240">
    <ele>2515.2</ele>
   </trkpt>
   <trkpt lat="38.1456950" lon="34.1701240">
    <ele>2515.2</ele>
   </trkpt>
   <trkpt lat="38.1456840" lon="34.1701250">
    <ele>2515.0</ele>
   </trkpt>
   <trkpt lat="38.1456620" lon="34.1701260">
    <ele>2515.0</ele>
   </trkpt>
   <trkpt lat="38.1456470" lon="34.1701270">
    <ele>2514.8</ele>
   </trkpt>
   <trkpt lat="38.1456210" lon="34.1701290">
    <ele>2514.6</ele>
   </trkpt>
   <trkpt lat="38.1456110" lon="34.1701300">
    <ele>2515.0</ele>
   </trkpt>
   <trkpt lat="38.1455850" lon="34.1701310">
    <ele>2514.8</ele>
   </trkpt>
   <trkpt lat="38.1455620" lon="34.1701330">
    <ele>2514.8</ele>
   </trkpt>
   <trkpt lat="38.1455260" lon="34.1701350">
    <ele>2514.6</ele>
   </trkpt>
   <trkpt lat="38.1455150" lon="34.1701360">
    <ele>2514.8</ele>
   </trkpt>
   <trkpt lat="38.1455040" lon="34.1701370">
    <ele>2514.6</ele>
   </trkpt>
   <trkpt lat="38.1454920" lon="34.1701380">
    <ele>2514.8</ele>
   </trkpt>
   <trkpt lat="38.1454870" lon="34.1701380">
    <ele>2514.8</ele>
   </trkpt>
   <trkpt lat="38.1454820" lon="34.1701380">
    <ele>2514.4</ele>
   </trkpt>
   <trkpt lat="38.1454770" lon="34.1701390">
    <ele>2514.4</ele>
   </trkpt>
   <trkpt lat="38.1454720" lon="34.1701390">
    <ele>2514.2</ele>
   </trkpt>
   <trkpt lat="38.1454710" lon="34.1701390">
    <ele>2514.2</ele>
   </trkpt>
   <trkpt lat="38.1454440" lon="34.1701410">
    <ele>2514.0</ele>
   </trkpt>
   <trkpt lat="38.1454350" lon="34.1701410">
    <ele>2513.8</ele>
   </trkpt>
   <trkpt lat="38.1454260" lon="34.1701420">
    <ele>2513.8</ele>
   </trkpt>
   <trkpt lat="38.1454040" lon="34.1701430">
    <ele>2513.0</ele>
   </trkpt>
   <trkpt lat="38.1453960" lon="34.1701440">
    <ele>2513.2</ele>
   </trkpt>
   <trkpt lat="38.1453940" lon="34.1701440">
    <ele>2513.2</ele>
   </trkpt>
   <trkpt lat="38.1453920" lon="34.1701440">
    <ele>2513.2</ele>
   </trkpt>
   <trkpt lat="38.1453690" lon="34.1701460">
    <ele>2513.8</ele>
   </trkpt>
   <trkpt lat="38.1453650" lon="34.1701460">
    <ele>2513.8</ele>
   </trkpt>
   <trkpt lat="38.1453620" lon="34.1701460">
    <ele>2513.8</ele>
   </trkpt>
   <trkpt lat="38.1453230" lon="34.1701490">
    <ele>2514.0</ele>
   </trkpt>
   <trkpt lat="38.1453210" lon="34.1701490">
    <ele>2514.2</ele>
   </trkpt>
   <trkpt lat="38.1452990" lon="34.1701500">
    <ele>2513.8</ele>
   </trkpt>
   <trkpt lat="38.1452950" lon="34.1701500">
    <ele>2513.0</ele>
   </trkpt>
   <trkpt lat="38.1452750" lon="34.1701520">
    <ele>2513.0</ele>
   </trkpt>
   <trkpt lat="38.1452720" lon="34.1701520">
    <ele>2513.0</ele>
   </trkpt>
   <trkpt lat="38.1452630" lon="34.1701520">
    <ele>2513.0</ele>
   </trkpt>
   <trkpt lat="38.1452620" lon="34.1701530">
    <ele>2513.0</ele>
   </trkpt>
   <trkpt lat="38.1452420" lon="34.1701540">
    <ele>2513.0</ele>
   </trkpt>
   <trkpt lat="38.1452410" lon="34.1701540">
    <ele>2513.0</ele>
   </trkpt>
   <trkpt lat="38.1452240" lon="34.1701550">
    <ele>2513.8</ele>
   </trkpt>
   <trkpt lat="38.1452220" lon="34.1701550">
    <ele>2514.2</ele>
   </trkpt>
   <trkpt lat="38.1452200" lon="34.1701550">
    <ele>2514.6</ele>
   </trkpt>
   <trkpt lat="38.1452190" lon="34.1701550">
    <ele>2515.0</ele>
   </trkpt>
   <trkpt lat="38.1452180" lon="34.1701550">
    <ele>2515.0</ele>
   </trkpt>
   <trkpt lat="38.1452180" lon="34.1701550">
    <ele>2515.0</ele>
   </trkpt>
   <trkpt lat="38.1452160" lon="34.1701560">
    <ele>2515.0</ele>
   </trkpt>
   <trkpt lat="38.1452130" lon="34.1701560">
    <ele>2515.2</ele>
   </trkpt>
   <trkpt lat="38.1452000" lon="34.1701570">
    <ele>2516.0</ele>
   </trkpt>
   <trkpt lat="38.1451980" lon="34.1701570">
    <ele>2516.0</ele>
   </trkpt>
   <trkpt lat="38.1451810" lon="34.1701580">
    <ele>2516.4</ele>
   </trkpt>
   <trkpt lat="38.1451800" lon="34.1701580">
    <ele>2516.4</ele>
   </trkpt>
   <trkpt lat="38.1451610" lon="34.1701590">
    <ele>2516.0</ele>
   </trkpt>
   <trkpt lat="38.1451580" lon="34.1701590">
    <ele>2515.8</ele>
   </trkpt>
   <trkpt lat="38.1451570" lon="34.1701590">
    <ele>2515.8</ele>
   </trkpt>
   <trkpt lat="38.1451570" lon="34.1701590">
    <ele>2515.8</ele>
   </trkpt>
   <trkpt lat="38.1451560" lon="34.1701590">
    <ele>2515.8</ele>
   </trkpt>
   <trkpt lat="38.1451550" lon="34.1701600">
    <ele>2515.8</ele>
   </trkpt>
   <trkpt lat="38.1451530" lon="34.1701600">
    <ele>2516.0</ele>
   </trkpt>
   <trkpt lat="38.1451410" lon="34.1701600">
    <ele>2516.2</ele>
   </trkpt>
   <trkpt lat="38.1451400" lon="34.1701610">
    <ele>2516.2</ele>
   </trkpt>
   <trkpt lat="38.1451370" lon="34.1701610">
    <ele>2516.2</ele>
   </trkpt>
   <trkpt lat="38.1451110" lon="34.1701620">
    <ele>2516.6</ele>
   </trkpt>
   <trkpt lat="38.1451070" lon="34.1701630">
    <ele>2517.0</ele>
   </trkpt>
   <trkpt lat="38.1451030" lon="34.1701630">
    <ele>2517.2</ele>
   </trkpt>
   <trkpt lat="38.1451010" lon="34.1701630">
    <ele>2517.2</ele>
   </trkpt>
   <trkpt lat="38.1450980" lon="34.1701630">
    <ele>2517.4</ele>
   </trkpt>
   <trkpt lat="38.1450750" lon="34.1701650">
    <ele>2518.2</ele>
   </trkpt>
   <trkpt lat="38.1450730" lon="34.1701650">
    <ele>2518.2</ele>
   </trkpt>
   <trkpt lat="38.1450520" lon="34.1701670">
    <ele>2518.4</ele>
   </trkpt>
   <trkpt lat="38.1450500" lon="34.1701670">
    <ele>2518.4</ele>
   </trkpt>
   <trkpt lat="38.1450480" lon="34.1701670">
    <ele>2518.4</ele>
   </trkpt>
   <trkpt lat="38.1450360" lon="34.1701680">
    <ele>2518.4</ele>
   </trkpt>
   <trkpt lat="38.1450350" lon="34.1701680">
    <ele>2518.4</ele>
   </trkpt>
   <trkpt lat="38.1450250" lon="34.1701690">
    <ele>2518.6</ele>
   </trkpt>
   <trkpt lat="38.1450240" lon="34.1701690">
    <ele>2518.6</ele>
   </trkpt>
   <trkpt lat="38.1450160" lon="34.1701700">
    <ele>2518.6</ele>
   </trkpt>
   <trkpt lat="38.1450080" lon="34.1701700">
    <ele>2518.6</ele>
   </trkpt>
   <trkpt lat="38.1450060" lon="34.1701710">
    <ele>2518.6</ele>
   </trkpt>
   <trkpt lat="38.1450000" lon="34.1701710">
    <ele>2518.8</ele>
   </trkpt>
   <trkpt lat="38.1449980" lon="34.1701710">
    <ele>2518.8</ele>
   </trkpt>
   <trkpt lat="38.1449880" lon="34.1701720">
    <ele>2518.6</ele>
   </trkpt>
   <trkpt lat="38.1449750" lon="34.1701730">
    <ele>2518.6</ele>
   </trkpt>
   <trkpt lat="38.1449730" lon="34.1701730">
    <ele>2518.8</ele>
   </trkpt>
   <trkpt lat="38.1449600" lon="34.1701740">
    <ele>2518.4</ele>
   </trkpt>
   <trkpt lat="38.1449560" lon="34.1701750">
    <ele>2518.8</ele>
   </trkpt>
   <trkpt lat="38.1449540" lon="34.1701750">
    <ele>2518.8</ele>
   </trkpt>
   <trkpt lat="38.1449500" lon="34.1701750">
    <ele>2519.0</ele>
   </trkpt>
   <trkpt lat="38.1449410" lon="34.1701760">
    <ele>2519.4</ele>
   </trkpt>
   <trkpt lat="38.1449340" lon="34.1701770">
    <ele>2519.6</ele>
   </trkpt>
   <trkpt lat="38.1449330" lon="34.1701770">
    <ele>2519.8</ele>
   </trkpt>
   <trkpt lat="38.1449190" lon="34.1701780">
    <ele>2520.2</ele>
   </trkpt>
   <trkpt lat="38.1449170" lon="34.1701780">
    <ele>2520.2</ele>
   </trkpt>
   <trkpt lat="38.1449020" lon="34.1701800">
    <ele>2520.4</ele>
   </trkpt>
   <trkpt lat="38.1448990" lon="34.1701800">
    <ele>2520.6</ele>
   </trkpt>
   <trkpt lat="38.1448880" lon="34.1701810">
    <ele>2521.6</ele>
   </trkpt>
   <trkpt lat="38.1448850" lon="34.1701810">
    <ele>2522.0</ele>
   </trkpt>
   <trkpt lat="38.1448830" lon="34.1701820">
    <ele>2522.4</ele>
   </trkpt>
   <trkpt lat="38.1448800" lon="34.1701820">
    <ele>2522.8</ele>
   </trkpt>
   <trkpt lat="38.1448780" lon="34.1701820">
    <ele>2522.8</ele>
   </trkpt>
   <trkpt lat="38.1448640" lon="34.1701830">
    <ele>2523.0</ele>
   </trkpt>
   <trkpt lat="38.1448570" lon="34.1701840">
    <ele>2523.2</ele>
   </trkpt>
   <trkpt lat="38.1448550" lon="34.1701840">
    <ele>2523.8</ele>
   </trkpt>
   <trkpt lat="38.1448480" lon="34.1701850">
    <ele>2524.6</ele>
   </trkpt>
   <trkpt lat="38.1448460" lon="34.1701850">
    <ele>2524.6</ele>
   </trkpt>
   <trkpt lat="38.1448420" lon="34.1701850">
    <ele>2524.8</ele>
   </trkpt>
   <trkpt lat="38.1448250" lon="34.1701870">
    <ele>2524.8</ele>
   </trkpt>
   <trkpt lat="38.1448150" lon="34.1701880">
    <ele>2525.2</ele>
   </trkpt>
   <trkpt lat="38.1448150" lon="34.1701880">
    <ele>2525.2</ele>
   </trkpt>
   <trkpt lat="38.1448100" lon="34.1701880">
    <ele>2526.0</ele>
   </trkpt>
   <trkpt lat="38.1447960" lon="34.1701900">
    <ele>2527.0</ele>
   </trkpt>
   <trkpt lat="38.1447860" lon="34.1701910">
    <ele>2527.4</ele>
   </trkpt>
   <trkpt lat="38.1447780" lon="34.1701910">
    <ele>2527.4</ele>
   </trkpt>
   <trkpt lat="38.1447710" lon="34.1701920">
    <ele>2527.8</ele>
   </trkpt>
   <trkpt lat="38.1447700" lon="34.1701920">
    <ele>2527.8</ele>
   </trkpt>
   <trkpt lat="38.1447670" lon="34.1701920">
    <ele>2528.4</ele>
   </trkpt>
   <trkpt lat="38.1447630" lon="34.1701930">
    <ele>2529.0</ele>
   </trkpt>
   <trkpt lat="38.1447620" lon="34.1701930">
    <ele>2529.2</ele>
   </trkpt>
   <trkpt lat="38.1447590" lon="34.1701930">
    <ele>2529.2</ele>
   </trkpt>
   <trkpt lat="38.1447540" lon="34.1701930">
    <ele>2529.6</ele>
   </trkpt>
   <trkpt lat="38.1447480" lon="34.1701940">
    <ele>2530.2</ele>
   </trkpt>
   <trkpt lat="38.1447460" lon="34.1701940">
    <ele>2530.2</ele>
   </trkpt>
   <trkpt lat="38.1447370" lon="34.1701950">
    <ele>2530.6</ele>
   </trkpt>
   <trkpt lat="38.1447210" lon="34.1701970">
    <ele>2531.6</ele>
   </trkpt>
   <trkpt lat="38.1447140" lon="34.1701970">
    <ele>2532.2</ele>
   </trkpt>
   <trkpt lat="38.1447110" lon="34.1701970">
    <ele>2532.6</ele>
   </trkpt>
   <trkpt lat="38.1446860" lon="34.1702000">
    <ele>2533.6</ele>
   </trkpt>
   <trkpt lat="38.1446780" lon="34.1702010">
    <ele>2533.6</ele>
   </trkpt>
   <trkpt lat="38.1446640" lon="34.1702020">
    <ele>2534.2</ele>
   </trkpt>
   <trkpt lat="38.1446610" lon="34.1702020">
    <ele>2534.8</ele>
   </trkpt>
   <trkpt lat="38.1446570" lon="34.1702030">
    <ele>2535.0</ele>
   </trkpt>
   <trkpt lat="38.1446500" lon="34.1702030">
    <ele>2535.4</ele>
   </trkpt>
   <trkpt lat="38.1446470" lon="34.1702030">
    <ele>2535.8</ele>
   </trkpt>
   <trkpt lat="38.1446410" lon="34.1702040">
    <ele>2536.2</ele>
   </trkpt>
   <trkpt lat="38.1446250" lon="34.1702060">
    <ele>2537.0</ele>
   </trkpt>
   <trkpt lat="38.1446030" lon="34.1702080">
    <ele>2538.0</ele>
   </trkpt>
   <trkpt lat="38.1445970" lon="34.1702080">
    <ele>2538.2</ele>
   </trkpt>
   <trkpt lat="38.1445850" lon="34.1702090">
    <ele>2539.2</ele>
   </trkpt>
   <trkpt lat="38.1445760" lon="34.1702100">
    <ele>2539.4</ele>
   </trkpt>
   <trkpt lat="38.1445670" lon="34.1702110">
    <ele>2540.2</ele>
   </trkpt>
   <trkpt lat="38.1445530" lon="34.1702120">
    <ele>2540.8</ele>
   </trkpt>
   <trkpt lat="38.1445520" lon="34.1702120">
    <ele>2540.8</ele>
   </trkpt>
   <trkpt lat="38.1445450" lon="34.1702130">
    <ele>2540.8</ele>
   </trkpt>
   <trkpt lat="38.1445330" lon="34.1702140">
    <ele>2540.8</ele>
   </trkpt>
   <trkpt lat="38.1445300" lon="34.1702140">
    <ele>2540.6</ele>
   </trkpt>
   <trkpt lat="38.1445290" lon="34.1702150">
    <ele>2540.6</ele>
   </trkpt>
   <trkpt lat="38.1445270" lon="34.1702150">
    <ele>2540.6</ele>
   </trkpt>
   <trkpt lat="38.1445200" lon="34.1702150">
    <ele>2540.4</ele>
   </trkpt>
   <trkpt lat="38.1445200" lon="34.1702150">
    <ele>2540.4</ele>
   </trkpt>
   <trkpt lat="38.1445160" lon="34.1702160">
    <ele>2540.4</ele>
   </trkpt>
   <trkpt lat="38.1445130" lon="34.1702160">
    <ele>2540.6</ele>
   </trkpt>
   <trkpt lat="38.1445090" lon="34.1702160">
    <ele>2541.2</ele>
   </trkpt>
   <trkpt lat="38.1445060" lon="34.1702170">
    <ele>2541.6</ele>
   </trkpt>
   <trkpt lat="38.1445060" lon="34.1702170">
    <ele>2541.8</ele>
   </trkpt>
   <trkpt lat="38.1445050" lon="34.1702170">
    <ele>2541.8</ele>
   </trkpt>
   <trkpt lat="38.1445040" lon="34.1702170">
    <ele>2541.8</ele>
   </trkpt>
   <trkpt lat="38.1445020" lon="34.1702170">
    <ele>2542.2</ele>
   </trkpt>
   <trkpt lat="38.1445000" lon="34.1702170">
    <ele>2542.6</ele>
   </trkpt>
   <trkpt lat="38.1444990" lon="34.1702170">
    <ele>2542.8</ele>
   </trkpt>
   <trkpt lat="38.1444970" lon="34.1702170">
    <ele>2543.2</ele>
   </trkpt>
   <trkpt lat="38.1444970" lon="34.1702170">
    <ele>2543.4</ele>
   </trkpt>
   <trkpt lat="38.1444940" lon="34.1702180">
    <ele>2544.0</ele>
   </trkpt>
   <trkpt lat="38.1444920" lon="34.1702180">
    <ele>2544.4</ele>
   </trkpt>
   <trkpt lat="38.1444880" lon="34.1702180">
    <ele>2545.0</ele>
   </trkpt>
   <trkpt lat="38.1444840" lon="34.1702190">
    <ele>2545.4</ele>
   </trkpt>
   <trkpt lat="38.1444770" lon="34.1702190">
    <ele>2546.4</ele>
   </trkpt>
   <trkpt lat="38.1444700" lon="34.1702200">
    <ele>2546.4</ele>
   </trkpt>
   <trkpt lat="38.1444680" lon="34.1702200">
    <ele>2546.4</ele>
   </trkpt>
   <trkpt lat="38.1444580" lon="34.1702210">
    <ele>2546.6</ele>
   </trkpt>
   <trkpt lat="38.1444510" lon="34.1702220">
    <ele>2546.4</ele>
   </trkpt>
   <trkpt lat="38.1444480" lon="34.1702220">
    <ele>2546.4</ele>
   </trkpt>
   <trkpt lat="38.1444450" lon="34.1702220">
    <ele>2546.4</ele>
   </trkpt>
   <trkpt lat="38.1444430" lon="34.1702220">
    <ele>2546.4</ele>
   </trkpt>
   <trkpt lat="38.1444410" lon="34.1702230">
    <ele>2546.4</ele>
   </trkpt>
   <trkpt lat="38.1444360" lon="34.1702230">
    <ele>2546.8</ele>
   </trkpt>
   <trkpt lat="38.1444330" lon="34.1702230">
    <ele>2547.6</ele>
   </trkpt>
   <trkpt lat="38.1444300" lon="34.1702240">
    <ele>2548.0</ele>
   </trkpt>
   <trkpt lat="38.1444270" lon="34.1702240">
    <ele>2548.6</ele>
   </trkpt>
   <trkpt lat="38.1444250" lon="34.1702240">
    <ele>2548.6</ele>
   </trkpt>
   <trkpt lat="38.1444220" lon="34.1702240">
    <ele>2548.6</ele>
   </trkpt>
   <trkpt lat="38.1444090" lon="34.1702260">
    <ele>2549.8</ele>
   </trkpt>
   <trkpt lat="38.1443880" lon="34.1702280">
    <ele>2550.6</ele>
   </trkpt>
   <trkpt lat="38.1443850" lon="34.1702280">
    <ele>2550.6</ele>
   </trkpt>
   <trkpt lat="38.1443820" lon="34.1702280">
    <ele>2550.8</ele>
   </trkpt>
   <trkpt lat="38.1443700" lon="34.1702300">
    <ele>2551.6</ele>
   </trkpt>
   <trkpt lat="38.1443660" lon="34.1702300">
    <ele>2551.4</ele>
   </trkpt>
   <trkpt lat="38.1443580" lon="34.1702310">
    <ele>2551.4</ele>
   </trkpt>
   <trkpt lat="38.1443500" lon="34.1702320">
    <ele>2551.8</ele>
   </trkpt>
   <trkpt lat="38.1443400" lon="34.1702330">
    <ele>2552.0</ele>
   </trkpt>
   <trkpt lat="38.1443250" lon="34.1702340">
    <ele>2552.2</ele>
   </trkpt>
   <trkpt lat="38.1443230" lon="34.1702340">
    <ele>2552.2</ele>
   </trkpt>
   <trkpt lat="38.1443160" lon="34.1702350">
    <ele>2553.0</ele>
   </trkpt>
   <trkpt lat="38.1443080" lon="34.1702360">
    <ele>2553.8</ele>
   </trkpt>
   <trkpt lat="38.1443050" lon="34.1702360">
    <ele>2553.8</ele>
   </trkpt>
   <trkpt lat="38.1443000" lon="34.1702370">
    <ele>2554.2</ele>
   </trkpt>
   <trkpt lat="38.1442980" lon="34.1702370">
    <ele>2554.4</ele>
   </trkpt>
   <trkpt lat="38.1442950" lon="34.1702370">
    <ele>2554.4</ele>
   </trkpt>
   <trkpt lat="38.1442800" lon="34.1702390">
    <ele>2554.2</ele>
   </trkpt>
   <trkpt lat="38.1442780" lon="34.1702390">
    <ele>2554.2</ele>
   </trkpt>
   <trkpt lat="38.1442760" lon="34.1702390">
    <ele>2554.2</ele>
   </trkpt>
   <trkpt lat="38.1442740" lon="34.1702400">
    <ele>2554.2</ele>
   </trkpt>
   <trkpt lat="38.1442710" lon="34.1702400">
    <ele>2554.6</ele>
   </trkpt>
   <trkpt lat="38.1442680" lon="34.1702400">
    <ele>2555.2</ele>
   </trkpt>
   <trkpt lat="38.1442630" lon="34.1702410">
    <ele>2556.2</ele>
   </trkpt>
   <trkpt lat="38.1442590" lon="34.1702410">
    <ele>2557.0</ele>
   </trkpt>
   <trkpt lat="38.1442580" lon="34.1702410">
    <ele>2557.4</ele>
   </trkpt>
   <trkpt lat="38.1442540" lon="34.1702420">
    <ele>2557.8</ele>
   </trkpt>
   <trkpt lat="38.1442530" lon="34.1702420">
    <ele>2558.2</ele>
   </trkpt>
   <trkpt lat="38.1442520" lon="34.1702420">
    <ele>2558.4</ele>
   </trkpt>
   <trkpt lat="38.1442510" lon="34.1702420">
    <ele>2558.6</ele>
   </trkpt>
   <trkpt lat="38.1442480" lon="34.1702420">
    <ele>2558.6</ele>
   </trkpt>
   <trkpt lat="38.1442460" lon="34.1702420">
    <ele>2558.4</ele>
   </trkpt>
   <trkpt lat="38.1442410" lon="34.1702430">
    <ele>2559.2</ele>
   </trkpt>
   <trkpt lat="38.1442400" lon="34.1702430">
    <ele>2559.4</ele>
   </trkpt>
   <trkpt lat="38.1442300" lon="34.1702440">
    <ele>2560.4</ele>
   </trkpt>
   <trkpt lat="38.1442270" lon="34.1702450">
    <ele>2560.6</ele>
   </trkpt>
   <trkpt lat="38.1442200" lon="34.1702450">
    <ele>2561.4</ele>
   </trkpt>
   <trkpt lat="38.1442090" lon="34.1702470">
    <ele>2562.4</ele>
   </trkpt>
   <trkpt lat="38.1442080" lon="34.1702470">
    <ele>2562.6</ele>
   </trkpt>
   <trkpt lat="38.1442010" lon="34.1702470">
    <ele>2563.8</ele>
   </trkpt>
   <trkpt lat="38.1441910" lon="34.1702490">
    <ele>2563.6</ele>
   </trkpt>
   <trkpt lat="38.1441760" lon="34.1702500">
    <ele>2565.0</ele>
   </trkpt>
   <trkpt lat="38.1441570" lon="34.1702520">
    <ele>2566.0</ele>
   </trkpt>
   <trkpt lat="38.1441530" lon="34.1702530">
    <ele>2567.0</ele>
   </trkpt>
   <trkpt lat="38.1441480" lon="34.1702530">
    <ele>2568.2</ele>
   </trkpt>
   <trkpt lat="38.1441390" lon="34.1702540">
    <ele>2569.2</ele>
   </trkpt>
   <trkpt lat="38.1441350" lon="34.1702550">
    <ele>2570.0</ele>
   </trkpt>
   <trkpt lat="38.1441340" lon="34.1702550">
    <ele>2570.2</ele>
   </trkpt>
   <trkpt lat="38.1441220" lon="34.1702560">
    <ele>2570.0</ele>
   </trkpt>
   <trkpt lat="38.1441210" lon="34.1702560">
    <ele>2570.0</ele>
   </trkpt>
   <trkpt lat="38.1441050" lon="34.1702580">
    <ele>2571.2</ele>
   </trkpt>
   <trkpt lat="38.1440970" lon="34.1702590">
    <ele>2571.4</ele>
   </trkpt>
   <trkpt lat="38.1440940" lon="34.1702590">
    <ele>2572.4</ele>
   </trkpt>
   <trkpt lat="38.1440890" lon="34.1702600">
    <ele>2573.0</ele>
   </trkpt>
   <trkpt lat="38.1440870" lon="34.1702600">
    <ele>2573.4</ele>
   </trkpt>
   <trkpt lat="38.1440810" lon="34.1702610">
    <ele>2574.2</ele>
   </trkpt>
   <trkpt lat="38.1440800" lon="34.1702610">
    <ele>2574.4</ele>
   </trkpt>
   <trkpt lat="38.1440750" lon="34.1702610">
    <ele>2575.4</ele>
   </trkpt>
   <trkpt lat="38.1440730" lon="34.1702620">
    <ele>2576.0</ele>
   </trkpt>
   <trkpt lat="38.1440690" lon="34.1702620">
    <ele>2576.6</ele>
   </trkpt>
   <trkpt lat="38.1440590" lon="34.1702630">
    <ele>2577.6</ele>
   </trkpt>
   <trkpt lat="38.1440540" lon="34.1702640">
    <ele>2578.8</ele>
   </trkpt>
   <trkpt lat="38.1440500" lon="34.1702640">
    <ele>2579.4</ele>
   </trkpt>
   <trkpt lat="38.1440450" lon="34.1702650">
    <ele>2580.0</ele>
   </trkpt>
   <trkpt lat="38.1440360" lon="34.1702660">
    <ele>2581.0</ele>
   </trkpt>
   <trkpt lat="38.1440310" lon="34.1702660">
    <ele>2582.0</ele>
   </trkpt>
   <trkpt lat="38.1440220" lon="34.1702680">
    <ele>2583.0</ele>
   </trkpt>
   <trkpt lat="38.1440150" lon="34.1702680">
    <ele>2584.0</ele>
   </trkpt>
   <trkpt lat="38.1440100" lon="34.1702690">
    <ele>2585.2</ele>
   </trkpt>
   <trkpt lat="38.1440050" lon="34.1702700">
    <ele>2586.2</ele>
   </trkpt>
   <trkpt lat="38.1439940" lon="34.1702710">
    <ele>2587.2</ele>
   </trkpt>
   <trkpt lat="38.1439830" lon="34.1702720">
    <ele>2588.4</ele>
   </trkpt>
   <trkpt lat="38.1439750" lon="34.1702730">
    <ele>2589.4</ele>
   </trkpt>
   <trkpt lat="38.1439670" lon="34.1702750">
    <ele>2589.6</ele>
   </trkpt>
   <trkpt lat="38.1439510" lon="34.1702770">
    <ele>2589.8</ele>
   </trkpt>
   <trkpt lat="38.1439450" lon="34.1702780">
    <ele>2589.8</ele>
   </trkpt>
   <trkpt lat="38.1439400" lon="34.1702780">
    <ele>2590.0</ele>
   </trkpt>
   <trkpt lat="38.1439330" lon="34.1702790">
    <ele>2590.4</ele>
   </trkpt>
   <trkpt lat="38.1439210" lon="34.1702810">
    <ele>2591.4</ele>
   </trkpt>
   <trkpt lat="38.1439170" lon="34.1702820">
    <ele>2591.4</ele>
   </trkpt>
   <trkpt lat="38.1439060" lon="34.1702830">
    <ele>2591.6</ele>
   </trkpt>
   <trkpt lat="38.1438990" lon="34.1702840">
    <ele>2592.6</ele>
   </trkpt>
   <trkpt lat="38.1438960" lon="34.1702850">
    <ele>2592.8</ele>
   </trkpt>
   <trkpt lat="38.1438910" lon="34.1702860">
    <ele>2593.2</ele>
   </trkpt>
   <trkpt lat="38.1438880" lon="34.1702860">
    <ele>2593.4</ele>
   </trkpt>
   <trkpt lat="38.1438780" lon="34.1702880">
    <ele>2593.6</ele>
   </trkpt>
   <trkpt lat="38.1438670" lon="34.1702890">
    <ele>2594.0</ele>
   </trkpt>
   <trkpt lat="38.1438590" lon="34.1702910">
    <ele>2594.4</ele>
   </trkpt>
   <trkpt lat="38.1438580" lon="34.1702910">
    <ele>2594.2</ele>
   </trkpt>
   <trkpt lat="38.1438570" lon="34.1702910">
    <ele>2594.2</ele>
   </trkpt>
   <trkpt lat="38.1438520" lon="34.1702920">
    <ele>2594.4</ele>
   </trkpt>
   <trkpt lat="38.1438460" lon="34.1702930">
    <ele>2594.4</ele>
   </trkpt>
   <trkpt lat="38.1438420" lon="34.1702930">
    <ele>2594.2</ele>
   </trkpt>
   <trkpt lat="38.1438400" lon="34.1702940">
    <ele>2594.2</ele>
   </trkpt>
   <trkpt lat="38.1438320" lon="34.1702950">
    <ele>2594.0</ele>
   </trkpt>
   <trkpt lat="38.1438180" lon="34.1702970">
    <ele>2594.6</ele>
   </trkpt>
   <trkpt lat="38.1438050" lon="34.1702990">
    <ele>2595.6</ele>
   </trkpt>
   <trkpt lat="38.1438040" lon="34.1702990">
    <ele>2595.8</ele>
   </trkpt>
   <trkpt lat="38.1438020" lon="34.1702990">
    <ele>2596.0</ele>
   </trkpt>
   <trkpt lat="38.1438010" lon="34.1703000">
    <ele>2595.8</ele>
   </trkpt>
   <trkpt lat="38.1437970" lon="34.1703000">
    <ele>2595.0</ele>
   </trkpt>
   <trkpt lat="38.1437840" lon="34.1703020">
    <ele>2594.6</ele>
   </trkpt>
   <trkpt lat="38.1437760" lon="34.1703030">
    <ele>2594.8</ele>
   </trkpt>
   <trkpt lat="38.1437740" lon="34.1703040">
    <ele>2595.0</ele>
   </trkpt>
   <trkpt lat="38.1437730" lon="34.1703040">
    <ele>2595.0</ele>
   </trkpt>
   <trkpt lat="38.1437710" lon="34.1703040">
    <ele>2594.8</ele>
   </trkpt>
   <trkpt lat="38.1437620" lon="34.1703060">
    <ele>2595.8</ele>
   </trkpt>
   <trkpt lat="38.1437410" lon="34.1703090">
    <ele>2595.6</ele>
   </trkpt>
   <trkpt lat="38.1437360" lon="34.1703100">
    <ele>2595.6</ele>
   </trkpt>
   <trkpt lat="38.1437290" lon="34.1703110">
    <ele>2595.8</ele>
   </trkpt>
   <trkpt lat="38.1437280" lon="34.1703110">
    <ele>2595.8</ele>
   </trkpt>
   <trkpt lat="38.1437250" lon="34.1703120">
    <ele>2596.0</ele>
   </trkpt>
   <trkpt lat="38.1437190" lon="34.1703130">
    <ele>2596.8</ele>
   </trkpt>
   <trkpt lat="38.1436960" lon="34.1703160">
    <ele>2596.0</ele>
   </trkpt>
   <trkpt lat="38.1436950" lon="34.1703160">
    <ele>2596.0</ele>
   </trkpt>
   <trkpt lat="38.1436940" lon="34.1703170">
    <ele>2596.0</ele>
   </trkpt>
   <trkpt lat="38.1436920" lon="34.1703170">
    <ele>2596.0</ele>
   </trkpt>
   <trkpt lat="38.1436790" lon="34.1703190">
    <ele>2597.4</ele>
   </trkpt>
   <trkpt lat="38.1436730" lon="34.1703200">
    <ele>2597.6</ele>
   </trkpt>
   <trkpt lat="38.1436690" lon="34.1703210">
    <ele>2597.8</ele>
   </trkpt>
   <trkpt lat="38.1436550" lon="34.1703230">
    <ele>2598.8</ele>
   </trkpt>
   <trkpt lat="38.1436520" lon="34.1703240">
    <ele>2599.0</ele>
   </trkpt>
   <trkpt lat="38.1436510" lon="34.1703240">
    <ele>2599.0</ele>
   </trkpt>
   <trkpt lat="38.1436490" lon="34.1703240">
    <ele>2599.2</ele>
   </trkpt>
   <trkpt lat="38.1436450" lon="34.1703250">
    <ele>2599.4</ele>
   </trkpt>
   <trkpt lat="38.1436300" lon="34.1703270">
    <ele>2599.4</ele>
   </trkpt>
   <trkpt lat="38.1436170" lon="34.1703300">
    <ele>2599.6</ele>
   </trkpt>
   <trkpt lat="38.1436080" lon="34.1703310">
    <ele>2599.6</ele>
   </trkpt>
   <trkpt lat="38.1436080" lon="34.1703310">
    <ele>2599.6</ele>
   </trkpt>
   <trkpt lat="38.1436000" lon="34.1703330">
    <ele>2599.6</ele>
   </trkpt>
   <trkpt lat="38.1435980" lon="34.1703330">
    <ele>2599.8</ele>
   </trkpt>
   <trkpt lat="38.1435970" lon="34.1703330">
    <ele>2599.8</ele>
   </trkpt>
   <trkpt lat="38.1435890" lon="34.1703350">
    <ele>2599.8</ele>
   </trkpt>
   <trkpt lat="38.1435820" lon="34.1703360">
    <ele>2599.8</ele>
   </trkpt>
   <trkpt lat="38.1435740" lon="34.1703370">
    <ele>2599.8</ele>
   </trkpt>
   <trkpt lat="38.1435690" lon="34.1703390">
    <ele>2599.6</ele>
   </trkpt>
   <trkpt lat="38.1435460" lon="34.1703430">
    <ele>2599.4</ele>
   </trkpt>
   <trkpt lat="38.1435430" lon="34.1703430">
    <ele>2599.4</ele>
   </trkpt>
   <trkpt lat="38.1435420" lon="34.1703440">
    <ele>2599.4</ele>
   </trkpt>
   <trkpt lat="38.1435370" lon="34.1703450">
    <ele>2599.0</ele>
   </trkpt>
   <trkpt lat="38.1435310" lon="34.1703460">
    <ele>2599.0</ele>
   </trkpt>
   <trkpt lat="38.1435190" lon="34.1703480">
    <ele>2598.6</ele>
   </trkpt>
   <trkpt lat="38.1434880" lon="34.1703540">
    <ele>2598.0</ele>
   </trkpt>
   <trkpt lat="38.1434870" lon="34.1703540">
    <ele>2598.0</ele>
   </trkpt>
   <trkpt lat="38.1434860" lon="34.1703550">
    <ele>2598.0</ele>
   </trkpt>
   <trkpt lat="38.1434850" lon="34.1703550">
    <ele>2597.8</ele>
   </trkpt>
   <trkpt lat="38.1434810" lon="34.1703560">
    <ele>2597.6</ele>
   </trkpt>
   <trkpt lat="38.1434790" lon="34.1703560">
    <ele>2597.4</ele>
   </trkpt>
   <trkpt lat="38.1434760" lon="34.1703570">
    <ele>2596.8</ele>
   </trkpt>
   <trkpt lat="38.1434700" lon="34.1703580">
    <ele>2595.8</ele>
   </trkpt>
   <trkpt lat="38.1434650" lon="34.1703590">
    <ele>2594.8</ele>
   </trkpt>
   <trkpt lat="38.1434610" lon="34.1703600">
    <ele>2594.2</ele>
   </trkpt>
   <trkpt lat="38.1434520" lon="34.1703620">
    <ele>2593.6</ele>
   </trkpt>
   <trkpt lat="38.1434470" lon="34.1703630">
    <ele>2593.4</ele>
   </trkpt>
   <trkpt lat="38.1434280" lon="34.1703670">
    <ele>2593.4</ele>
   </trkpt>
   <trkpt lat="38.1434200" lon="34.1703690">
    <ele>2593.6</ele>
   </trkpt>
   <trkpt lat="38.1434160" lon="34.1703700">
    <ele>2593.6</ele>
   </trkpt>
   <trkpt lat="38.1434160" lon="34.1703700">
    <ele>2593.6</ele>
   </trkpt>
   <trkpt lat="38.1434150" lon="34.1703700">
    <ele>2593.6</ele>
   </trkpt>
   <trkpt lat="38.1434150" lon="34.1703700">
    <ele>2593.6</ele>
   </trkpt>
   <trkpt lat="38.1434130" lon="34.1703710">
    <ele>2593.4</ele>
   </trkpt>
   <trkpt lat="38.1434080" lon="34.1703720">
    <ele>2593.8</ele>
   </trkpt>
   <trkpt lat="38.1434060" lon="34.1703720">
    <ele>2594.2</ele>
   </trkpt>
   <trkpt lat="38.1434010" lon="34.1703730">
    <ele>2594.8</ele>
   </trkpt>
   <trkpt lat="38.1433860" lon="34.1703770">
    <ele>2594.0</ele>
   </trkpt>
   <trkpt lat="38.1433850" lon="34.1703770">
    <ele>2594.0</ele>
   </trkpt>
   <trkpt lat="38.1433670" lon="34.1703820">
    <ele>2593.8</ele>
   </trkpt>
   <trkpt lat="38.1433520" lon="34.1703850">
    <ele>2594.2</ele>
   </trkpt>
   <trkpt lat="38.1433430" lon="34.1703880">
    <ele>2594.0</ele>
   </trkpt>
   <trkpt lat="38.1433340" lon="34.1703900">
    <ele>2594.0</ele>
   </trkpt>
   <trkpt lat="38.1433320" lon="34.1703900">
    <ele>2594.0</ele>
   </trkpt>
   <trkpt lat="38.1433200" lon="34.1703930">
    <ele>2595.8</ele>
   </trkpt>
   <trkpt lat="38.1433170" lon="34.1703940">
    <ele>2596.2</ele>
   </trkpt>
   <trkpt lat="38.1433160" lon="34.1703940">
    <ele>2596.2</ele>
   </trkpt>
   <trkpt lat="38.1433150" lon="34.1703950">
    <ele>2596.4</ele>
   </trkpt>
   <trkpt lat="38.1432970" lon="34.1703990">
    <ele>2596.2</ele>
   </trkpt>
   <trkpt lat="38.1432930" lon="34.1704000">
    <ele>2596.0</ele>
   </trkpt>
   <trkpt lat="38.1432910" lon="34.1704010">
    <ele>2596.0</ele>
   </trkpt>
   <trkpt lat="38.1432880" lon="34.1704020">
    <ele>2596.0</ele>
   </trkpt>
   <trkpt lat="38.1432860" lon="34.1704020">
    <ele>2596.0</ele>
   </trkpt>
   <trkpt lat="38.1432830" lon="34.1704030">
    <ele>2596.0</ele>
   </trkpt>
   <trkpt lat="38.1432770" lon="34.1704040">
    <ele>2596.0</ele>
   </trkpt>
   <trkpt lat="38.1432760" lon="34.1704040">
    <ele>2596.0</ele>
   </trkpt>
   <trkpt lat="38.1432750" lon="34.1704050">
    <ele>2596.0</ele>
   </trkpt>
   <trkpt lat="38.1432640" lon="34.1704070">
    <ele>2595.8</ele>
   </trkpt>
   <trkpt lat="38.1432620" lon="34.1704080">
    <ele>2595.8</ele>
   </trkpt>
   <trkpt lat="38.1432570" lon="34.1704090">
    <ele>2595.8</ele>
   </trkpt>
   <trkpt lat="38.1432540" lon="34.1704100">
    <ele>2595.8</ele>
   </trkpt>
   <trkpt lat="38.1432510" lon="34.1704110">
    <ele>2595.8</ele>
   </trkpt>
   <trkpt lat="38.1432410" lon="34.1704130">
    <ele>2595.6</ele>
   </trkpt>
   <trkpt lat="38.1432400" lon="34.1704140">
    <ele>2595.6</ele>
   </trkpt>
   <trkpt lat="38.1432350" lon="34.1704150">
    <ele>2595.6</ele>
   </trkpt>
   <trkpt lat="38.1432260" lon="34.1704170">
    <ele>2595.6</ele>
   </trkpt>
   <trkpt lat="38.1432050" lon="34.1704230">
    <ele>2596.4</ele>
   </trkpt>
   <trkpt lat="38.1432040" lon="34.1704230">
    <ele>2596.4</ele>
   </trkpt>
   <trkpt lat="38.1432030" lon="34.1704230">
    <ele>2596.4</ele>
   </trkpt>
   <trkpt lat="38.1432000" lon="34.1704240">
    <ele>2596.2</ele>
   </trkpt>
   <trkpt lat="38.1431970" lon="34.1704250">
    <ele>2596.2</ele>
   </trkpt>
   <trkpt lat="38.1431960" lon="34.1704250">
    <ele>2596.2</ele>
   </trkpt>
   <trkpt lat="38.1431870" lon="34.1704270">
    <ele>2597.0</ele>
   </trkpt>
   <trkpt lat="38.1431720" lon="34.1704310">
    <ele>2597.8</ele>
   </trkpt>
   <trkpt lat="38.1431630" lon="34.1704330">
    <ele>2597.8</ele>
   </trkpt>
   <trkpt lat="38.1431600" lon="34.1704340">
    <ele>2597.8</ele>
   </trkpt>
   <trkpt lat="38.1431590" lon="34.1704350">
    <ele>2597.8</ele>
   </trkpt>
   <trkpt lat="38.1431520" lon="34.1704360">
    <ele>2597.6</ele>
   </trkpt>
   <trkpt lat="38.1431490" lon="34.1704370">
    <ele>2597.6</ele>
   </trkpt>
   <trkpt lat="38.1431370" lon="34.1704400">
    <ele>2598.0</ele>
   </trkpt>
   <trkpt lat="38.1431270" lon="34.1704430">
    <ele>2597.6</ele>
   </trkpt>
   <trkpt lat="38.1431160" lon="34.1704460">
    <ele>2597.6</ele>
   </trkpt>
   <trkpt lat="38.1430960" lon="34.1704510">
    <ele>2598.2</ele>
   </trkpt>
   <trkpt lat="38.1430760" lon="34.1704570">
    <ele>2599.0</ele>
   </trkpt>
   <trkpt lat="38.1430700" lon="34.1704580">
    <ele>2599.4</ele>
   </trkpt>
   <trkpt lat="38.1430690" lon="34.1704590">
    <ele>2599.2</ele>
   </trkpt>
   <trkpt lat="38.1430590" lon="34.1704610">
    <ele>2599.4</ele>
   </trkpt>
   <trkpt lat="38.1430440" lon="34.1704650">
    <ele>2599.8</ele>
   </trkpt>
   <trkpt lat="38.1430430" lon="34.1704660">
    <ele>2599.8</ele>
   </trkpt>
   <trkpt lat="38.1430410" lon="34.1704660">
    <ele>2599.6</ele>
   </trkpt>
   <trkpt lat="38.1430280" lon="34.1704700">
    <ele>2599.8</ele>
   </trkpt>
   <trkpt lat="38.1430240" lon="34.1704710">
    <ele>2600.2</ele>
   </trkpt>
   <trkpt lat="38.1430220" lon="34.1704710">
    <ele>2600.4</ele>
   </trkpt>
   <trkpt lat="38.1430200" lon="34.1704720">
    <ele>2600.4</ele>
   </trkpt>
   <trkpt lat="38.1430170" lon="34.1704730">
    <ele>2600.4</ele>
   </trkpt>
   <trkpt lat="38.1430160" lon="34.1704730">
    <ele>2600.4</ele>
   </trkpt>
   <trkpt lat="38.1430130" lon="34.1704740">
    <ele>2600.4</ele>
   </trkpt>
   <trkpt lat="38.1429940" lon="34.1704790">
    <ele>2600.4</ele>
   </trkpt>
   <trkpt lat="38.1429770" lon="34.1704840">
    <ele>2601.2</ele>
   </trkpt>
   <trkpt lat="38.1429730" lon="34.1704850">
    <ele>2601.2</ele>
   </trkpt>
   <trkpt lat="38.1429690" lon="34.1704860">
    <ele>2601.4</ele>
   </trkpt>
   <trkpt lat="38.1429660" lon="34.1704870">
    <ele>2601.4</ele>
   </trkpt>
   <trkpt lat="38.1429620" lon="34.1704880">
    <ele>2601.4</ele>
   </trkpt>
   <trkpt lat="38.1429560" lon="34.1704900">
    <ele>2602.2</ele>
   </trkpt>
   <trkpt lat="38.1429520" lon="34.1704910">
    <ele>2603.2</ele>
   </trkpt>
   <trkpt lat="38.1429490" lon="34.1704910">
    <ele>2603.2</ele>
   </trkpt>
   <trkpt lat="38.1429490" lon="34.1704920">
    <ele>2603.2</ele>
   </trkpt>
   <trkpt lat="38.1429400" lon="34.1704940">
    <ele>2603.2</ele>
   </trkpt>
   <trkpt lat="38.1429340" lon="34.1704960">
    <ele>2603.4</ele>
   </trkpt>
   <trkpt lat="38.1429320" lon="34.1704960">
    <ele>2603.4</ele>
   </trkpt>
   <trkpt lat="38.1429180" lon="34.1705000">
    <ele>2603.0</ele>
   </trkpt>
   <trkpt lat="38.1429160" lon="34.1705010">
    <ele>2603.0</ele>
   </trkpt>
   <trkpt lat="38.1429140" lon="34.1705010">
    <ele>2603.0</ele>
   </trkpt>
   <trkpt lat="38.1429140" lon="34.1705010">
    <ele>2603.0</ele>
   </trkpt>
   <trkpt lat="38.1429120" lon="34.1705020">
    <ele>2603.0</ele>
   </trkpt>
   <trkpt lat="38.1428960" lon="34.1705060">
    <ele>2603.0</ele>
   </trkpt>
   <trkpt lat="38.1428930" lon="34.1705070">
    <ele>2603.0</ele>
   </trkpt>
   <trkpt lat="38.1428920" lon="34.1705070">
    <ele>2603.0</ele>
   </trkpt>
   <trkpt lat="38.1428910" lon="34.1705070">
    <ele>2603.2</ele>
   </trkpt>
   <trkpt lat="38.1428860" lon="34.1705090">
    <ele>2604.0</ele>
   </trkpt>
   <trkpt lat="38.1428810" lon="34.1705100">
    <ele>2604.0</ele>
   </trkpt>
   <trkpt lat="38.1428780" lon="34.1705110">
    <ele>2603.8</ele>
   </trkpt>
   <trkpt lat="38.1428660" lon="34.1705140">
    <ele>2603.8</ele>
   </trkpt>
   <trkpt lat="38.1428590" lon="34.1705160">
    <ele>2604.4</ele>
   </trkpt>
   <trkpt lat="38.1428520" lon="34.1705180">
    <ele>2604.2</ele>
   </trkpt>
   <trkpt lat="38.1428510" lon="34.1705180">
    <ele>2604.0</ele>
   </trkpt>
   <trkpt lat="38.1428420" lon="34.1705210">
    <ele>2604.4</ele>
   </trkpt>
   <trkpt lat="38.1428360" lon="34.1705230">
    <ele>2604.0</ele>
   </trkpt>
   <trkpt lat="38.1428290" lon="34.1705240">
    <ele>2603.8</ele>
   </trkpt>
   <trkpt lat="38.1428270" lon="34.1705250">
    <ele>2603.8</ele>
   </trkpt>
   <trkpt lat="38.1428190" lon="34.1705270">
    <ele>2603.8</ele>
   </trkpt>
   <trkpt lat="38.1428170" lon="34.1705280">
    <ele>2603.8</ele>
   </trkpt>
   <trkpt lat="38.1428130" lon="34.1705290">
    <ele>2603.8</ele>
   </trkpt>
   <trkpt lat="38.1427910" lon="34.1705350">
    <ele>2603.8</ele>
   </trkpt>
   <trkpt lat="38.1427590" lon="34.1705430">
    <ele>2604.2</ele>
   </trkpt>
   <trkpt lat="38.1427380" lon="34.1705490">
    <ele>2604.0</ele>
   </trkpt>
   <trkpt lat="38.1427270" lon="34.1705520">
    <ele>2603.6</ele>
   </trkpt>
   <trkpt lat="38.1427250" lon="34.1705530">
    <ele>2603.8</ele>
   </trkpt>
   <trkpt lat="38.1427140" lon="34.1705560">
    <ele>2605.4</ele>
   </trkpt>
   <trkpt lat="38.1427080" lon="34.1705570">
    <ele>2606.4</ele>
   </trkpt>
   <trkpt lat="38.1427060" lon="34.1705580">
    <ele>2607.2</ele>
   </trkpt>
   <trkpt lat="38.1427040" lon="34.1705580">
    <ele>2607.2</ele>
   </trkpt>
   <trkpt lat="38.1426990" lon="34.1705600">
    <ele>2607.6</ele>
   </trkpt>
   <trkpt lat="38.1426940" lon="34.1705610">
    <ele>2607.6</ele>
   </trkpt>
   <trkpt lat="38.1426930" lon="34.1705610">
    <ele>2607.6</ele>
   </trkpt>
   <trkpt lat="38.1426910" lon="34.1705620">
    <ele>2607.6</ele>
   </trkpt>
   <trkpt lat="38.1426840" lon="34.1705640">
    <ele>2608.6</ele>
   </trkpt>
   <trkpt lat="38.1426710" lon="34.1705670">
    <ele>2609.6</ele>
   </trkpt>
   <trkpt lat="38.1426670" lon="34.1705680">
    <ele>2609.6</ele>
   </trkpt>
   <trkpt lat="38.1426450" lon="34.1705740">
    <ele>2610.4</ele>
   </trkpt>
   <trkpt lat="38.1426410" lon="34.1705750">
    <ele>2610.6</ele>
   </trkpt>
   <trkpt lat="38.1426310" lon="34.1705780">
    <ele>2611.6</ele>
   </trkpt>
   <trkpt lat="38.1426140" lon="34.1705820">
    <ele>2612.0</ele>
   </trkpt>
   <trkpt lat="38.1426130" lon="34.1705820">
    <ele>2612.0</ele>
   </trkpt>
   <trkpt lat="38.1426080" lon="34.1705840">
    <ele>2612.0</ele>
   </trkpt>
   <trkpt lat="38.1426070" lon="34.1705840">
    <ele>2612.0</ele>
   </trkpt>
   <trkpt lat="38.1425970" lon="34.1705870">
    <ele>2612.6</ele>
   </trkpt>
   <trkpt lat="38.1425860" lon="34.1705890">
    <ele>2613.6</ele>
   </trkpt>
   <trkpt lat="38.1425750" lon="34.1705920">
    <ele>2614.8</ele>
   </trkpt>
   <trkpt lat="38.1425680" lon="34.1705940">
    <ele>2615.4</ele>
   </trkpt>
   <trkpt lat="38.1425660" lon="34.1705950">
    <ele>2615.4</ele>
   </trkpt>
   <trkpt lat="38.1425570" lon="34.1705970">
    <ele>2615.8</ele>
   </trkpt>
   <trkpt lat="38.1425520" lon="34.1705980">
    <ele>2616.0</ele>
   </trkpt>
   <trkpt lat="38.1425450" lon="34.1706000">
    <ele>2616.0</ele>
   </trkpt>
   <trkpt lat="38.1425410" lon="34.1706010">
    <ele>2616.6</ele>
   </trkpt>
   <trkpt lat="38.1425400" lon="34.1706010">
    <ele>2616.8</ele>
   </trkpt>
   <trkpt lat="38.1425290" lon="34.1706040">
    <ele>2617.6</ele>
   </trkpt>
   <trkpt lat="38.1425280" lon="34.1706040">
    <ele>2617.6</ele>
   </trkpt>
   <trkpt lat="38.1425250" lon="34.1706050">
    <ele>2617.8</ele>
   </trkpt>
   <trkpt lat="38.1425160" lon="34.1706070">
    <ele>2619.0</ele>
   </trkpt>
   <trkpt lat="38.1425000" lon="34.1706110">
    <ele>2620.0</ele>
   </trkpt>
   <trkpt lat="38.1424960" lon="34.1706120">
    <ele>2620.2</ele>
   </trkpt>
   <trkpt lat="38.1424930" lon="34.1706130">
    <ele>2620.4</ele>
   </trkpt>
   <trkpt lat="38.1424820" lon="34.1706160">
    <ele>2621.2</ele>
   </trkpt>
   <trkpt lat="38.1424670" lon="34.1706190">
    <ele>2622.2</ele>
   </trkpt>
   <trkpt lat="38.1424650" lon="34.1706200">
    <ele>2622.2</ele>
   </trkpt>
   <trkpt lat="38.1424650" lon="34.1706200">
    <ele>2622.2</ele>
   </trkpt>
   <trkpt lat="38.1424600" lon="34.1706210">
    <ele>2623.4</ele>
   </trkpt>
   <trkpt lat="38.1424540" lon="34.1706230">
    <ele>2624.0</ele>
   </trkpt>
   <trkpt lat="38.1424470" lon="34.1706240">
    <ele>2624.2</ele>
   </trkpt>
   <trkpt lat="38.1424460" lon="34.1706250">
    <ele>2624.4</ele>
   </trkpt>
   <trkpt lat="38.1424460" lon="34.1706250">
    <ele>2624.4</ele>
   </trkpt>
   <trkpt lat="38.1424350" lon="34.1706280">
    <ele>2624.6</ele>
   </trkpt>
   <trkpt lat="38.1424230" lon="34.1706300">
    <ele>2625.6</ele>
   </trkpt>
   <trkpt lat="38.1424020" lon="34.1706350">
    <ele>2626.6</ele>
   </trkpt>
   <trkpt lat="38.1423970" lon="34.1706370">
    <ele>2627.8</ele>
   </trkpt>
   <trkpt lat="38.1423930" lon="34.1706380">
    <ele>2628.2</ele>
   </trkpt>
   <trkpt lat="38.1423900" lon="34.1706380">
    <ele>2628.6</ele>
   </trkpt>
   <trkpt lat="38.1423850" lon="34.1706400">
    <ele>2628.8</ele>
   </trkpt>
   <trkpt lat="38.1423760" lon="34.1706420">
    <ele>2629.8</ele>
   </trkpt>
   <trkpt lat="38.1423740" lon="34.1706420">
    <ele>2630.4</ele>
   </trkpt>
   <trkpt lat="38.1423710" lon="34.1706430">
    <ele>2630.8</ele>
   </trkpt>
   <trkpt lat="38.1423710" lon="34.1706430">
    <ele>2631.0</ele>
   </trkpt>
   <trkpt lat="38.1423680" lon="34.1706440">
    <ele>2631.0</ele>
   </trkpt>
   <trkpt lat="38.1423570" lon="34.1706460">
    <ele>2631.2</ele>
   </trkpt>
   <trkpt lat="38.1423550" lon="34.1706470">
    <ele>2631.2</ele>
   </trkpt>
   <trkpt lat="38.1423510" lon="34.1706480">
    <ele>2631.6</ele>
   </trkpt>
   <trkpt lat="38.1423420" lon="34.1706500">
    <ele>2631.8</ele>
   </trkpt>
   <trkpt lat="38.1423420" lon="34.1706500">
    <ele>2632.0</ele>
   </trkpt>
   <trkpt lat="38.1423380" lon="34.1706510">
    <ele>2632.8</ele>
   </trkpt>
   <trkpt lat="38.1423370" lon="34.1706510">
    <ele>2633.2</ele>
   </trkpt>
   <trkpt lat="38.1423210" lon="34.1706550">
    <ele>2634.0</ele>
   </trkpt>
   <trkpt lat="38.1423130" lon="34.1706560">
    <ele>2634.0</ele>
   </trkpt>
   <trkpt lat="38.1423020" lon="34.1706590">
    <ele>2634.0</ele>
   </trkpt>
   <trkpt lat="38.1422930" lon="34.1706610">
    <ele>2633.8</ele>
   </trkpt>
   <trkpt lat="38.1422760" lon="34.1706650">
    <ele>2633.4</ele>
   </trkpt>
   <trkpt lat="38.1422650" lon="34.1706670">
    <ele>2633.6</ele>
   </trkpt>
   <trkpt lat="38.1422640" lon="34.1706680">
    <ele>2633.6</ele>
   </trkpt>
   <trkpt lat="38.1422510" lon="34.1706710">
    <ele>2633.4</ele>
   </trkpt>
   <trkpt lat="38.1422320" lon="34.1706750">
    <ele>2633.2</ele>
   </trkpt>
   <trkpt lat="38.1422240" lon="34.1706770">
    <ele>2632.8</ele>
   </trkpt>
   <trkpt lat="38.1422140" lon="34.1706790">
    <ele>2632.4</ele>
   </trkpt>
   <trkpt lat="38.1421980" lon="34.1706830">
    <ele>2632.6</ele>
   </trkpt>
   <trkpt lat="38.1421890" lon="34.1706850">
    <ele>2632.2</ele>
   </trkpt>
   <trkpt lat="38.1421880" lon="34.1706850">
    <ele>2632.2</ele>
   </trkpt>
   <trkpt lat="38.1421850" lon="34.1706860">
    <ele>2632.0</ele>
   </trkpt>
   <trkpt lat="38.1421460" lon="34.1706950">
    <ele>2631.2</ele>
   </trkpt>
   <trkpt lat="38.1421410" lon="34.1706960">
    <ele>2631.0</ele>
   </trkpt>
   <trkpt lat="38.1421030" lon="34.1707050">
    <ele>2630.8</ele>
   </trkpt>
   <trkpt lat="38.1421000" lon="34.1707060">
    <ele>2630.8</ele>
   </trkpt>
   <trkpt lat="38.1420990" lon="34.1707060">
    <ele>2631.0</ele>
   </trkpt>
   <trkpt lat="38.1420870" lon="34.1707090">
    <ele>2630.8</ele>
   </trkpt>
   <trkpt lat="38.1420860" lon="34.1707090">
    <ele>2630.8</ele>
   </trkpt>
   <trkpt lat="38.1420860" lon="34.1707090">
    <ele>2630.8</ele>
   </trkpt>
   <trkpt lat="38.1420780" lon="34.1707110">
    <ele>2630.0</ele>
   </trkpt>
   <trkpt lat="38.1420610" lon="34.1707150">
    <ele>2628.8</ele>
   </trkpt>
   <trkpt lat="38.1420580" lon="34.1707160">
    <ele>2627.8</ele>
   </trkpt>
   <trkpt lat="38.1420550" lon="34.1707160">
    <ele>2626.8</ele>
   </trkpt>
   <trkpt lat="38.1420520" lon="34.1707170">
    <ele>2625.6</ele>
   </trkpt>
   <trkpt lat="38.1420500" lon="34.1707180">
    <ele>2625.0</ele>
   </trkpt>
   <trkpt lat="38.1420480" lon="34.1707180">
    <ele>2624.6</ele>
   </trkpt>
   <trkpt lat="38.1420450" lon="34.1707190">
    <ele>2623.6</ele>
   </trkpt>
   <trkpt lat="38.1420420" lon="34.1707190">
    <ele>2622.4</ele>
   </trkpt>
   <trkpt lat="38.1420400" lon="34.1707200">
    <ele>2621.4</ele>
   </trkpt>
   <trkpt lat="38.1420360" lon="34.1707210">
    <ele>2620.2</ele>
   </trkpt>
   <trkpt lat="38.1420330" lon="34.1707220">
    <ele>2619.2</ele>
   </trkpt>
   <trkpt lat="38.1420280" lon="34.1707230">
    <ele>2618.0</ele>
   </trkpt>
   <trkpt lat="38.1419920" lon="34.1707320">
    <ele>2617.0</ele>
   </trkpt>
   <trkpt lat="38.1419820" lon="34.1707340">
    <ele>2617.0</ele>
   </trkpt>
   <trkpt lat="38.1419820" lon="34.1707350">
    <ele>2617.0</ele>
   </trkpt>
   <trkpt lat="38.1419810" lon="34.1707350">
    <ele>2617.0</ele>
   </trkpt>
   <trkpt lat="38.1419790" lon="34.1707350">
    <ele>2616.8</ele>
   </trkpt>
   <trkpt lat="38.1419660" lon="34.1707390">
    <ele>2616.4</ele>
   </trkpt>
   <trkpt lat="38.1419580" lon="34.1707410">
    <ele>2616.0</ele>
   </trkpt>
   <trkpt lat="38.1419240" lon="34.1707490">
    <ele>2615.8</ele>
   </trkpt>
   <trkpt lat="38.1418990" lon="34.1707560">
    <ele>2616.2</ele>
   </trkpt>
   <trkpt lat="38.1418980" lon="34.1707560">
    <ele>2616.2</ele>
   </trkpt>
   <trkpt lat="38.1418920" lon="34.1707570">
    <ele>2617.2</ele>
   </trkpt>
   <trkpt lat="38.1418870" lon="34.1707590">
    <ele>2618.2</ele>
   </trkpt>
   <trkpt lat="38.1418840" lon="34.1707590">
    <ele>2618.6</ele>
   </trkpt>
   <trkpt lat="38.1418830" lon="34.1707600">
    <ele>2618.6</ele>
   </trkpt>
   <trkpt lat="38.1418810" lon="34.1707600">
    <ele>2619.2</ele>
   </trkpt>
   <trkpt lat="38.1418770" lon="34.1707610">
    <ele>2620.2</ele>
   </trkpt>
   <trkpt lat="38.1418720" lon="34.1707630">
    <ele>2621.4</ele>
   </trkpt>
   <trkpt lat="38.1418620" lon="34.1707650">
    <ele>2622.4</ele>
   </trkpt>
   <trkpt lat="38.1418590" lon="34.1707660">
    <ele>2622.8</ele>
   </trkpt>
   <trkpt lat="38.1418560" lon="34.1707660">
    <ele>2623.4</ele>
   </trkpt>
   <trkpt lat="38.1418520" lon="34.1707670">
    <ele>2623.8</ele>
   </trkpt>
   <trkpt lat="38.1418490" lon="34.1707680">
    <ele>2624.6</ele>
   </trkpt>
   <trkpt lat="38.1418450" lon="34.1707690">
    <ele>2625.0</ele>
   </trkpt>
   <trkpt lat="38.1418430" lon="34.1707700">
    <ele>2625.6</ele>
   </trkpt>
   <trkpt lat="38.1418340" lon="34.1707720">
    <ele>2626.6</ele>
   </trkpt>
   <trkpt lat="38.1418320" lon="34.1707720">
    <ele>2626.8</ele>
   </trkpt>
   <trkpt lat="38.1418310" lon="34.1707720">
    <ele>2627.2</ele>
   </trkpt>
   <trkpt lat="38.1418290" lon="34.1707730">
    <ele>2627.8</ele>
   </trkpt>
   <trkpt lat="38.1418190" lon="34.1707750">
    <ele>2628.8</ele>
   </trkpt>
   <trkpt lat="38.1418160" lon="34.1707760">
    <ele>2628.8</ele>
   </trkpt>
   <trkpt lat="38.1418050" lon="34.1707780">
    <ele>2628.4</ele>
   </trkpt>
   <trkpt lat="38.1417940" lon="34.1707810">
    <ele>2628.4</ele>
   </trkpt>
   <trkpt lat="38.1417900" lon="34.1707820">
    <ele>2628.2</ele>
   </trkpt>
   <trkpt lat="38.1417830" lon="34.1707830">
    <ele>2628.2</ele>
   </trkpt>
   <trkpt lat="38.1417760" lon="34.1707850">
    <ele>2628.4</ele>
   </trkpt>
   <trkpt lat="38.1417750" lon="34.1707850">
    <ele>2628.2</ele>
   </trkpt>
   <trkpt lat="38.1417730" lon="34.1707860">
    <ele>2628.2</ele>
   </trkpt>
   <trkpt lat="38.1417680" lon="34.1707870">
    <ele>2628.6</ele>
   </trkpt>
   <trkpt lat="38.1417600" lon="34.1707890">
    <ele>2629.0</ele>
   </trkpt>
   <trkpt lat="38.1417590" lon="34.1707890">
    <ele>2629.0</ele>
   </trkpt>
   <trkpt lat="38.1417570" lon="34.1707890">
    <ele>2629.0</ele>
   </trkpt>
   <trkpt lat="38.1417540" lon="34.1707900">
    <ele>2629.0</ele>
   </trkpt>
   <trkpt lat="38.1417420" lon="34.1707930">
    <ele>2628.8</ele>
   </trkpt>
   <trkpt lat="38.1417340" lon="34.1707950">
    <ele>2629.8</ele>
   </trkpt>
   <trkpt lat="38.1417300" lon="34.1707960">
    <ele>2630.4</ele>
   </trkpt>
   <trkpt lat="38.1417180" lon="34.1707980">
    <ele>2629.8</ele>
   </trkpt>
   <trkpt lat="38.1417170" lon="34.1707990">
    <ele>2629.8</ele>
   </trkpt>
   <trkpt lat="38.1417140" lon="34.1707990">
    <ele>2629.4</ele>
   </trkpt>
   <trkpt lat="38.1417140" lon="34.1707990">
    <ele>2629.4</ele>
   </trkpt>
   <trkpt lat="38.1417090" lon="34.1708010">
    <ele>2629.6</ele>
   </trkpt>
   <trkpt lat="38.1417010" lon="34.1708020">
    <ele>2630.2</ele>
   </trkpt>
   <trkpt lat="38.1416200" lon="34.1708210">
    <ele>2629.6</ele>
   </trkpt>
   <trkpt lat="38.1416190" lon="34.1708210">
    <ele>2629.8</ele>
   </trkpt>
   <trkpt lat="38.1416160" lon="34.1708220">
    <ele>2630.0</ele>
   </trkpt>
   <trkpt lat="38.1415930" lon="34.1708270">
    <ele>2630.4</ele>
   </trkpt>
   <trkpt lat="38.1415930" lon="34.1708270">
    <ele>2630.4</ele>
   </trkpt>
   <trkpt lat="38.1415910" lon="34.1708280">
    <ele>2630.4</ele>
   </trkpt>
   <trkpt lat="38.1415890" lon="34.1708280">
    <ele>2631.0</ele>
   </trkpt>
   <trkpt lat="38.1415710" lon="34.1708320">
    <ele>2630.0</ele>
   </trkpt>
   <trkpt lat="38.1415600" lon="34.1708340">
    <ele>2632.0</ele>
   </trkpt>
   <trkpt lat="38.1405800" lon="34.1710560">
    <ele>2632.6</ele>
   </trkpt>
   <trkpt lat="38.1396040" lon="34.1712760">
    <ele>2632.6</ele>
   </trkpt>
   <trkpt lat="38.1386280" lon="34.1714950">
    <ele>2632.6</ele>
   </trkpt>
   <trkpt lat="38.1376520" lon="34.1717150">
    <ele>2632.6</ele>
   </trkpt>
   <trkpt lat="38.1366770" lon="34.1719360">
    <ele>2632.4</ele>
   </trkpt>
   <trkpt lat="38.1361900" lon="34.1720460">
    <ele>2632.0</ele>
   </trkpt>
   <trkpt lat="38.1357030" lon="34.1721580">
    <ele>2632.0</ele>
   </trkpt>
   <trkpt lat="38.1352150" lon="34.1722690">
    <ele>2631.0</ele>
   </trkpt>
   <trkpt lat="38.1347270" lon="34.1723800">
    <ele>2630.6</ele>
   </trkpt>
   <trkpt lat="38.1337520" lon="34.1726020">
    <ele>2630.8</ele>
   </trkpt>
   <trkpt lat="38.1332650" lon="34.1727130">
    <ele>2630.8</ele>
   </trkpt>
   <trkpt lat="38.1327780" lon="34.1728240">
    <ele>2630.8</ele>
   </trkpt>
   <trkpt lat="38.1322910" lon="34.1729340">
    <ele>2630.8</ele>
   </trkpt>
   <trkpt lat="38.1320470" lon="34.1729880">
    <ele>2631.4</ele>
   </trkpt>
   <trkpt lat="38.1320470" lon="34.1729880">
    <ele>2631.4</ele>
   </trkpt>
   <trkpt lat="38.1318880" lon="34.1730300">
    <ele>2631.6</ele>
   </trkpt>
   <trkpt lat="38.1318060" lon="34.1730590">
    <ele>2630.8</ele>
   </trkpt>
   <trkpt lat="38.1318070" lon="34.1730650">
    <ele>2632.0</ele>
   </trkpt>
   <trkpt lat="38.1318070" lon="34.1730660">
    <ele>2632.2</ele>
   </trkpt>
   <trkpt lat="38.1318110" lon="34.1730660">
    <ele>2633.0</ele>
   </trkpt>
   <trkpt lat="38.1318140" lon="34.1730690">
    <ele>2632.4</ele>
   </trkpt>
   <trkpt lat="38.1318160" lon="34.1730690">
    <ele>2632.0</ele>
   </trkpt>
   <trkpt lat="38.1318180" lon="34.1730690">
    <ele>2631.8</ele>
   </trkpt>
   <trkpt lat="38.1318210" lon="34.1730680">
    <ele>2632.0</ele>
   </trkpt>
   <trkpt lat="38.1318290" lon="34.1730690">
    <ele>2632.0</ele>
   </trkpt>
   <trkpt lat="38.1318310" lon="34.1730690">
    <ele>2632.0</ele>
   </trkpt>
   <trkpt lat="38.1318320" lon="34.1730690">
    <ele>2633.0</ele>
   </trkpt>
   <trkpt lat="38.1318250" lon="34.1730740">
    <ele>2634.0</ele>
   </trkpt>
   <trkpt lat="38.1318240" lon="34.1730770">
    <ele>2634.4</ele>
   </trkpt>
   <trkpt lat="38.1318230" lon="34.1730770">
    <ele>2634.4</ele>
   </trkpt>
   <trkpt lat="38.1318200" lon="34.1730770">
    <ele>2634.4</ele>
   </trkpt>
   <trkpt lat="38.1318130" lon="34.1730770">
    <ele>2635.4</ele>
   </trkpt>
   <trkpt lat="38.1318050" lon="34.1730750">
    <ele>2636.8</ele>
   </trkpt>
   <trkpt lat="38.1318040" lon="34.1730740">
    <ele>2637.8</ele>
   </trkpt>
   <trkpt lat="38.1318020" lon="34.1730720">
    <ele>2638.4</ele>
   </trkpt>
   <trkpt lat="38.1318010" lon="34.1730710">
    <ele>2638.8</ele>
   </trkpt>
   <trkpt lat="38.1318000" lon="34.1730710">
    <ele>2639.0</ele>
   </trkpt>
   <trkpt lat="38.1317990" lon="34.1730700">
    <ele>2639.0</ele>
   </trkpt>
   <trkpt lat="38.1317970" lon="34.1730680">
    <ele>2639.4</ele>
   </trkpt>
   <trkpt lat="38.1317970" lon="34.1730680">
    <ele>2640.0</ele>
   </trkpt>
   <trkpt lat="38.1317960" lon="34.1730670">
    <ele>2640.8</ele>
   </trkpt>
   <trkpt lat="38.1317960" lon="34.1730670">
    <ele>2641.0</ele>
   </trkpt>
   <trkpt lat="38.1317930" lon="34.1730640">
    <ele>2641.2</ele>
   </trkpt>
   <trkpt lat="38.1317910" lon="34.1730620">
    <ele>2640.8</ele>
   </trkpt>
   <trkpt lat="38.1317880" lon="34.1730600">
    <ele>2642.0</ele>
   </trkpt>
   <trkpt lat="38.1317870" lon="34.1730580">
    <ele>2643.4</ele>
   </trkpt>
   <trkpt lat="38.1317860" lon="34.1730580">
    <ele>2643.8</ele>
   </trkpt>
   <trkpt lat="38.1317850" lon="34.1730570">
    <ele>2644.6</ele>
   </trkpt>
   <trkpt lat="38.1317820" lon="34.1730530">
    <ele>2645.0</ele>
   </trkpt>
   <trkpt lat="38.1317780" lon="34.1730490">
    <ele>2645.6</ele>
   </trkpt>
   <trkpt lat="38.1317750" lon="34.1730460">
    <ele>2646.6</ele>
   </trkpt>
   <trkpt lat="38.1317740" lon="34.1730460">
    <ele>2646.6</ele>
   </trkpt>
   <trkpt lat="38.1317740" lon="34.1730450">
    <ele>2646.6</ele>
   </trkpt>
   <trkpt lat="38.1317690" lon="34.1730400">
    <ele>2647.8</ele>
   </trkpt>
   <trkpt lat="38.1317670" lon="34.1730380">
    <ele>2648.4</ele>
   </trkpt>
   <trkpt lat="38.1317650" lon="34.1730370">
    <ele>2649.0</ele>
   </trkpt>
   <trkpt lat="38.1317610" lon="34.1730330">
    <ele>2650.0</ele>
   </trkpt>
   <trkpt lat="38.1317520" lon="34.1730260">
    <ele>2651.2</ele>
   </trkpt>
   <trkpt lat="38.1317480" lon="34.1730230">
    <ele>2652.4</ele>
   </trkpt>
   <trkpt lat="38.1317450" lon="34.1730200">
    <ele>2653.4</ele>
   </trkpt>
   <trkpt lat="38.1317440" lon="34.1730190">
    <ele>2653.2</ele>
   </trkpt>
   <trkpt lat="38.1317400" lon="34.1730160">
    <ele>2653.6</ele>
   </trkpt>
   <trkpt lat="38.1317390" lon="34.1730150">
    <ele>2653.6</ele>
   </trkpt>
   <trkpt lat="38.1317340" lon="34.1730110">
    <ele>2654.2</ele>
   </trkpt>
   <trkpt lat="38.1317320" lon="34.1730090">
    <ele>2654.2</ele>
   </trkpt>
   <trkpt lat="38.1317310" lon="34.1730080">
    <ele>2654.4</ele>
   </trkpt>
   <trkpt lat="38.1317300" lon="34.1730070">
    <ele>2654.4</ele>
   </trkpt>
   <trkpt lat="38.1317280" lon="34.1730050">
    <ele>2654.0</ele>
   </trkpt>
   <trkpt lat="38.1317230" lon="34.1730000">
    <ele>2655.6</ele>
   </trkpt>
   <trkpt lat="38.1317220" lon="34.1729990">
    <ele>2656.6</ele>
   </trkpt>
   <trkpt lat="38.1317170" lon="34.1729960">
    <ele>2657.2</ele>
   </trkpt>
   <trkpt lat="38.1317160" lon="34.1729950">
    <ele>2658.0</ele>
   </trkpt>
   <trkpt lat="38.1317110" lon="34.1729910">
    <ele>2659.0</ele>
   </trkpt>
   <trkpt lat="38.1317090" lon="34.1729890">
    <ele>2660.0</ele>
   </trkpt>
   <trkpt lat="38.1317080" lon="34.1729880">
    <ele>2660.4</ele>
   </trkpt>
   <trkpt lat="38.1316970" lon="34.1729790">
    <ele>2659.8</ele>
   </trkpt>
   <trkpt lat="38.1316910" lon="34.1729740">
    <ele>2660.6</ele>
   </trkpt>
   <trkpt lat="38.1316890" lon="34.1729720">
    <ele>2660.4</ele>
   </trkpt>
   <trkpt lat="38.1316890" lon="34.1729720">
    <ele>2660.2</ele>
   </trkpt>
   <trkpt lat="38.1316880" lon="34.1729710">
    <ele>2660.0</ele>
   </trkpt>
   <trkpt lat="38.1316850" lon="34.1729690">
    <ele>2659.2</ele>
   </trkpt>
   <trkpt lat="38.1316850" lon="34.1729690">
    <ele>2659.2</ele>
   </trkpt>
   <trkpt lat="38.1316840" lon="34.1729680">
    <ele>2659.2</ele>
   </trkpt>
   <trkpt lat="38.1316820" lon="34.1729670">
    <ele>2659.8</ele>
   </trkpt>
   <trkpt lat="38.1316750" lon="34.1729590">
    <ele>2661.2</ele>
   </trkpt>
   <trkpt lat="38.1316730" lon="34.1729580">
    <ele>2662.2</ele>
   </trkpt>
   <trkpt lat="38.1316700" lon="34.1729560">
    <ele>2662.8</ele>
   </trkpt>
   <trkpt lat="38.1316690" lon="34.1729550">
    <ele>2663.2</ele>
   </trkpt>
   <trkpt lat="38.1316570" lon="34.1729450">
    <ele>2662.4</ele>
   </trkpt>
   <trkpt lat="38.1316560" lon="34.1729450">
    <ele>2662.4</ele>
   </trkpt>
   <trkpt lat="38.1316550" lon="34.1729440">
    <ele>2662.4</ele>
   </trkpt>
   <trkpt lat="38.1316520" lon="34.1729420">
    <ele>2662.4</ele>
   </trkpt>
   <trkpt lat="38.1316500" lon="34.1729400">
    <ele>2662.8</ele>
   </trkpt>
   <trkpt lat="38.1316460" lon="34.1729370">
    <ele>2662.4</ele>
   </trkpt>
   <trkpt lat="38.1316430" lon="34.1729350">
    <ele>2662.2</ele>
   </trkpt>
   <trkpt lat="38.1316410" lon="34.1729330">
    <ele>2662.6</ele>
   </trkpt>
   <trkpt lat="38.1316390" lon="34.1729310">
    <ele>2663.2</ele>
   </trkpt>
   <trkpt lat="38.1316330" lon="34.1729260">
    <ele>2662.4</ele>
   </trkpt>
   <trkpt lat="38.1316300" lon="34.1729240">
    <ele>2662.2</ele>
   </trkpt>
   <trkpt lat="38.1316270" lon="34.1729200">
    <ele>2663.2</ele>
   </trkpt>
   <trkpt lat="38.1316200" lon="34.1729150">
    <ele>2663.6</ele>
   </trkpt>
   <trkpt lat="38.1316180" lon="34.1729130">
    <ele>2664.2</ele>
   </trkpt>
   <trkpt lat="38.1316160" lon="34.1729110">
    <ele>2663.6</ele>
   </trkpt>
   <trkpt lat="38.1316150" lon="34.1729100">
    <ele>2663.6</ele>
   </trkpt>
   <trkpt lat="38.1316090" lon="34.1729050">
    <ele>2664.8</ele>
   </trkpt>
   <trkpt lat="38.1316090" lon="34.1729050">
    <ele>2665.4</ele>
   </trkpt>
   <trkpt lat="38.1316070" lon="34.1729030">
    <ele>2666.4</ele>
   </trkpt>
   <trkpt lat="38.1316050" lon="34.1729020">
    <ele>2667.2</ele>
   </trkpt>
   <trkpt lat="38.1316050" lon="34.1729020">
    <ele>2667.2</ele>
   </trkpt>
   <trkpt lat="38.1316050" lon="34.1729010">
    <ele>2667.4</ele>
   </trkpt>
   <trkpt lat="38.1316040" lon="34.1729010">
    <ele>2667.6</ele>
   </trkpt>
   <trkpt lat="38.1315990" lon="34.1728960">
    <ele>2668.6</ele>
   </trkpt>
   <trkpt lat="38.1315970" lon="34.1728940">
    <ele>2669.4</ele>
   </trkpt>
   <trkpt lat="38.1315950" lon="34.1728920">
    <ele>2669.8</ele>
   </trkpt>
   <trkpt lat="38.1315920" lon="34.1728890">
    <ele>2670.8</ele>
   </trkpt>
   <trkpt lat="38.1315910" lon="34.1728870">
    <ele>2671.4</ele>
   </trkpt>
   <trkpt lat="38.1315900" lon="34.1728870">
    <ele>2671.8</ele>
   </trkpt>
   <trkpt lat="38.1315890" lon="34.1728860">
    <ele>2673.0</ele>
   </trkpt>
   <trkpt lat="38.1315880" lon="34.1728850">
    <ele>2674.0</ele>
   </trkpt>
   <trkpt lat="38.1315870" lon="34.1728840">
    <ele>2674.6</ele>
   </trkpt>
   <trkpt lat="38.1315870" lon="34.1728830">
    <ele>2674.6</ele>
   </trkpt>
   <trkpt lat="38.1315790" lon="34.1728770">
    <ele>2674.8</ele>
   </trkpt>
   <trkpt lat="38.1315780" lon="34.1728760">
    <ele>2675.2</ele>
   </trkpt>
   <trkpt lat="38.1315760" lon="34.1728740">
    <ele>2675.2</ele>
   </trkpt>
   <trkpt lat="38.1315750" lon="34.1728730">
    <ele>2675.6</ele>
   </trkpt>
   <trkpt lat="38.1315730" lon="34.1728720">
    <ele>2676.2</ele>
   </trkpt>
   <trkpt lat="38.1315720" lon="34.1728710">
    <ele>2676.2</ele>
   </trkpt>
   <trkpt lat="38.1315720" lon="34.1728700">
    <ele>2675.8</ele>
   </trkpt>
   <trkpt lat="38.1315710" lon="34.1728690">
    <ele>2675.2</ele>
   </trkpt>
   <trkpt lat="38.1315690" lon="34.1728680">
    <ele>2675.2</ele>
   </trkpt>
   <trkpt lat="38.1315670" lon="34.1728660">
    <ele>2675.4</ele>
   </trkpt>
   <trkpt lat="38.1315650" lon="34.1728650">
    <ele>2676.2</ele>
   </trkpt>
   <trkpt lat="38.1315630" lon="34.1728630">
    <ele>2677.6</ele>
   </trkpt>
   <trkpt lat="38.1315610" lon="34.1728610">
    <ele>2678.6</ele>
   </trkpt>
   <trkpt lat="38.1315560" lon="34.1728570">
    <ele>2679.6</ele>
   </trkpt>
   <trkpt lat="38.1315510" lon="34.1728540">
    <ele>2678.6</ele>
   </trkpt>
   <trkpt lat="38.1315500" lon="34.1728530">
    <ele>2679.0</ele>
   </trkpt>
   <trkpt lat="38.1315490" lon="34.1728520">
    <ele>2679.6</ele>
   </trkpt>
   <trkpt lat="38.1315470" lon="34.1728500">
    <ele>2680.4</ele>
   </trkpt>
   <trkpt lat="38.1315470" lon="34.1728500">
    <ele>2680.8</ele>
   </trkpt>
   <trkpt lat="38.1315440" lon="34.1728480">
    <ele>2680.8</ele>
   </trkpt>
   <trkpt lat="38.1315430" lon="34.1728470">
    <ele>2681.0</ele>
   </trkpt>
   <trkpt lat="38.1315400" lon="34.1728450">
    <ele>2681.2</ele>
   </trkpt>
   <trkpt lat="38.1315390" lon="34.1728440">
    <ele>2681.2</ele>
   </trkpt>
   <trkpt lat="38.1315380" lon="34.1728420">
    <ele>2681.6</ele>
   </trkpt>
   <trkpt lat="38.1315370" lon="34.1728420">
    <ele>2681.8</ele>
   </trkpt>
   <trkpt lat="38.1315300" lon="34.1728360">
    <ele>2682.8</ele>
   </trkpt>
   <trkpt lat="38.1315260" lon="34.1728320">
    <ele>2683.8</ele>
   </trkpt>
   <trkpt lat="38.1315210" lon="34.1728290">
    <ele>2684.4</ele>
   </trkpt>
   <trkpt lat="38.1315150" lon="34.1728240">
    <ele>2685.0</ele>
   </trkpt>
   <trkpt lat="38.1315130" lon="34.1728230">
    <ele>2685.6</ele>
   </trkpt>
   <trkpt lat="38.1315120" lon="34.1728220">
    <ele>2685.4</ele>
   </trkpt>
   <trkpt lat="38.1315080" lon="34.1728190">
    <ele>2685.0</ele>
   </trkpt>
   <trkpt lat="38.1315060" lon="34.1728170">
    <ele>2685.4</ele>
   </trkpt>
   <trkpt lat="38.1315030" lon="34.1728140">
    <ele>2686.0</ele>
   </trkpt>
   <trkpt lat="38.1315000" lon="34.1728120">
    <ele>2687.0</ele>
   </trkpt>
   <trkpt lat="38.1314990" lon="34.1728120">
    <ele>2687.0</ele>
   </trkpt>
   <trkpt lat="38.1314970" lon="34.1728100">
    <ele>2687.8</ele>
   </trkpt>
   <trkpt lat="38.1314970" lon="34.1728100">
    <ele>2688.2</ele>
   </trkpt>
   <trkpt lat="38.1314950" lon="34.1728080">
    <ele>2689.0</ele>
   </trkpt>
   <trkpt lat="38.1314940" lon="34.1728080">
    <ele>2689.2</ele>
   </trkpt>
   <trkpt lat="38.1314930" lon="34.1728070">
    <ele>2689.2</ele>
   </trkpt>
   <trkpt lat="38.1314920" lon="34.1728070">
    <ele>2689.2</ele>
   </trkpt>
   <trkpt lat="38.1314920" lon="34.1728060">
    <ele>2689.0</ele>
   </trkpt>
   <trkpt lat="38.1314910" lon="34.1728050">
    <ele>2689.0</ele>
   </trkpt>
   <trkpt lat="38.1314900" lon="34.1728050">
    <ele>2689.2</ele>
   </trkpt>
   <trkpt lat="38.1314850" lon="34.1728010">
    <ele>2688.4</ele>
   </trkpt>
   <trkpt lat="38.1314830" lon="34.1727990">
    <ele>2688.4</ele>
   </trkpt>
   <trkpt lat="38.1314810" lon="34.1727980">
    <ele>2688.4</ele>
   </trkpt>
   <trkpt lat="38.1314800" lon="34.1727970">
    <ele>2688.2</ele>
   </trkpt>
   <trkpt lat="38.1314790" lon="34.1727960">
    <ele>2688.4</ele>
   </trkpt>
   <trkpt lat="38.1314780" lon="34.1727950">
    <ele>2689.2</ele>
   </trkpt>
   <trkpt lat="38.1314760" lon="34.1727940">
    <ele>2690.2</ele>
   </trkpt>
   <trkpt lat="38.1314710" lon="34.1727900">
    <ele>2690.4</ele>
   </trkpt>
   <trkpt lat="38.1314690" lon="34.1727880">
    <ele>2690.4</ele>
   </trkpt>
   <trkpt lat="38.1314670" lon="34.1727870">
    <ele>2691.2</ele>
   </trkpt>
   <trkpt lat="38.1314660" lon="34.1727870">
    <ele>2691.4</ele>
   </trkpt>
   <trkpt lat="38.1314640" lon="34.1727850">
    <ele>2691.8</ele>
   </trkpt>
   <trkpt lat="38.1314620" lon="34.1727840">
    <ele>2692.0</ele>
   </trkpt>
   <trkpt lat="38.1314600" lon="34.1727820">
    <ele>2692.6</ele>
   </trkpt>
   <trkpt lat="38.1314580" lon="34.1727800">
    <ele>2692.6</ele>
   </trkpt>
   <trkpt lat="38.1314490" lon="34.1727750">
    <ele>2692.4</ele>
   </trkpt>
   <trkpt lat="38.1314420" lon="34.1727690">
    <ele>2693.6</ele>
   </trkpt>
   <trkpt lat="38.1314360" lon="34.1727650">
    <ele>2694.8</ele>
   </trkpt>
   <trkpt lat="38.1314340" lon="34.1727630">
    <ele>2695.0</ele>
   </trkpt>
   <trkpt lat="38.1314320" lon="34.1727620">
    <ele>2695.0</ele>
   </trkpt>
   <trkpt lat="38.1314300" lon="34.1727600">
    <ele>2696.0</ele>
   </trkpt>
   <trkpt lat="38.1314290" lon="34.1727600">
    <ele>2696.2</ele>
   </trkpt>
   <trkpt lat="38.1314280" lon="34.1727590">
    <ele>2696.0</ele>
   </trkpt>
   <trkpt lat="38.1314270" lon="34.1727580">
    <ele>2696.0</ele>
   </trkpt>
   <trkpt lat="38.1314260" lon="34.1727570">
    <ele>2697.0</ele>
   </trkpt>
   <trkpt lat="38.1314250" lon="34.1727570">
    <ele>2697.0</ele>
   </trkpt>
   <trkpt lat="38.1314240" lon="34.1727560">
    <ele>2697.0</ele>
   </trkpt>
   <trkpt lat="38.1314230" lon="34.1727560">
    <ele>2696.6</ele>
   </trkpt>
   <trkpt lat="38.1314190" lon="34.1727530">
    <ele>2697.2</ele>
   </trkpt>
   <trkpt lat="38.1314170" lon="34.1727510">
    <ele>2696.4</ele>
   </trkpt>
   <trkpt lat="38.1314140" lon="34.1727480">
    <ele>2698.2</ele>
   </trkpt>
   <trkpt lat="38.1314130" lon="34.1727480">
    <ele>2698.6</ele>
   </trkpt>
   <trkpt lat="38.1314120" lon="34.1727480">
    <ele>2698.8</ele>
   </trkpt>
   <trkpt lat="38.1314100" lon="34.1727460">
    <ele>2699.2</ele>
   </trkpt>
   <trkpt lat="38.1314090" lon="34.1727450">
    <ele>2700.4</ele>
   </trkpt>
   <trkpt lat="38.1314030" lon="34.1727400">
    <ele>2701.2</ele>
   </trkpt>
   <trkpt lat="38.1314030" lon="34.1727400">
    <ele>2701.4</ele>
   </trkpt>
   <trkpt lat="38.1314010" lon="34.1727380">
    <ele>2701.4</ele>
   </trkpt>
   <trkpt lat="38.1314000" lon="34.1727370">
    <ele>2702.6</ele>
   </trkpt>
   <trkpt lat="38.1313980" lon="34.1727360">
    <ele>2703.6</ele>
   </trkpt>
   <trkpt lat="38.1313980" lon="34.1727360">
    <ele>2703.6</ele>
   </trkpt>
   <trkpt lat="38.1313970" lon="34.1727350">
    <ele>2703.6</ele>
   </trkpt>
   <trkpt lat="38.1313950" lon="34.1727330">
    <ele>2704.8</ele>
   </trkpt>
   <trkpt lat="38.1313920" lon="34.1727310">
    <ele>2705.8</ele>
   </trkpt>
   <trkpt lat="38.1313900" lon="34.1727290">
    <ele>2705.8</ele>
   </trkpt>
   <trkpt lat="38.1313890" lon="34.1727280">
    <ele>2705.8</ele>
   </trkpt>
   <trkpt lat="38.1313850" lon="34.1727240">
    <ele>2706.2</ele>
   </trkpt>
   <trkpt lat="38.1313830" lon="34.1727230">
    <ele>2706.8</ele>
   </trkpt>
   <trkpt lat="38.1313820" lon="34.1727220">
    <ele>2707.2</ele>
   </trkpt>
   <trkpt lat="38.1313820" lon="34.1727210">
    <ele>2707.4</ele>
   </trkpt>
   <trkpt lat="38.1313810" lon="34.1727210">
    <ele>2708.0</ele>
   </trkpt>
   <trkpt lat="38.1313770" lon="34.1727170">
    <ele>2708.6</ele>
   </trkpt>
   <trkpt lat="38.1313760" lon="34.1727170">
    <ele>2709.2</ele>
   </trkpt>
   <trkpt lat="38.1312560" lon="34.1726170">
    <ele>2710.0</ele>
   </trkpt>
   <trkpt lat="38.1312010" lon="34.1725650">
    <ele>2710.4</ele>
   </trkpt>
   <trkpt lat="38.1310180" lon="34.1724140">
    <ele>2710.6</ele>
   </trkpt>
   <trkpt lat="38.1308180" lon="34.1722540">
    <ele>2710.8</ele>
   </trkpt>
   <trkpt lat="38.1307420" lon="34.1721940">
    <ele>2711.6</ele>
   </trkpt>
   <trkpt lat="38.1307450" lon="34.1721910">
    <ele>2712.0</ele>
   </trkpt>
   <trkpt lat="38.1307390" lon="34.1721830">
    <ele>2712.8</ele>
   </trkpt>
   <trkpt lat="38.1307390" lon="34.1721830">
    <ele>2713.2</ele>
   </trkpt>
   <trkpt lat="38.1307390" lon="34.1721830">
    <ele>2713.0</ele>
   </trkpt>
   <trkpt lat="38.1307350" lon="34.1721800">
    <ele>2713.6</ele>
   </trkpt>
   <trkpt lat="38.1307350" lon="34.1721800">
    <ele>2714.0</ele>
   </trkpt>
   <trkpt lat="38.1307350" lon="34.1721800">
    <ele>2715.0</ele>
   </trkpt>
   <trkpt lat="38.1307270" lon="34.1721680">
    <ele>2716.0</ele>
   </trkpt>
   <trkpt lat="38.1307190" lon="34.1721620">
    <ele>2717.0</ele>
   </trkpt>
   <trkpt lat="38.1307070" lon="34.1721650">
    <ele>2718.0</ele>
   </trkpt>
   <trkpt lat="38.1307050" lon="34.1721700">
    <ele>2718.2</ele>
   </trkpt>
   <trkpt lat="38.1307000" lon="34.1721750">
    <ele>2719.2</ele>
   </trkpt>
   <trkpt lat="38.1306990" lon="34.1721750">
    <ele>2719.4</ele>
   </trkpt>
   <trkpt lat="38.1306940" lon="34.1721750">
    <ele>2720.4</ele>
   </trkpt>
   <trkpt lat="38.1306840" lon="34.1721730">
    <ele>2721.6</ele>
   </trkpt>
   <trkpt lat="38.1306810" lon="34.1721720">
    <ele>2721.6</ele>
   </trkpt>
   <trkpt lat="38.1306600" lon="34.1721440">
    <ele>2722.6</ele>
   </trkpt>
   <trkpt lat="38.1306290" lon="34.1721120">
    <ele>2723.4</ele>
   </trkpt>
   <trkpt lat="38.1306160" lon="34.1721010">
    <ele>2723.6</ele>
   </trkpt>
   <trkpt lat="38.1306030" lon="34.1720860">
    <ele>2725.0</ele>
   </trkpt>
   <trkpt lat="38.1305920" lon="34.1720650">
    <ele>2726.2</ele>
   </trkpt>
   <trkpt lat="38.1305830" lon="34.1720570">
    <ele>2727.0</ele>
   </trkpt>
   <trkpt lat="38.1305790" lon="34.1720560">
    <ele>2727.0</ele>
   </trkpt>
   <trkpt lat="38.1305730" lon="34.1720560">
    <ele>2727.0</ele>
   </trkpt>
   <trkpt lat="38.1305690" lon="34.1720560">
    <ele>2726.8</ele>
   </trkpt>
   <trkpt lat="38.1305560" lon="34.1720550">
    <ele>2727.2</ele>
   </trkpt>
   <trkpt lat="38.1305460" lon="34.1720590">
    <ele>2728.2</ele>
   </trkpt>
   <trkpt lat="38.1305460" lon="34.1720600">
    <ele>2728.2</ele>
   </trkpt>
   <trkpt lat="38.1305440" lon="34.1720630">
    <ele>2729.2</ele>
   </trkpt>
   <trkpt lat="38.1305430" lon="34.1720640">
    <ele>2729.4</ele>
   </trkpt>
   <trkpt lat="38.1305410" lon="34.1720660">
    <ele>2730.6</ele>
   </trkpt>
   <trkpt lat="38.1305370" lon="34.1720630">
    <ele>2731.2</ele>
   </trkpt>
   <trkpt lat="38.1305360" lon="34.1720620">
    <ele>2731.0</ele>
   </trkpt>
   <trkpt lat="38.1305350" lon="34.1720610">
    <ele>2731.0</ele>
   </trkpt>
   <trkpt lat="38.1305340" lon="34.1720610">
    <ele>2731.0</ele>
   </trkpt>
   <trkpt lat="38.1305320" lon="34.1720570">
    <ele>2730.8</ele>
   </trkpt>
   <trkpt lat="38.1305320" lon="34.1720570">
    <ele>2731.0</ele>
   </trkpt>
   <trkpt lat="38.1305320" lon="34.1720570">
    <ele>2731.0</ele>
   </trkpt>
   <trkpt lat="38.1305310" lon="34.1720560">
    <ele>2731.2</ele>
   </trkpt>
   <trkpt lat="38.1305300" lon="34.1720560">
    <ele>2731.2</ele>
   </trkpt>
   <trkpt lat="38.1305300" lon="34.1720550">
    <ele>2731.4</ele>
   </trkpt>
   <trkpt lat="38.1305300" lon="34.1720550">
    <ele>2731.6</ele>
   </trkpt>
   <trkpt lat="38.1305290" lon="34.1720550">
    <ele>2732.8</ele>
   </trkpt>
   <trkpt lat="38.1305280" lon="34.1720530">
    <ele>2733.0</ele>
   </trkpt>
   <trkpt lat="38.1305280" lon="34.1720530">
    <ele>2732.8</ele>
   </trkpt>
   <trkpt lat="38.1305280" lon="34.1720520">
    <ele>2732.8</ele>
   </trkpt>
   <trkpt lat="38.1305280" lon="34.1720520">
    <ele>2732.8</ele>
   </trkpt>
   <trkpt lat="38.1305280" lon="34.1720520">
    <ele>2733.8</ele>
   </trkpt>
   <trkpt lat="38.1305260" lon="34.1720500">
    <ele>2735.0</ele>
   </trkpt>
   <trkpt lat="38.1305250" lon="34.1720500">
    <ele>2736.0</ele>
   </trkpt>
   <trkpt lat="38.1305250" lon="34.1720490">
    <ele>2736.4</ele>
   </trkpt>
   <trkpt lat="38.1305230" lon="34.1720480">
    <ele>2737.0</ele>
   </trkpt>
   <trkpt lat="38.1305230" lon="34.1720470">
    <ele>2737.0</ele>
   </trkpt>
   <trkpt lat="38.1305210" lon="34.1720450">
    <ele>2738.2</ele>
   </trkpt>
   <trkpt lat="38.1305190" lon="34.1720440">
    <ele>2738.4</ele>
   </trkpt>
   <trkpt lat="38.1305170" lon="34.1720410">
    <ele>2737.2</ele>
   </trkpt>
   <trkpt lat="38.1305160" lon="34.1720400">
    <ele>2737.4</ele>
   </trkpt>
   <trkpt lat="38.1305150" lon="34.1720390">
    <ele>2738.2</ele>
   </trkpt>
   <trkpt lat="38.1305140" lon="34.1720380">
    <ele>2739.2</ele>
   </trkpt>
   <trkpt lat="38.1305110" lon="34.1720350">
    <ele>2740.4</ele>
   </trkpt>
   <trkpt lat="38.1305090" lon="34.1720340">
    <ele>2741.4</ele>
   </trkpt>
   <trkpt lat="38.1305070" lon="34.1720320">
    <ele>2741.8</ele>
   </trkpt>
   <trkpt lat="38.1305060" lon="34.1720310">
    <ele>2742.4</ele>
   </trkpt>
   <trkpt lat="38.1305040" lon="34.1720300">
    <ele>2743.6</ele>
   </trkpt>
   <trkpt lat="38.1305040" lon="34.1720290">
    <ele>2744.6</ele>
   </trkpt>
   <trkpt lat="38.1305020" lon="34.1720270">
    <ele>2745.0</ele>
   </trkpt>
   <trkpt lat="38.1305010" lon="34.1720260">
    <ele>2745.6</ele>
   </trkpt>
   <trkpt lat="38.1305000" lon="34.1720260">
    <ele>2746.2</ele>
   </trkpt>
   <trkpt lat="38.1304620" lon="34.1719930">
    <ele>2746.8</ele>
   </trkpt>
   <trkpt lat="38.1303720" lon="34.1719140">
    <ele>2746.4</ele>
   </trkpt>
   <trkpt lat="38.1303720" lon="34.1719140">
    <ele>2746.4</ele>
   </trkpt>
   <trkpt lat="38.1303720" lon="34.1719140">
    <ele>2746.4</ele>
   </trkpt>
   <trkpt lat="38.1303150" lon="34.1718690">
    <ele>2746.2</ele>
   </trkpt>
   <trkpt lat="38.1303140" lon="34.1718690">
    <ele>2746.2</ele>
   </trkpt>
   <trkpt lat="38.1303140" lon="34.1718690">
    <ele>2746.2</ele>
   </trkpt>
   <trkpt lat="38.1303120" lon="34.1718740">
    <ele>2747.6</ele>
   </trkpt>
   <trkpt lat="38.1303110" lon="34.1718740">
    <ele>2748.0</ele>
   </trkpt>
   <trkpt lat="38.1303050" lon="34.1718780">
    <ele>2749.2</ele>
   </trkpt>
   <trkpt lat="38.1302820" lon="34.1718830">
    <ele>2750.2</ele>
   </trkpt>
   <trkpt lat="38.1302760" lon="34.1718840">
    <ele>2750.4</ele>
   </trkpt>
   <trkpt lat="38.1302630" lon="34.1718840">
    <ele>2751.2</ele>
   </trkpt>
   <trkpt lat="38.1302630" lon="34.1718840">
    <ele>2751.4</ele>
   </trkpt>
   <trkpt lat="38.1302610" lon="34.1718830">
    <ele>2752.0</ele>
   </trkpt>
   <trkpt lat="38.1302300" lon="34.1718730">
    <ele>2752.6</ele>
   </trkpt>
   <trkpt lat="38.1302250" lon="34.1718670">
    <ele>2752.8</ele>
   </trkpt>
   <trkpt lat="38.1302200" lon="34.1718680">
    <ele>2753.6</ele>
   </trkpt>
   <trkpt lat="38.1302190" lon="34.1718680">
    <ele>2753.6</ele>
   </trkpt>
   <trkpt lat="38.1302110" lon="34.1718670">
    <ele>2753.8</ele>
   </trkpt>
   <trkpt lat="38.1302090" lon="34.1718660">
    <ele>2754.8</ele>
   </trkpt>
   <trkpt lat="38.1302080" lon="34.1718660">
    <ele>2755.8</ele>
   </trkpt>
   <trkpt lat="38.1302020" lon="34.1718620">
    <ele>2756.8</ele>
   </trkpt>
   <trkpt lat="38.1301670" lon="34.1718210">
    <ele>2757.2</ele>
   </trkpt>
   <trkpt lat="38.1301660" lon="34.1718230">
    <ele>2758.0</ele>
   </trkpt>
   <trkpt lat="38.1301640" lon="34.1718230">
    <ele>2759.0</ele>
   </trkpt>
   <trkpt lat="38.1301610" lon="34.1718210">
    <ele>2759.2</ele>
   </trkpt>
   <trkpt lat="38.1301610" lon="34.1718200">
    <ele>2759.2</ele>
   </trkpt>
   <trkpt lat="38.1301600" lon="34.1718190">
    <ele>2758.8</ele>
   </trkpt>
   <trkpt lat="38.1301590" lon="34.1718170">
    <ele>2759.2</ele>
   </trkpt>
   <trkpt lat="38.1301590" lon="34.1718170">
    <ele>2759.2</ele>
   </trkpt>
   <trkpt lat="38.1301590" lon="34.1718170">
    <ele>2759.2</ele>
   </trkpt>
   <trkpt lat="38.1301580" lon="34.1718160">
    <ele>2759.0</ele>
   </trkpt>
   <trkpt lat="38.1301580" lon="34.1718150">
    <ele>2759.0</ele>
   </trkpt>
   <trkpt lat="38.1301590" lon="34.1718130">
    <ele>2758.4</ele>
   </trkpt>
   <trkpt lat="38.1301590" lon="34.1718130">
    <ele>2758.4</ele>
   </trkpt>
   <trkpt lat="38.1301590" lon="34.1718130">
    <ele>2758.2</ele>
   </trkpt>
   <trkpt lat="38.1301600" lon="34.1718130">
    <ele>2759.6</ele>
   </trkpt>
   <trkpt lat="38.1301610" lon="34.1718120">
    <ele>2759.4</ele>
   </trkpt>
   <trkpt lat="38.1301610" lon="34.1718120">
    <ele>2759.6</ele>
   </trkpt>
   <trkpt lat="38.1301610" lon="34.1718120">
    <ele>2759.4</ele>
   </trkpt>
   <trkpt lat="38.1301610" lon="34.1718100">
    <ele>2759.0</ele>
   </trkpt>
   <trkpt lat="38.1301620" lon="34.1718090">
    <ele>2758.8</ele>
   </trkpt>
   <trkpt lat="38.1301620" lon="34.1718080">
    <ele>2759.0</ele>
   </trkpt>
   <trkpt lat="38.1301570" lon="34.1717980">
    <ele>2758.8</ele>
   </trkpt>
   <trkpt lat="38.1301570" lon="34.1717980">
    <ele>2759.6</ele>
   </trkpt>
   <trkpt lat="38.1301460" lon="34.1717780">
    <ele>2759.2</ele>
   </trkpt>
   <trkpt lat="38.1301460" lon="34.1717770">
    <ele>2760.0</ele>
   </trkpt>
   <trkpt lat="38.1301170" lon="34.1717680">
    <ele>2761.0</ele>
   </trkpt>
   <trkpt lat="38.1301170" lon="34.1717670">
    <ele>2761.0</ele>
   </trkpt>
   <trkpt lat="38.1301160" lon="34.1717670">
    <ele>2761.2</ele>
   </trkpt>
   <trkpt lat="38.1301140" lon="34.1717660">
    <ele>2762.2</ele>
   </trkpt>
   <trkpt lat="38.1301130" lon="34.1717640">
    <ele>2763.2</ele>
   </trkpt>
   <trkpt lat="38.1301110" lon="34.1717630">
    <ele>2763.6</ele>
   </trkpt>
   <trkpt lat="38.1301100" lon="34.1717580">
    <ele>2764.0</ele>
   </trkpt>
   <trkpt lat="38.1301090" lon="34.1717510">
    <ele>2764.2</ele>
   </trkpt>
   <trkpt lat="38.1301080" lon="34.1717450">
    <ele>2764.4</ele>
   </trkpt>
   <trkpt lat="38.1301040" lon="34.1717370">
    <ele>2764.6</ele>
   </trkpt>
   <trkpt lat="38.1300990" lon="34.1717330">
    <ele>2765.0</ele>
   </trkpt>
   <trkpt lat="38.1300920" lon="34.1717280">
    <ele>2765.6</ele>
   </trkpt>
   <trkpt lat="38.1300860" lon="34.1717220">
    <ele>2766.6</ele>
   </trkpt>
   <trkpt lat="38.1300760" lon="34.1717060">
    <ele>2767.6</ele>
   </trkpt>
   <trkpt lat="38.1300650" lon="34.1716740">
    <ele>2768.6</ele>
   </trkpt>
   <trkpt lat="38.1300520" lon="34.1716530">
    <ele>2768.6</ele>
   </trkpt>
   <trkpt lat="38.1300500" lon="34.1716370">
    <ele>2769.8</ele>
   </trkpt>
   <trkpt lat="38.1300490" lon="34.1716210">
    <ele>2771.0</ele>
   </trkpt>
   <trkpt lat="38.1300370" lon="34.1716070">
    <ele>2771.6</ele>
   </trkpt>
   <trkpt lat="38.1300340" lon="34.1716060">
    <ele>2771.6</ele>
   </trkpt>
   <trkpt lat="38.1300320" lon="34.1716060">
    <ele>2771.6</ele>
   </trkpt>
   <trkpt lat="38.1300140" lon="34.1716020">
    <ele>2771.4</ele>
   </trkpt>
   <trkpt lat="38.1300120" lon="34.1716010">
    <ele>2772.0</ele>
   </trkpt>
   <trkpt lat="38.1300110" lon="34.1715980">
    <ele>2773.2</ele>
   </trkpt>
   <trkpt lat="38.1299840" lon="34.1715890">
    <ele>2774.6</ele>
   </trkpt>
   <trkpt lat="38.1299680" lon="34.1715850">
    <ele>2775.8</ele>
   </trkpt>
   <trkpt lat="38.1299550" lon="34.1715650">
    <ele>2775.8</ele>
   </trkpt>
   <trkpt lat="38.1299550" lon="34.1715640">
    <ele>2776.2</ele>
   </trkpt>
   <trkpt lat="38.1299540" lon="34.1715630">
    <ele>2777.0</ele>
   </trkpt>
   <trkpt lat="38.1299540" lon="34.1715630">
    <ele>2777.6</ele>
   </trkpt>
   <trkpt lat="38.1299530" lon="34.1715620">
    <ele>2777.8</ele>
   </trkpt>
   <trkpt lat="38.1299400" lon="34.1715610">
    <ele>2778.2</ele>
   </trkpt>
   <trkpt lat="38.1299210" lon="34.1715590">
    <ele>2778.4</ele>
   </trkpt>
   <trkpt lat="38.1299210" lon="34.1715590">
    <ele>2778.8</ele>
   </trkpt>
   <trkpt lat="38.1299210" lon="34.1715590">
    <ele>2779.4</ele>
   </trkpt>
   <trkpt lat="38.1298850" lon="34.1715490">
    <ele>2779.0</ele>
   </trkpt>
   <trkpt lat="38.1298760" lon="34.1715450">
    <ele>2779.2</ele>
   </trkpt>
   <trkpt lat="38.1298760" lon="34.1715470">
    <ele>2779.2</ele>
   </trkpt>
   <trkpt lat="38.1298760" lon="34.1715470">
    <ele>2780.6</ele>
   </trkpt>
   <trkpt lat="38.1298760" lon="34.1715470">
    <ele>2780.8</ele>
   </trkpt>
   <trkpt lat="38.1298540" lon="34.1715170">
    <ele>2781.6</ele>
   </trkpt>
   <trkpt lat="38.1298540" lon="34.1715160">
    <ele>2781.8</ele>
   </trkpt>
   <trkpt lat="38.1298400" lon="34.1714850">
    <ele>2783.0</ele>
   </trkpt>
   <trkpt lat="38.1298350" lon="34.1714520">
    <ele>2783.6</ele>
   </trkpt>
   <trkpt lat="38.1298330" lon="34.1714490">
    <ele>2784.4</ele>
   </trkpt>
   <trkpt lat="38.1298330" lon="34.1714480">
    <ele>2784.8</ele>
   </trkpt>
   <trkpt lat="38.1298320" lon="34.1714460">
    <ele>2785.0</ele>
   </trkpt>
   <trkpt lat="38.1298290" lon="34.1714410">
    <ele>2785.0</ele>
   </trkpt>
   <trkpt lat="38.1298060" lon="34.1714190">
    <ele>2785.0</ele>
   </trkpt>
   <trkpt lat="38.1298060" lon="34.1714180">
    <ele>2785.0</ele>
   </trkpt>
   <trkpt lat="38.1298060" lon="34.1714170">
    <ele>2785.4</ele>
   </trkpt>
   <trkpt lat="38.1298050" lon="34.1714130">
    <ele>2786.6</ele>
   </trkpt>
   <trkpt lat="38.1298040" lon="34.1714090">
    <ele>2787.0</ele>
   </trkpt>
   <trkpt lat="38.1298030" lon="34.1714000">
    <ele>2787.0</ele>
   </trkpt>
   <trkpt lat="38.1297950" lon="34.1713820">
    <ele>2787.2</ele>
   </trkpt>
   <trkpt lat="38.1297920" lon="34.1713790">
    <ele>2787.6</ele>
   </trkpt>
   <trkpt lat="38.1297720" lon="34.1713560">
    <ele>2788.6</ele>
   </trkpt>
   <trkpt lat="38.1297700" lon="34.1713500">
    <ele>2789.2</ele>
   </trkpt>
   <trkpt lat="38.1297680" lon="34.1713410">
    <ele>2789.2</ele>
   </trkpt>
   <trkpt lat="38.1297670" lon="34.1713380">
    <ele>2789.2</ele>
   </trkpt>
   <trkpt lat="38.1297690" lon="34.1713140">
    <ele>2789.4</ele>
   </trkpt>
   <trkpt lat="38.1297690" lon="34.1713140">
    <ele>2789.4</ele>
   </trkpt>
   <trkpt lat="38.1297680" lon="34.1713100">
    <ele>2789.0</ele>
   </trkpt>
   <trkpt lat="38.1297670" lon="34.1713020">
    <ele>2788.8</ele>
   </trkpt>
   <trkpt lat="38.1297510" lon="34.1712930">
    <ele>2789.6</ele>
   </trkpt>
   <trkpt lat="38.1297500" lon="34.1712930">
    <ele>2790.8</ele>
   </trkpt>
   <trkpt lat="38.1297160" lon="34.1712910">
    <ele>2791.8</ele>
   </trkpt>
   <trkpt lat="38.1297120" lon="34.1712900">
    <ele>2791.8</ele>
   </trkpt>
   <trkpt lat="38.1297110" lon="34.1712890">
    <ele>2791.8</ele>
   </trkpt>
   <trkpt lat="38.1297050" lon="34.1712790">
    <ele>2792.4</ele>
   </trkpt>
   <trkpt lat="38.1297010" lon="34.1712710">
    <ele>2793.0</ele>
   </trkpt>
   <trkpt lat="38.1296990" lon="34.1712690">
    <ele>2793.8</ele>
   </trkpt>
   <trkpt lat="38.1296900" lon="34.1712640">
    <ele>2793.8</ele>
   </trkpt>
   <trkpt lat="38.1296880" lon="34.1712650">
    <ele>2794.0</ele>
   </trkpt>
   <trkpt lat="38.1296760" lon="34.1712790">
    <ele>2795.0</ele>
   </trkpt>
   <trkpt lat="38.1296750" lon="34.1712800">
    <ele>2795.0</ele>
   </trkpt>
   <trkpt lat="38.1296750" lon="34.1712810">
    <ele>2795.2</ele>
   </trkpt>
   <trkpt lat="38.1296740" lon="34.1712840">
    <ele>2796.0</ele>
   </trkpt>
   <trkpt lat="38.1296710" lon="34.1712850">
    <ele>2796.0</ele>
   </trkpt>
   <trkpt lat="38.1296590" lon="34.1713040">
    <ele>2796.2</ele>
   </trkpt>
   <trkpt lat="38.1296480" lon="34.1713110">
    <ele>2797.4</ele>
   </trkpt>
   <trkpt lat="38.1296430" lon="34.1713110">
    <ele>2798.0</ele>
   </trkpt>
   <trkpt lat="38.1296340" lon="34.1712980">
    <ele>2798.2</ele>
   </trkpt>
   <trkpt lat="38.1296340" lon="34.1712970">
    <ele>2798.6</ele>
   </trkpt>
   <trkpt lat="38.1296340" lon="34.1712960">
    <ele>2799.2</ele>
   </trkpt>
   <trkpt lat="38.1296360" lon="34.1712890">
    <ele>2798.6</ele>
   </trkpt>
   <trkpt lat="38.1296360" lon="34.1712880">
    <ele>2798.4</ele>
   </trkpt>
   <trkpt lat="38.1296340" lon="34.1712880">
    <ele>2799.6</ele>
   </trkpt>
   <trkpt lat="38.1296330" lon="34.1712880">
    <ele>2800.4</ele>
   </trkpt>
   <trkpt lat="38.1296320" lon="34.1712880">
    <ele>2801.0</ele>
   </trkpt>
   <trkpt lat="38.1296310" lon="34.1712870">
    <ele>2801.2</ele>
   </trkpt>
   <trkpt lat="38.1296150" lon="34.1712790">
    <ele>2800.4</ele>
   </trkpt>
   <trkpt lat="38.1296160" lon="34.1712790">
    <ele>2801.0</ele>
   </trkpt>
   <trkpt lat="38.1296160" lon="34.1712790">
    <ele>2801.2</ele>
   </trkpt>
   <trkpt lat="38.1296180" lon="34.1712810">
    <ele>2802.0</ele>
   </trkpt>
   <trkpt lat="38.1296190" lon="34.1712860">
    <ele>2802.2</ele>
   </trkpt>
   <trkpt lat="38.1296190" lon="34.1712860">
    <ele>2802.2</ele>
   </trkpt>
   <trkpt lat="38.1296080" lon="34.1712910">
    <ele>2801.6</ele>
   </trkpt>
   <trkpt lat="38.1296070" lon="34.1712970">
    <ele>2801.6</ele>
   </trkpt>
   <trkpt lat="38.1295980" lon="34.1713160">
    <ele>2803.0</ele>
   </trkpt>
   <trkpt lat="38.1295810" lon="34.1713150">
    <ele>2804.0</ele>
   </trkpt>
   <trkpt lat="38.1295790" lon="34.1713140">
    <ele>2804.4</ele>
   </trkpt>
   <trkpt lat="38.1295950" lon="34.1713160">
    <ele>2804.6</ele>
   </trkpt>
   <trkpt lat="38.1295930" lon="34.1713170">
    <ele>2805.0</ele>
   </trkpt>
   <trkpt lat="38.1295890" lon="34.1713200">
    <ele>2805.2</ele>
   </trkpt>
   <trkpt lat="38.1295880" lon="34.1713210">
    <ele>2805.6</ele>
   </trkpt>
   <trkpt lat="38.1295840" lon="34.1713300">
    <ele>2806.0</ele>
   </trkpt>
   <trkpt lat="38.1295880" lon="34.1713380">
    <ele>2806.0</ele>
   </trkpt>
   <trkpt lat="38.1295730" lon="34.1713340">
    <ele>2806.0</ele>
   </trkpt>
   <trkpt lat="38.1295720" lon="34.1713420">
    <ele>2806.6</ele>
   </trkpt>
   <trkpt lat="38.1295720" lon="34.1713450">
    <ele>2806.8</ele>
   </trkpt>
   <trkpt lat="38.1295720" lon="34.1713450">
    <ele>2806.8</ele>
   </trkpt>
   <trkpt lat="38.1295720" lon="34.1713450">
    <ele>2807.0</ele>
   </trkpt>
   <trkpt lat="38.1295720" lon="34.1713420">
    <ele>2807.2</ele>
   </trkpt>
   <trkpt lat="38.1295670" lon="34.1713380">
    <ele>2807.2</ele>
   </trkpt>
   <trkpt lat="38.1295650" lon="34.1713370">
    <ele>2807.6</ele>
   </trkpt>
   <trkpt lat="38.1295650" lon="34.1713360">
    <ele>2807.6</ele>
   </trkpt>
   <trkpt lat="38.1295640" lon="34.1713350">
    <ele>2808.8</ele>
   </trkpt>
   <trkpt lat="38.1295530" lon="34.1713340">
    <ele>2810.0</ele>
   </trkpt>
   <trkpt lat="38.1295250" lon="34.1713400">
    <ele>2811.0</ele>
   </trkpt>
   <trkpt lat="38.1295240" lon="34.1713400">
    <ele>2811.4</ele>
   </trkpt>
   <trkpt lat="38.1295220" lon="34.1713400">
    <ele>2811.6</ele>
   </trkpt>
   <trkpt lat="38.1295190" lon="34.1713410">
    <ele>2811.6</ele>
   </trkpt>
   <trkpt lat="38.1295210" lon="34.1713540">
    <ele>2811.4</ele>
   </trkpt>
   <trkpt lat="38.1295230" lon="34.1713560">
    <ele>2812.0</ele>
   </trkpt>
   <trkpt lat="38.1295230" lon="34.1713560">
    <ele>2812.2</ele>
   </trkpt>
   <trkpt lat="38.1295190" lon="34.1713480">
    <ele>2812.6</ele>
   </trkpt>
   <trkpt lat="38.1295180" lon="34.1713450">
    <ele>2812.6</ele>
   </trkpt>
   <trkpt lat="38.1294940" lon="34.1713330">
    <ele>2811.6</ele>
   </trkpt>
   <trkpt lat="38.1294790" lon="34.1713190">
    <ele>2813.6</ele>
   </trkpt>
   <trkpt lat="38.1294710" lon="34.1713170">
    <ele>2813.8</ele>
   </trkpt>
   <trkpt lat="38.1294660" lon="34.1713170">
    <ele>2814.6</ele>
   </trkpt>
   <trkpt lat="38.1294650" lon="34.1713170">
    <ele>2814.8</ele>
   </trkpt>
   <trkpt lat="38.1294620" lon="34.1713160">
    <ele>2815.8</ele>
   </trkpt>
   <trkpt lat="38.1294620" lon="34.1713160">
    <ele>2816.0</ele>
   </trkpt>
   <trkpt lat="38.1294620" lon="34.1713150">
    <ele>2816.8</ele>
   </trkpt>
   <trkpt lat="38.1294620" lon="34.1713150">
    <ele>2817.2</ele>
   </trkpt>
   <trkpt lat="38.1294620" lon="34.1713150">
    <ele>2817.4</ele>
   </trkpt>
   <trkpt lat="38.1294620" lon="34.1713150">
    <ele>2818.0</ele>
   </trkpt>
   <trkpt lat="38.1294610" lon="34.1713140">
    <ele>2818.0</ele>
   </trkpt>
   <trkpt lat="38.1294600" lon="34.1713140">
    <ele>2817.6</ele>
   </trkpt>
   <trkpt lat="38.1294580" lon="34.1713120">
    <ele>2818.8</ele>
   </trkpt>
   <trkpt lat="38.1294580" lon="34.1713120">
    <ele>2819.0</ele>
   </trkpt>
   <trkpt lat="38.1294580" lon="34.1713120">
    <ele>2820.2</ele>
   </trkpt>
   <trkpt lat="38.1294570" lon="34.1713110">
    <ele>2821.2</ele>
   </trkpt>
   <trkpt lat="38.1294570" lon="34.1713110">
    <ele>2821.4</ele>
   </trkpt>
   <trkpt lat="38.1294550" lon="34.1713100">
    <ele>2821.8</ele>
   </trkpt>
   <trkpt lat="38.1294550" lon="34.1713100">
    <ele>2821.8</ele>
   </trkpt>
   <trkpt lat="38.1294540" lon="34.1713100">
    <ele>2821.2</ele>
   </trkpt>
   <trkpt lat="38.1294530" lon="34.1713090">
    <ele>2822.6</ele>
   </trkpt>
   <trkpt lat="38.1294520" lon="34.1713090">
    <ele>2823.6</ele>
   </trkpt>
   <trkpt lat="38.1294520" lon="34.1713090">
    <ele>2824.0</ele>
   </trkpt>
   <trkpt lat="38.1294500" lon="34.1713080">
    <ele>2824.2</ele>
   </trkpt>
   <trkpt lat="38.1294480" lon="34.1713070">
    <ele>2823.6</ele>
   </trkpt>
   <trkpt lat="38.1294460" lon="34.1713050">
    <ele>2823.8</ele>
   </trkpt>
   <trkpt lat="38.1294450" lon="34.1713050">
    <ele>2824.8</ele>
   </trkpt>
   <trkpt lat="38.1294440" lon="34.1713050">
    <ele>2825.2</ele>
   </trkpt>
   <trkpt lat="38.1294390" lon="34.1713020">
    <ele>2825.8</ele>
   </trkpt>
   <trkpt lat="38.1294350" lon="34.1713000">
    <ele>2827.0</ele>
   </trkpt>
   <trkpt lat="38.1294300" lon="34.1712980">
    <ele>2827.8</ele>
   </trkpt>
   <trkpt lat="38.1294290" lon="34.1712970">
    <ele>2828.2</ele>
   </trkpt>
   <trkpt lat="38.1294280" lon="34.1712970">
    <ele>2828.2</ele>
   </trkpt>
   <trkpt lat="38.1294200" lon="34.1712940">
    <ele>2829.4</ele>
   </trkpt>
   <trkpt lat="38.1294200" lon="34.1712940">
    <ele>2829.8</ele>
   </trkpt>
   <trkpt lat="38.1294200" lon="34.1712930">
    <ele>2830.0</ele>
   </trkpt>
   <trkpt lat="38.1294190" lon="34.1712930">
    <ele>2830.8</ele>
   </trkpt>
   <trkpt lat="38.1294150" lon="34.1712910">
    <ele>2831.8</ele>
   </trkpt>
   <trkpt lat="38.1294120" lon="34.1712900">
    <ele>2831.6</ele>
   </trkpt>
   <trkpt lat="38.1294110" lon="34.1712890">
    <ele>2831.8</ele>
   </trkpt>
   <trkpt lat="38.1294100" lon="34.1712890">
    <ele>2832.0</ele>
   </trkpt>
   <trkpt lat="38.1294090" lon="34.1712890">
    <ele>2832.0</ele>
   </trkpt>
   <trkpt lat="38.1294090" lon="34.1712880">
    <ele>2832.0</ele>
   </trkpt>
   <trkpt lat="38.1294080" lon="34.1712880">
    <ele>2831.8</ele>
   </trkpt>
   <trkpt lat="38.1294060" lon="34.1712880">
    <ele>2832.0</ele>
   </trkpt>
   <trkpt lat="38.1294020" lon="34.1712860">
    <ele>2832.0</ele>
   </trkpt>
   <trkpt lat="38.1294000" lon="34.1712850">
    <ele>2832.8</ele>
   </trkpt>
   <trkpt lat="38.1293970" lon="34.1712840">
    <ele>2833.8</ele>
   </trkpt>
   <trkpt lat="38.1293960" lon="34.1712830">
    <ele>2833.6</ele>
   </trkpt>
   <trkpt lat="38.1293900" lon="34.1712810">
    <ele>2833.6</ele>
   </trkpt>
   <trkpt lat="38.1293890" lon="34.1712810">
    <ele>2833.8</ele>
   </trkpt>
   <trkpt lat="38.1293880" lon="34.1712800">
    <ele>2835.0</ele>
   </trkpt>
   <trkpt lat="38.1293850" lon="34.1712780">
    <ele>2835.4</ele>
   </trkpt>
   <trkpt lat="38.1293830" lon="34.1712780">
    <ele>2836.0</ele>
   </trkpt>
   <trkpt lat="38.1293820" lon="34.1712770">
    <ele>2836.2</ele>
   </trkpt>
   <trkpt lat="38.1293740" lon="34.1712750">
    <ele>2836.0</ele>
   </trkpt>
   <trkpt lat="38.1293710" lon="34.1712740">
    <ele>2835.8</ele>
   </trkpt>
   <trkpt lat="38.1293670" lon="34.1712720">
    <ele>2836.0</ele>
   </trkpt>
   <trkpt lat="38.1293620" lon="34.1712700">
    <ele>2836.0</ele>
   </trkpt>
   <trkpt lat="38.1293590" lon="34.1712680">
    <ele>2836.2</ele>
   </trkpt>
   <trkpt lat="38.1293570" lon="34.1712670">
    <ele>2837.0</ele>
   </trkpt>
   <trkpt lat="38.1293570" lon="34.1712670">
    <ele>2837.8</ele>
   </trkpt>
   <trkpt lat="38.1293570" lon="34.1712670">
    <ele>2837.8</ele>
   </trkpt>
   <trkpt lat="38.1293560" lon="34.1712660">
    <ele>2837.8</ele>
   </trkpt>
   <trkpt lat="38.1293530" lon="34.1712660">
    <ele>2838.0</ele>
   </trkpt>
   <trkpt lat="38.1293510" lon="34.1712650">
    <ele>2838.4</ele>
   </trkpt>
   <trkpt lat="38.1293500" lon="34.1712650">
    <ele>2838.4</ele>
   </trkpt>
   <trkpt lat="38.1293500" lon="34.1712650">
    <ele>2838.6</ele>
   </trkpt>
   <trkpt lat="38.1293480" lon="34.1712640">
    <ele>2839.0</ele>
   </trkpt>
   <trkpt lat="38.1293470" lon="34.1712630">
    <ele>2839.0</ele>
   </trkpt>
   <trkpt lat="38.1293450" lon="34.1712630">
    <ele>2839.8</ele>
   </trkpt>
   <trkpt lat="38.1293440" lon="34.1712620">
    <ele>2840.0</ele>
   </trkpt>
   <trkpt lat="38.1293420" lon="34.1712610">
    <ele>2840.2</ele>
   </trkpt>
   <trkpt lat="38.1293410" lon="34.1712610">
    <ele>2840.8</ele>
   </trkpt>
   <trkpt lat="38.1293410" lon="34.1712600">
    <ele>2841.2</ele>
   </trkpt>
   <trkpt lat="38.1293390" lon="34.1712590">
    <ele>2842.0</ele>
   </trkpt>
   <trkpt lat="38.1293380" lon="34.1712590">
    <ele>2842.2</ele>
   </trkpt>
   <trkpt lat="38.1293370" lon="34.1712590">
    <ele>2842.2</ele>
   </trkpt>
   <trkpt lat="38.1293360" lon="34.1712580">
    <ele>2842.2</ele>
   </trkpt>
   <trkpt lat="38.1293330" lon="34.1712560">
    <ele>2842.8</ele>
   </trkpt>
   <trkpt lat="38.1293330" lon="34.1712560">
    <ele>2843.8</ele>
   </trkpt>
   <trkpt lat="38.1293310" lon="34.1712550">
    <ele>2844.8</ele>
   </trkpt>
   <trkpt lat="38.1293290" lon="34.1712550">
    <ele>2846.0</ele>
   </trkpt>
   <trkpt lat="38.1293290" lon="34.1712550">
    <ele>2846.4</ele>
   </trkpt>
   <trkpt lat="38.1293280" lon="34.1712540">
    <ele>2846.6</ele>
   </trkpt>
   <trkpt lat="38.1293250" lon="34.1712530">
    <ele>2847.2</ele>
   </trkpt>
   <trkpt lat="38.1293240" lon="34.1712530">
    <ele>2848.6</ele>
   </trkpt>
   <trkpt lat="38.1293190" lon="34.1712500">
    <ele>2849.4</ele>
   </trkpt>
   <trkpt lat="38.1293180" lon="34.1712500">
    <ele>2849.8</ele>
   </trkpt>
   <trkpt lat="38.1293150" lon="34.1712490">
    <ele>2850.8</ele>
   </trkpt>
   <trkpt lat="38.1293140" lon="34.1712490">
    <ele>2851.4</ele>
   </trkpt>
   <trkpt lat="38.1293140" lon="34.1712490">
    <ele>2851.4</ele>
   </trkpt>
   <trkpt lat="38.1293120" lon="34.1712480">
    <ele>2852.0</ele>
   </trkpt>
   <trkpt lat="38.1293110" lon="34.1712470">
    <ele>2853.0</ele>
   </trkpt>
   <trkpt lat="38.1293080" lon="34.1712470">
    <ele>2853.8</ele>
   </trkpt>
   <trkpt lat="38.1293080" lon="34.1712460">
    <ele>2853.8</ele>
   </trkpt>
   <trkpt lat="38.1293070" lon="34.1712460">
    <ele>2853.8</ele>
   </trkpt>
   <trkpt lat="38.1293060" lon="34.1712460">
    <ele>2854.2</ele>
   </trkpt>
   <trkpt lat="38.1293050" lon="34.1712450">
    <ele>2854.4</ele>
   </trkpt>
   <trkpt lat="38.1293030" lon="34.1712450">
    <ele>2854.6</ele>
   </trkpt>
   <trkpt lat="38.1293010" lon="34.1712440">
    <ele>2855.2</ele>
   </trkpt>
   <trkpt lat="38.1292980" lon="34.1712430">
    <ele>2856.2</ele>
   </trkpt>
   <trkpt lat="38.1292930" lon="34.1712410">
    <ele>2857.2</ele>
   </trkpt>
   <trkpt lat="38.1292900" lon="34.1712400">
    <ele>2858.4</ele>
   </trkpt>
   <trkpt lat="38.1292880" lon="34.1712390">
    <ele>2859.0</ele>
   </trkpt>
   <trkpt lat="38.1292810" lon="34.1712350">
    <ele>2859.4</ele>
   </trkpt>
   <trkpt lat="38.1292780" lon="34.1712340">
    <ele>2860.8</ele>
   </trkpt>
   <trkpt lat="38.1292770" lon="34.1712340">
    <ele>2861.8</ele>
   </trkpt>
   <trkpt lat="38.1292750" lon="34.1712330">
    <ele>2862.0</ele>
   </trkpt>
   <trkpt lat="38.1292720" lon="34.1712320">
    <ele>2863.0</ele>
   </trkpt>
   <trkpt lat="38.1292650" lon="34.1712280">
    <ele>2864.0</ele>
   </trkpt>
   <trkpt lat="38.1292620" lon="34.1712260">
    <ele>2865.8</ele>
   </trkpt>
   <trkpt lat="38.1292580" lon="34.1712250">
    <ele>2866.8</ele>
   </trkpt>
   <trkpt lat="38.1292570" lon="34.1712240">
    <ele>2867.0</ele>
   </trkpt>
   <trkpt lat="38.1292550" lon="34.1712230">
    <ele>2867.8</ele>
   </trkpt>
   <trkpt lat="38.1292530" lon="34.1712220">
    <ele>2869.0</ele>
   </trkpt>
   <trkpt lat="38.1292510" lon="34.1712210">
    <ele>2870.2</ele>
   </trkpt>
   <trkpt lat="38.1292500" lon="34.1712210">
    <ele>2870.2</ele>
   </trkpt>
   <trkpt lat="38.1292480" lon="34.1712200">
    <ele>2869.8</ele>
   </trkpt>
   <trkpt lat="38.1292440" lon="34.1712180">
    <ele>2870.4</ele>
   </trkpt>
   <trkpt lat="38.1292410" lon="34.1712160">
    <ele>2871.4</ele>
   </trkpt>
   <trkpt lat="38.1292400" lon="34.1712150">
    <ele>2872.6</ele>
   </trkpt>
   <trkpt lat="38.1292360" lon="34.1712130">
    <ele>2873.6</ele>
   </trkpt>
   <trkpt lat="38.1292310" lon="34.1712110">
    <ele>2874.8</ele>
   </trkpt>
   <trkpt lat="38.1292230" lon="34.1712070">
    <ele>2876.0</ele>
   </trkpt>
   <trkpt lat="38.1292190" lon="34.1712050">
    <ele>2877.4</ele>
   </trkpt>
   <trkpt lat="38.1292160" lon="34.1712040">
    <ele>2877.2</ele>
   </trkpt>
   <trkpt lat="38.1292130" lon="34.1712020">
    <ele>2878.4</ele>
   </trkpt>
   <trkpt lat="38.1292120" lon="34.1712020">
    <ele>2879.4</ele>
   </trkpt>
   <trkpt lat="38.1292110" lon="34.1712010">
    <ele>2879.4</ele>
   </trkpt>
   <trkpt lat="38.1292070" lon="34.1711990">
    <ele>2880.2</ele>
   </trkpt>
   <trkpt lat="38.1292070" lon="34.1711990">
    <ele>2880.8</ele>
   </trkpt>
   <trkpt lat="38.1292030" lon="34.1711970">
    <ele>2880.4</ele>
   </trkpt>
   <trkpt lat="38.1292020" lon="34.1711970">
    <ele>2879.8</ele>
   </trkpt>
   <trkpt lat="38.1292000" lon="34.1711950">
    <ele>2879.8</ele>
   </trkpt>
   <trkpt lat="38.1291970" lon="34.1711940">
    <ele>2878.8</ele>
   </trkpt>
   <trkpt lat="38.1291900" lon="34.1711900">
    <ele>2880.2</ele>
   </trkpt>
   <trkpt lat="38.1291850" lon="34.1711860">
    <ele>2880.4</ele>
   </trkpt>
   <trkpt lat="38.1291810" lon="34.1711840">
    <ele>2880.2</ele>
   </trkpt>
   <trkpt lat="38.1291780" lon="34.1711820">
    <ele>2881.2</ele>
   </trkpt>
   <trkpt lat="38.1291770" lon="34.1711820">
    <ele>2882.4</ele>
   </trkpt>
   <trkpt lat="38.1291750" lon="34.1711810">
    <ele>2883.0</ele>
   </trkpt>
   <trkpt lat="38.1291740" lon="34.1711800">
    <ele>2884.0</ele>
   </trkpt>
   <trkpt lat="38.1291730" lon="34.1711800">
    <ele>2884.6</ele>
   </trkpt>
   <trkpt lat="38.1291720" lon="34.1711790">
    <ele>2885.0</ele>
   </trkpt>
   <trkpt lat="38.1291700" lon="34.1711780">
    <ele>2884.0</ele>
   </trkpt>
   <trkpt lat="38.1291680" lon="34.1711770">
    <ele>2883.8</ele>
   </trkpt>
   <trkpt lat="38.1291660" lon="34.1711760">
    <ele>2883.6</ele>
   </trkpt>
   <trkpt lat="38.1291610" lon="34.1711730">
    <ele>2885.0</ele>
   </trkpt>
   <trkpt lat="38.1291590" lon="34.1711720">
    <ele>2886.0</ele>
   </trkpt>
   <trkpt lat="38.1291580" lon="34.1711710">
    <ele>2887.2</ele>
   </trkpt>
   <trkpt lat="38.1291520" lon="34.1711680">
    <ele>2888.0</ele>
   </trkpt>
   <trkpt lat="38.1291510" lon="34.1711680">
    <ele>2888.2</ele>
   </trkpt>
   <trkpt lat="38.1291470" lon="34.1711650">
    <ele>2888.6</ele>
   </trkpt>
   <trkpt lat="38.1291460" lon="34.1711640">
    <ele>2888.4</ele>
   </trkpt>
   <trkpt lat="38.1291440" lon="34.1711630">
    <ele>2888.4</ele>
   </trkpt>
   <trkpt lat="38.1291380" lon="34.1711600">
    <ele>2887.2</ele>
   </trkpt>
   <trkpt lat="38.1291350" lon="34.1711580">
    <ele>2888.6</ele>
   </trkpt>
   <trkpt lat="38.1291300" lon="34.1711550">
    <ele>2890.0</ele>
   </trkpt>
   <trkpt lat="38.1291280" lon="34.1711540">
    <ele>2889.8</ele>
   </trkpt>
   <trkpt lat="38.1291270" lon="34.1711530">
    <ele>2889.6</ele>
   </trkpt>
   <trkpt lat="38.1291180" lon="34.1711480">
    <ele>2889.2</ele>
   </trkpt>
   <trkpt lat="38.1291180" lon="34.1711480">
    <ele>2889.2</ele>
   </trkpt>
   <trkpt lat="38.1291120" lon="34.1711450">
    <ele>2890.2</ele>
   </trkpt>
   <trkpt lat="38.1291100" lon="34.1711440">
    <ele>2891.4</ele>
   </trkpt>
   <trkpt lat="38.1291090" lon="34.1711430">
    <ele>2892.8</ele>
   </trkpt>
   <trkpt lat="38.1291030" lon="34.1711390">
    <ele>2893.8</ele>
   </trkpt>
   <trkpt lat="38.1291000" lon="34.1711370">
    <ele>2895.0</ele>
   </trkpt>
   <trkpt lat="38.1290990" lon="34.1711370">
    <ele>2895.0</ele>
   </trkpt>
   <trkpt lat="38.1290970" lon="34.1711360">
    <ele>2895.0</ele>
   </trkpt>
   <trkpt lat="38.1290960" lon="34.1711350">
    <ele>2895.8</ele>
   </trkpt>
   <trkpt lat="38.1290960" lon="34.1711350">
    <ele>2896.2</ele>
   </trkpt>
   <trkpt lat="38.1290940" lon="34.1711340">
    <ele>2897.4</ele>
   </trkpt>
   <trkpt lat="38.1290860" lon="34.1711280">
    <ele>2896.2</ele>
   </trkpt>
   <trkpt lat="38.1290820" lon="34.1711260">
    <ele>2897.4</ele>
   </trkpt>
   <trkpt lat="38.1290780" lon="34.1711230">
    <ele>2898.6</ele>
   </trkpt>
   <trkpt lat="38.1290720" lon="34.1711190">
    <ele>2899.6</ele>
   </trkpt>
   <trkpt lat="38.1290700" lon="34.1711180">
    <ele>2900.6</ele>
   </trkpt>
   <trkpt lat="38.1290690" lon="34.1711170">
    <ele>2900.6</ele>
   </trkpt>
   <trkpt lat="38.1290680" lon="34.1711160">
    <ele>2900.2</ele>
   </trkpt>
   <trkpt lat="38.1290640" lon="34.1711140">
    <ele>2901.0</ele>
   </trkpt>
   <trkpt lat="38.1290640" lon="34.1711140">
    <ele>2902.0</ele>
   </trkpt>
   <trkpt lat="38.1290640" lon="34.1711130">
    <ele>2903.0</ele>
   </trkpt>
   <trkpt lat="38.1290580" lon="34.1711100">
    <ele>2902.8</ele>
   </trkpt>
   <trkpt lat="38.1290570" lon="34.1711090">
    <ele>2902.6</ele>
   </trkpt>
   <trkpt lat="38.1290560" lon="34.1711090">
    <ele>2902.8</ele>
   </trkpt>
   <trkpt lat="38.1290540" lon="34.1711070">
    <ele>2903.2</ele>
   </trkpt>
   <trkpt lat="38.1290520" lon="34.1711050">
    <ele>2902.8</ele>
   </trkpt>
   <trkpt lat="38.1290490" lon="34.1711040">
    <ele>2904.2</ele>
   </trkpt>
   <trkpt lat="38.1290470" lon="34.1711030">
    <ele>2904.4</ele>
   </trkpt>
   <trkpt lat="38.1290440" lon="34.1711010">
    <ele>2905.4</ele>
   </trkpt>
   <trkpt lat="38.1290410" lon="34.1710980">
    <ele>2906.8</ele>
   </trkpt>
   <trkpt lat="38.1290340" lon="34.1710930">
    <ele>2907.6</ele>
   </trkpt>
   <trkpt lat="38.1290340" lon="34.1710930">
    <ele>2907.8</ele>
   </trkpt>
   <trkpt lat="38.1290320" lon="34.1710920">
    <ele>2908.8</ele>
   </trkpt>
   <trkpt lat="38.1290260" lon="34.1710880">
    <ele>2910.0</ele>
   </trkpt>
   <trkpt lat="38.1290220" lon="34.1710850">
    <ele>2909.4</ele>
   </trkpt>
   <trkpt lat="38.1290190" lon="34.1710830">
    <ele>2911.0</ele>
   </trkpt>
   <trkpt lat="38.1290140" lon="34.1710790">
    <ele>2912.0</ele>
   </trkpt>
   <trkpt lat="38.1290130" lon="34.1710790">
    <ele>2912.2</ele>
   </trkpt>
   <trkpt lat="38.1290100" lon="34.1710770">
    <ele>2912.8</ele>
   </trkpt>
   <trkpt lat="38.1290090" lon="34.1710760">
    <ele>2913.2</ele>
   </trkpt>
   <trkpt lat="38.1290040" lon="34.1710720">
    <ele>2913.4</ele>
   </trkpt>
   <trkpt lat="38.1290030" lon="34.1710720">
    <ele>2914.2</ele>
   </trkpt>
   <trkpt lat="38.1290020" lon="34.1710710">
    <ele>2915.2</ele>
   </trkpt>
   <trkpt lat="38.1289970" lon="34.1710670">
    <ele>2916.6</ele>
   </trkpt>
   <trkpt lat="38.1289950" lon="34.1710660">
    <ele>2916.6</ele>
   </trkpt>
   <trkpt lat="38.1289930" lon="34.1710640">
    <ele>2917.8</ele>
   </trkpt>
   <trkpt lat="38.1289870" lon="34.1710600">
    <ele>2918.0</ele>
   </trkpt>
   <trkpt lat="38.1289860" lon="34.1710590">
    <ele>2919.0</ele>
   </trkpt>
   <trkpt lat="38.1289760" lon="34.1710520">
    <ele>2920.2</ele>
   </trkpt>
   <trkpt lat="38.1289730" lon="34.1710490">
    <ele>2919.0</ele>
   </trkpt>
   <trkpt lat="38.1289690" lon="34.1710470">
    <ele>2920.2</ele>
   </trkpt>
   <trkpt lat="38.1289670" lon="34.1710450">
    <ele>2920.8</ele>
   </trkpt>
   <trkpt lat="38.1289660" lon="34.1710440">
    <ele>2921.4</ele>
   </trkpt>
   <trkpt lat="38.1289620" lon="34.1710410">
    <ele>2922.6</ele>
   </trkpt>
   <trkpt lat="38.1289610" lon="34.1710400">
    <ele>2922.8</ele>
   </trkpt>
   <trkpt lat="38.1289590" lon="34.1710390">
    <ele>2923.6</ele>
   </trkpt>
   <trkpt lat="38.1289540" lon="34.1710350">
    <ele>2924.4</ele>
   </trkpt>
   <trkpt lat="38.1289500" lon="34.1710320">
    <ele>2923.8</ele>
   </trkpt>
   <trkpt lat="38.1289470" lon="34.1710290">
    <ele>2923.4</ele>
   </trkpt>
   <trkpt lat="38.1289460" lon="34.1710280">
    <ele>2923.4</ele>
   </trkpt>
   <trkpt lat="38.1289430" lon="34.1710260">
    <ele>2923.2</ele>
   </trkpt>
   <trkpt lat="38.1289420" lon="34.1710260">
    <ele>2923.0</ele>
   </trkpt>
   <trkpt lat="38.1289410" lon="34.1710250">
    <ele>2923.0</ele>
   </trkpt>
   <trkpt lat="38.1289400" lon="34.1710240">
    <ele>2922.6</ele>
   </trkpt>
   <trkpt lat="38.1289340" lon="34.1710200">
    <ele>2925.0</ele>
   </trkpt>
   <trkpt lat="38.1289310" lon="34.1710170">
    <ele>2926.2</ele>
   </trkpt>
   <trkpt lat="38.1289270" lon="34.1710140">
    <ele>2927.0</ele>
   </trkpt>
   <trkpt lat="38.1289260" lon="34.1710130">
    <ele>2927.2</ele>
   </trkpt>
   <trkpt lat="38.1289260" lon="34.1710130">
    <ele>2927.2</ele>
   </trkpt>
   <trkpt lat="38.1289220" lon="34.1710100">
    <ele>2928.4</ele>
   </trkpt>
   <trkpt lat="38.1289190" lon="34.1710070">
    <ele>2929.4</ele>
   </trkpt>
   <trkpt lat="38.1289170" lon="34.1710060">
    <ele>2930.0</ele>
   </trkpt>
   <trkpt lat="38.1289150" lon="34.1710040">
    <ele>2930.6</ele>
   </trkpt>
   <trkpt lat="38.1289120" lon="34.1710010">
    <ele>2931.0</ele>
   </trkpt>
   <trkpt lat="38.1289100" lon="34.1709990">
    <ele>2931.6</ele>
   </trkpt>
   <trkpt lat="38.1289030" lon="34.1709940">
    <ele>2932.6</ele>
   </trkpt>
   <trkpt lat="38.1289030" lon="34.1709940">
    <ele>2932.8</ele>
   </trkpt>
   <trkpt lat="38.1288950" lon="34.1709870">
    <ele>2933.4</ele>
   </trkpt>
   <trkpt lat="38.1288890" lon="34.1709820">
    <ele>2933.8</ele>
   </trkpt>
   <trkpt lat="38.1288870" lon="34.1709800">
    <ele>2935.0</ele>
   </trkpt>
   <trkpt lat="38.1288850" lon="34.1709790">
    <ele>2935.4</ele>
   </trkpt>
   <trkpt lat="38.1288840" lon="34.1709780">
    <ele>2936.0</ele>
   </trkpt>
   <trkpt lat="38.1288800" lon="34.1709750">
    <ele>2937.2</ele>
   </trkpt>
   <trkpt lat="38.1288790" lon="34.1709740">
    <ele>2937.4</ele>
   </trkpt>
   <trkpt lat="38.1288780" lon="34.1709720">
    <ele>2938.0</ele>
   </trkpt>
   <trkpt lat="38.1288750" lon="34.1709700">
    <ele>2938.4</ele>
   </trkpt>
   <trkpt lat="38.1288710" lon="34.1709670">
    <ele>2939.4</ele>
   </trkpt>
   <trkpt lat="38.1288660" lon="34.1709620">
    <ele>2938.8</ele>
   </trkpt>
   <trkpt lat="38.1288650" lon="34.1709610">
    <ele>2939.2</ele>
   </trkpt>
   <trkpt lat="38.1288620" lon="34.1709590">
    <ele>2940.4</ele>
   </trkpt>
   <trkpt lat="38.1288590" lon="34.1709560">
    <ele>2941.6</ele>
   </trkpt>
   <trkpt lat="38.1288580" lon="34.1709550">
    <ele>2941.4</ele>
   </trkpt>
   <trkpt lat="38.1288580" lon="34.1709540">
    <ele>2941.8</ele>
   </trkpt>
   <trkpt lat="38.1288540" lon="34.1709510">
    <ele>2942.8</ele>
   </trkpt>
   <trkpt lat="38.1288500" lon="34.1709480">
    <ele>2943.8</ele>
   </trkpt>
   <trkpt lat="38.1288460" lon="34.1709430">
    <ele>2944.6</ele>
   </trkpt>
   <trkpt lat="38.1288450" lon="34.1709420">
    <ele>2945.0</ele>
   </trkpt>
   <trkpt lat="38.1288430" lon="34.1709400">
    <ele>2945.0</ele>
   </trkpt>
   <trkpt lat="38.1288370" lon="34.1709350">
    <ele>2944.6</ele>
   </trkpt>
   <trkpt lat="38.1288320" lon="34.1709300">
    <ele>2946.2</ele>
   </trkpt>
   <trkpt lat="38.1288310" lon="34.1709290">
    <ele>2947.2</ele>
   </trkpt>
   <trkpt lat="38.1288300" lon="34.1709280">
    <ele>2947.6</ele>
   </trkpt>
   <trkpt lat="38.1288280" lon="34.1709270">
    <ele>2947.4</ele>
   </trkpt>
   <trkpt lat="38.1288270" lon="34.1709250">
    <ele>2947.8</ele>
   </trkpt>
   <trkpt lat="38.1288240" lon="34.1709220">
    <ele>2948.2</ele>
   </trkpt>
   <trkpt lat="38.1288220" lon="34.1709200">
    <ele>2949.0</ele>
   </trkpt>
   <trkpt lat="38.1288210" lon="34.1709190">
    <ele>2949.4</ele>
   </trkpt>
   <trkpt lat="38.1288170" lon="34.1709140">
    <ele>2948.4</ele>
   </trkpt>
   <trkpt lat="38.1288150" lon="34.1709120">
    <ele>2947.2</ele>
   </trkpt>
   <trkpt lat="38.1288140" lon="34.1709120">
    <ele>2947.0</ele>
   </trkpt>
   <trkpt lat="38.1288140" lon="34.1709110">
    <ele>2947.0</ele>
   </trkpt>
   <trkpt lat="38.1288120" lon="34.1709100">
    <ele>2947.2</ele>
   </trkpt>
   <trkpt lat="38.1288070" lon="34.1709050">
    <ele>2948.0</ele>
   </trkpt>
   <trkpt lat="38.1288020" lon="34.1708990">
    <ele>2948.6</ele>
   </trkpt>
   <trkpt lat="38.1288000" lon="34.1708970">
    <ele>2947.4</ele>
   </trkpt>
   <trkpt lat="38.1287920" lon="34.1708880">
    <ele>2948.2</ele>
   </trkpt>
   <trkpt lat="38.1287910" lon="34.1708880">
    <ele>2948.4</ele>
   </trkpt>
   <trkpt lat="38.1287890" lon="34.1708860">
    <ele>2949.6</ele>
   </trkpt>
   <trkpt lat="38.1287880" lon="34.1708850">
    <ele>2950.6</ele>
   </trkpt>
   <trkpt lat="38.1287880" lon="34.1708850">
    <ele>2950.8</ele>
   </trkpt>
   <trkpt lat="38.1287870" lon="34.1708830">
    <ele>2951.4</ele>
   </trkpt>
   <trkpt lat="38.1287860" lon="34.1708830">
    <ele>2951.8</ele>
   </trkpt>
   <trkpt lat="38.1287860" lon="34.1708820">
    <ele>2952.8</ele>
   </trkpt>
   <trkpt lat="38.1287850" lon="34.1708810">
    <ele>2952.8</ele>
   </trkpt>
   <trkpt lat="38.1287840" lon="34.1708800">
    <ele>2951.6</ele>
   </trkpt>
   <trkpt lat="38.1287750" lon="34.1708710">
    <ele>2952.8</ele>
   </trkpt>
   <trkpt lat="38.1287750" lon="34.1708700">
    <ele>2953.6</ele>
   </trkpt>
   <trkpt lat="38.1287740" lon="34.1708690">
    <ele>2954.0</ele>
   </trkpt>
   <trkpt lat="38.1287720" lon="34.1708670">
    <ele>2955.0</ele>
   </trkpt>
   <trkpt lat="38.1287700" lon="34.1708650">
    <ele>2956.2</ele>
   </trkpt>
   <trkpt lat="38.1287660" lon="34.1708610">
    <ele>2956.0</ele>
   </trkpt>
   <trkpt lat="38.1287630" lon="34.1708570">
    <ele>2957.2</ele>
   </trkpt>
   <trkpt lat="38.1287620" lon="34.1708570">
    <ele>2958.4</ele>
   </trkpt>
   <trkpt lat="38.1287570" lon="34.1708510">
    <ele>2959.2</ele>
   </trkpt>
   <trkpt lat="38.1287540" lon="34.1708470">
    <ele>2959.6</ele>
   </trkpt>
   <trkpt lat="38.1287520" lon="34.1708440">
    <ele>2959.8</ele>
   </trkpt>
   <trkpt lat="38.1287500" lon="34.1708420">
    <ele>2959.2</ele>
   </trkpt>
   <trkpt lat="38.1287490" lon="34.1708410">
    <ele>2959.2</ele>
   </trkpt>
   <trkpt lat="38.1287480" lon="34.1708410">
    <ele>2959.4</ele>
   </trkpt>
   <trkpt lat="38.1287480" lon="34.1708400">
    <ele>2959.8</ele>
   </trkpt>
   <trkpt lat="38.1287480" lon="34.1708400">
    <ele>2960.0</ele>
   </trkpt>
   <trkpt lat="38.1287420" lon="34.1708330">
    <ele>2961.2</ele>
   </trkpt>
   <trkpt lat="38.1287410" lon="34.1708320">
    <ele>2962.2</ele>
   </trkpt>
   <trkpt lat="38.1287390" lon="34.1708300">
    <ele>2961.6</ele>
   </trkpt>
   <trkpt lat="38.1287370" lon="34.1708270">
    <ele>2962.0</ele>
   </trkpt>
   <trkpt lat="38.1287350" lon="34.1708250">
    <ele>2961.8</ele>
   </trkpt>
   <trkpt lat="38.1287330" lon="34.1708230">
    <ele>2961.4</ele>
   </trkpt>
   <trkpt lat="38.1287330" lon="34.1708220">
    <ele>2961.0</ele>
   </trkpt>
   <trkpt lat="38.1287290" lon="34.1708170">
    <ele>2962.4</ele>
   </trkpt>
   <trkpt lat="38.1287240" lon="34.1708120">
    <ele>2963.6</ele>
   </trkpt>
   <trkpt lat="38.1287230" lon="34.1708100">
    <ele>2964.6</ele>
   </trkpt>
   <trkpt lat="38.1287220" lon="34.1708100">
    <ele>2964.8</ele>
   </trkpt>
   <trkpt lat="38.1287210" lon="34.1708090">
    <ele>2965.8</ele>
   </trkpt>
   <trkpt lat="38.1287180" lon="34.1708040">
    <ele>2966.4</ele>
   </trkpt>
   <trkpt lat="38.1287170" lon="34.1708030">
    <ele>2966.8</ele>
   </trkpt>
   <trkpt lat="38.1287150" lon="34.1708010">
    <ele>2968.0</ele>
   </trkpt>
   <trkpt lat="38.1287110" lon="34.1707960">
    <ele>2969.0</ele>
   </trkpt>
   <trkpt lat="38.1287090" lon="34.1707930">
    <ele>2967.8</ele>
   </trkpt>
   <trkpt lat="38.1287060" lon="34.1707900">
    <ele>2966.6</ele>
   </trkpt>
   <trkpt lat="38.1287010" lon="34.1707820">
    <ele>2967.6</ele>
   </trkpt>
   <trkpt lat="38.1287000" lon="34.1707820">
    <ele>2968.8</ele>
   </trkpt>
   <trkpt lat="38.1286990" lon="34.1707800">
    <ele>2969.8</ele>
   </trkpt>
   <trkpt lat="38.1286970" lon="34.1707780">
    <ele>2970.6</ele>
   </trkpt>
   <trkpt lat="38.1286960" lon="34.1707770">
    <ele>2970.8</ele>
   </trkpt>
   <trkpt lat="38.1286950" lon="34.1707750">
    <ele>2970.8</ele>
   </trkpt>
   <trkpt lat="38.1286940" lon="34.1707740">
    <ele>2970.0</ele>
   </trkpt>
   <trkpt lat="38.1286940" lon="34.1707730">
    <ele>2969.8</ele>
   </trkpt>
   <trkpt lat="38.1286900" lon="34.1707670">
    <ele>2969.0</ele>
   </trkpt>
   <trkpt lat="38.1286880" lon="34.1707640">
    <ele>2969.6</ele>
   </trkpt>
   <trkpt lat="38.1286870" lon="34.1707630">
    <ele>2969.6</ele>
   </trkpt>
   <trkpt lat="38.1286840" lon="34.1707590">
    <ele>2970.0</ele>
   </trkpt>
   <trkpt lat="38.1286810" lon="34.1707540">
    <ele>2970.4</ele>
   </trkpt>
   <trkpt lat="38.1286790" lon="34.1707520">
    <ele>2971.0</ele>
   </trkpt>
   <trkpt lat="38.1286750" lon="34.1707440">
    <ele>2971.8</ele>
   </trkpt>
   <trkpt lat="38.1286740" lon="34.1707430">
    <ele>2972.2</ele>
   </trkpt>
   <trkpt lat="38.1286700" lon="34.1707350">
    <ele>2972.8</ele>
   </trkpt>
   <trkpt lat="38.1286680" lon="34.1707320">
    <ele>2973.2</ele>
   </trkpt>
   <trkpt lat="38.1286650" lon="34.1707270">
    <ele>2973.0</ele>
   </trkpt>
   <trkpt lat="38.1286620" lon="34.1707200">
    <ele>2974.2</ele>
   </trkpt>
   <trkpt lat="38.1286570" lon="34.1707110">
    <ele>2975.2</ele>
   </trkpt>
   <trkpt lat="38.1286570" lon="34.1707100">
    <ele>2976.4</ele>
   </trkpt>
   <trkpt lat="38.1286530" lon="34.1707020">
    <ele>2977.0</ele>
   </trkpt>
   <trkpt lat="38.1286530" lon="34.1707010">
    <ele>2977.0</ele>
   </trkpt>
   <trkpt lat="38.1286530" lon="34.1707000">
    <ele>2977.0</ele>
   </trkpt>
   <trkpt lat="38.1286530" lon="34.1707000">
    <ele>2977.0</ele>
   </trkpt>
   <trkpt lat="38.1286520" lon="34.1706990">
    <ele>2977.2</ele>
   </trkpt>
   <trkpt lat="38.1286510" lon="34.1706970">
    <ele>2977.4</ele>
   </trkpt>
   <trkpt lat="38.1286500" lon="34.1706920">
    <ele>2978.0</ele>
   </trkpt>
   <trkpt lat="38.1286490" lon="34.1706910">
    <ele>2978.6</ele>
   </trkpt>
   <trkpt lat="38.1286490" lon="34.1706890">
    <ele>2980.0</ele>
   </trkpt>
   <trkpt lat="38.1286460" lon="34.1706830">
    <ele>2979.8</ele>
   </trkpt>
   <trkpt lat="38.1286460" lon="34.1706800">
    <ele>2980.8</ele>
   </trkpt>
   <trkpt lat="38.1286450" lon="34.1706800">
    <ele>2981.2</ele>
   </trkpt>
   <trkpt lat="38.1286450" lon="34.1706790">
    <ele>2981.2</ele>
   </trkpt>
   <trkpt lat="38.1286430" lon="34.1706720">
    <ele>2982.0</ele>
   </trkpt>
   <trkpt lat="38.1286430" lon="34.1706720">
    <ele>2982.6</ele>
   </trkpt>
   <trkpt lat="38.1286400" lon="34.1706630">
    <ele>2983.8</ele>
   </trkpt>
   <trkpt lat="38.1286390" lon="34.1706570">
    <ele>2984.4</ele>
   </trkpt>
   <trkpt lat="38.1286380" lon="34.1706550">
    <ele>2984.8</ele>
   </trkpt>
   <trkpt lat="38.1286380" lon="34.1706530">
    <ele>2985.0</ele>
   </trkpt>
   <trkpt lat="38.1286360" lon="34.1706450">
    <ele>2985.4</ele>
   </trkpt>
   <trkpt lat="38.1286360" lon="34.1706420">
    <ele>2986.2</ele>
   </trkpt>
   <trkpt lat="38.1286350" lon="34.1706380">
    <ele>2987.0</ele>
   </trkpt>
   <trkpt lat="38.1286350" lon="34.1706350">
    <ele>2987.4</ele>
   </trkpt>
   <trkpt lat="38.1286350" lon="34.1706340">
    <ele>2987.6</ele>
   </trkpt>
   <trkpt lat="38.1286340" lon="34.1706310">
    <ele>2988.4</ele>
   </trkpt>
   <trkpt lat="38.1286340" lon="34.1706280">
    <ele>2989.4</ele>
   </trkpt>
   <trkpt lat="38.1286340" lon="34.1706250">
    <ele>2990.4</ele>
   </trkpt>
   <trkpt lat="38.1286330" lon="34.1706240">
    <ele>2990.6</ele>
   </trkpt>
   <trkpt lat="38.1286330" lon="34.1706220">
    <ele>2990.4</ele>
   </trkpt>
   <trkpt lat="38.1286330" lon="34.1706140">
    <ele>2992.0</ele>
   </trkpt>
   <trkpt lat="38.1286320" lon="34.1706120">
    <ele>2993.0</ele>
   </trkpt>
   <trkpt lat="38.1286320" lon="34.1706110">
    <ele>2993.2</ele>
   </trkpt>
   <trkpt lat="38.1286320" lon="34.1706090">
    <ele>2993.0</ele>
   </trkpt>
   <trkpt lat="38.1286320" lon="34.1706050">
    <ele>2992.0</ele>
   </trkpt>
   <trkpt lat="38.1286320" lon="34.1706000">
    <ele>2992.0</ele>
   </trkpt>
   <trkpt lat="38.1286320" lon="34.1705950">
    <ele>2991.4</ele>
   </trkpt>
   <trkpt lat="38.1286320" lon="34.1705870">
    <ele>2992.2</ele>
   </trkpt>
   <trkpt lat="38.1286310" lon="34.1705590">
    <ele>2991.8</ele>
   </trkpt>
   <trkpt lat="38.1286310" lon="34.1705560">
    <ele>2993.0</ele>
   </trkpt>
   <trkpt lat="38.1286310" lon="34.1705550">
    <ele>2993.0</ele>
   </trkpt>
   <trkpt lat="38.1286300" lon="34.1705480">
    <ele>2993.0</ele>
   </trkpt>
   <trkpt lat="38.1286300" lon="34.1705450">
    <ele>2992.6</ele>
   </trkpt>
   <trkpt lat="38.1286300" lon="34.1705440">
    <ele>2992.6</ele>
   </trkpt>
   <trkpt lat="38.1286300" lon="34.1705420">
    <ele>2992.8</ele>
   </trkpt>
   <trkpt lat="38.1286300" lon="34.1705400">
    <ele>2992.2</ele>
   </trkpt>
   <trkpt lat="38.1286300" lon="34.1705390">
    <ele>2992.0</ele>
   </trkpt>
   <trkpt lat="38.1286300" lon="34.1705300">
    <ele>2991.6</ele>
   </trkpt>
   <trkpt lat="38.1286300" lon="34.1705250">
    <ele>2991.2</ele>
   </trkpt>
   <trkpt lat="38.1286300" lon="34.1705240">
    <ele>2991.0</ele>
   </trkpt>
   <trkpt lat="38.1286290" lon="34.1705200">
    <ele>2991.8</ele>
   </trkpt>
   <trkpt lat="38.1286290" lon="34.1705100">
    <ele>2991.2</ele>
   </trkpt>
   <trkpt lat="38.1286290" lon="34.1704950">
    <ele>2991.6</ele>
   </trkpt>
   <trkpt lat="38.1286290" lon="34.1704860">
    <ele>2990.8</ele>
   </trkpt>
   <trkpt lat="38.1286290" lon="34.1704720">
    <ele>2990.8</ele>
   </trkpt>
   <trkpt lat="38.1286290" lon="34.1704720">
    <ele>2991.0</ele>
   </trkpt>
   <trkpt lat="38.1286290" lon="34.1704720">
    <ele>2991.0</ele>
   </trkpt>
   <trkpt lat="38.1286290" lon="34.1704710">
    <ele>2991.2</ele>
   </trkpt>
   <trkpt lat="38.1286290" lon="34.1704710">
    <ele>2991.4</ele>
   </trkpt>
   <trkpt lat="38.1286290" lon="34.1704680">
    <ele>2990.0</ele>
   </trkpt>
   <trkpt lat="38.1286290" lon="34.1704580">
    <ele>2989.6</ele>
   </trkpt>
   <trkpt lat="38.1286300" lon="34.1704540">
    <ele>2990.2</ele>
   </trkpt>
   <trkpt lat="38.1286300" lon="34.1704530">
    <ele>2989.8</ele>
   </trkpt>
   <trkpt lat="38.1286300" lon="34.1704530">
    <ele>2989.8</ele>
   </trkpt>
   <trkpt lat="38.1286300" lon="34.1704530">
    <ele>2989.8</ele>
   </trkpt>
   <trkpt lat="38.1286300" lon="34.1704490">
    <ele>2991.0</ele>
   </trkpt>
   <trkpt lat="38.1286300" lon="34.1704380">
    <ele>2991.0</ele>
   </trkpt>
   <trkpt lat="38.1286290" lon="34.1704370">
    <ele>2992.2</ele>
   </trkpt>
   <trkpt lat="38.1286290" lon="34.1704370">
    <ele>2992.2</ele>
   </trkpt>
   <trkpt lat="38.1286290" lon="34.1704300">
    <ele>2991.4</ele>
   </trkpt>
   <trkpt lat="38.1286290" lon="34.1704300">
    <ele>2991.4</ele>
   </trkpt>
   <trkpt lat="38.1286290" lon="34.1704290">
    <ele>2991.4</ele>
   </trkpt>
   <trkpt lat="38.1286290" lon="34.1704240">
    <ele>2991.0</ele>
   </trkpt>
   <trkpt lat="38.1286290" lon="34.1704220">
    <ele>2990.0</ele>
   </trkpt>
   <trkpt lat="38.1286290" lon="34.1704180">
    <ele>2989.8</ele>
   </trkpt>
   <trkpt lat="38.1286290" lon="34.1704150">
    <ele>2989.8</ele>
   </trkpt>
   <trkpt lat="38.1286290" lon="34.1704140">
    <ele>2991.2</ele>
   </trkpt>
   <trkpt lat="38.1286290" lon="34.1704110">
    <ele>2991.4</ele>
   </trkpt>
   <trkpt lat="38.1286280" lon="34.1704090">
    <ele>2990.8</ele>
   </trkpt>
   <trkpt lat="38.1286280" lon="34.1704000">
    <ele>2991.0</ele>
   </trkpt>
   <trkpt lat="38.1286280" lon="34.1703950">
    <ele>2990.2</ele>
   </trkpt>
   <trkpt lat="38.1286280" lon="34.1703920">
    <ele>2989.2</ele>
   </trkpt>
   <trkpt lat="38.1286280" lon="34.1703880">
    <ele>2988.0</ele>
   </trkpt>
   <trkpt lat="38.1286280" lon="34.1703850">
    <ele>2990.0</ele>
   </trkpt>
   <trkpt lat="38.1286290" lon="34.1703840">
    <ele>2991.0</ele>
   </trkpt>
   <trkpt lat="38.1286290" lon="34.1703830">
    <ele>2991.4</ele>
   </trkpt>
   <trkpt lat="38.1286290" lon="34.1703820">
    <ele>2991.4</ele>
   </trkpt>
   <trkpt lat="38.1286290" lon="34.1703780">
    <ele>2990.0</ele>
   </trkpt>
   <trkpt lat="38.1286290" lon="34.1703750">
    <ele>2989.6</ele>
   </trkpt>
   <trkpt lat="38.1286290" lon="34.1703740">
    <ele>2988.6</ele>
   </trkpt>
   <trkpt lat="38.1286290" lon="34.1703690">
    <ele>2989.2</ele>
   </trkpt>
   <trkpt lat="38.1286290" lon="34.1703690">
    <ele>2989.8</ele>
   </trkpt>
   <trkpt lat="38.1286290" lon="34.1703650">
    <ele>2990.2</ele>
   </trkpt>
   <trkpt lat="38.1286290" lon="34.1703620">
    <ele>2989.8</ele>
   </trkpt>
   <trkpt lat="38.1286290" lon="34.1703610">
    <ele>2989.8</ele>
   </trkpt>
   <trkpt lat="38.1286290" lon="34.1703560">
    <ele>2989.8</ele>
   </trkpt>
   <trkpt lat="38.1286290" lon="34.1703500">
    <ele>2990.0</ele>
   </trkpt>
   <trkpt lat="38.1286290" lon="34.1703480">
    <ele>2989.8</ele>
   </trkpt>
   <trkpt lat="38.1286290" lon="34.1703460">
    <ele>2989.6</ele>
   </trkpt>
   <trkpt lat="38.1286290" lon="34.1703400">
    <ele>2989.4</ele>
   </trkpt>
   <trkpt lat="38.1286290" lon="34.1703350">
    <ele>2988.6</ele>
   </trkpt>
   <trkpt lat="38.1286290" lon="34.1703310">
    <ele>2989.8</ele>
   </trkpt>
   <trkpt lat="38.1286290" lon="34.1703290">
    <ele>2990.8</ele>
   </trkpt>
   <trkpt lat="38.1286290" lon="34.1703260">
    <ele>2989.6</ele>
   </trkpt>
   <trkpt lat="38.1286290" lon="34.1703240">
    <ele>2988.4</ele>
   </trkpt>
   <trkpt lat="38.1286290" lon="34.1703210">
    <ele>2988.8</ele>
   </trkpt>
   <trkpt lat="38.1286290" lon="34.1703170">
    <ele>2989.4</ele>
   </trkpt>
   <trkpt lat="38.1286290" lon="34.1703150">
    <ele>2988.8</ele>
   </trkpt>
   <trkpt lat="38.1286290" lon="34.1703140">
    <ele>2988.0</ele>
   </trkpt>
   <trkpt lat="38.1286290" lon="34.1703100">
    <ele>2988.4</ele>
   </trkpt>
   <trkpt lat="38.1286290" lon="34.1703100">
    <ele>2989.0</ele>
   </trkpt>
   <trkpt lat="38.1286290" lon="34.1703020">
    <ele>2988.0</ele>
   </trkpt>
   <trkpt lat="38.1286290" lon="34.1702940">
    <ele>2987.4</ele>
   </trkpt>
   <trkpt lat="38.1286280" lon="34.1702890">
    <ele>2987.2</ele>
   </trkpt>
   <trkpt lat="38.1286280" lon="34.1702830">
    <ele>2987.8</ele>
   </trkpt>
   <trkpt lat="38.1286280" lon="34.1702820">
    <ele>2987.0</ele>
   </trkpt>
   <trkpt lat="38.1286280" lon="34.1702800">
    <ele>2987.0</ele>
   </trkpt>
   <trkpt lat="38.1286280" lon="34.1702780">
    <ele>2988.0</ele>
   </trkpt>
   <trkpt lat="38.1286280" lon="34.1702730">
    <ele>2987.0</ele>
   </trkpt>
   <trkpt lat="38.1286280" lon="34.1702670">
    <ele>2986.8</ele>
   </trkpt>
   <trkpt lat="38.1286270" lon="34.1702650">
    <ele>2988.6</ele>
   </trkpt>
   <trkpt lat="38.1286270" lon="34.1702640">
    <ele>2989.0</ele>
   </trkpt>
   <trkpt lat="38.1286270" lon="34.1702630">
    <ele>2989.0</ele>
   </trkpt>
   <trkpt lat="38.1286270" lon="34.1702630">
    <ele>2989.0</ele>
   </trkpt>
   <trkpt lat="38.1286270" lon="34.1702600">
    <ele>2987.6</ele>
   </trkpt>
   <trkpt lat="38.1286270" lon="34.1702600">
    <ele>2987.4</ele>
   </trkpt>
   <trkpt lat="38.1286270" lon="34.1702590">
    <ele>2987.4</ele>
   </trkpt>
   <trkpt lat="38.1286270" lon="34.1702530">
    <ele>2988.6</ele>
   </trkpt>
   <trkpt lat="38.1286270" lon="34.1702510">
    <ele>2988.0</ele>
   </trkpt>
   <trkpt lat="38.1286270" lon="34.1702500">
    <ele>2987.6</ele>
   </trkpt>
   <trkpt lat="38.1286270" lon="34.1702500">
    <ele>2987.4</ele>
   </trkpt>
   <trkpt lat="38.1286270" lon="34.1702480">
    <ele>2987.6</ele>
   </trkpt>
   <trkpt lat="38.1286270" lon="34.1702450">
    <ele>2988.0</ele>
   </trkpt>
   <trkpt lat="38.1286260" lon="34.1702390">
    <ele>2988.6</ele>
   </trkpt>
   <trkpt lat="38.1286260" lon="34.1702360">
    <ele>2988.4</ele>
   </trkpt>
   <trkpt lat="38.1286260" lon="34.1702350">
    <ele>2988.0</ele>
   </trkpt>
   <trkpt lat="38.1286260" lon="34.1702350">
    <ele>2987.6</ele>
   </trkpt>
   <trkpt lat="38.1286260" lon="34.1702280">
    <ele>2988.6</ele>
   </trkpt>
   <trkpt lat="38.1286260" lon="34.1702260">
    <ele>2988.8</ele>
   </trkpt>
   <trkpt lat="38.1286260" lon="34.1702250">
    <ele>2988.0</ele>
   </trkpt>
   <trkpt lat="38.1286260" lon="34.1702220">
    <ele>2987.6</ele>
   </trkpt>
   <trkpt lat="38.1286260" lon="34.1702210">
    <ele>2987.4</ele>
   </trkpt>
   <trkpt lat="38.1286250" lon="34.1702190">
    <ele>2987.4</ele>
   </trkpt>
   <trkpt lat="38.1285880" lon="34.1699020">
    <ele>2986.6</ele>
   </trkpt>
   <trkpt lat="38.1285460" lon="34.1695930">
    <ele>2985.6</ele>
   </trkpt>
   <trkpt lat="38.1285370" lon="34.1694920">
    <ele>2985.4</ele>
   </trkpt>
   <trkpt lat="38.1284790" lon="34.1691880">
    <ele>2984.4</ele>
   </trkpt>
   <trkpt lat="38.1284410" lon="34.1691750">
    <ele>2983.6</ele>
   </trkpt>
   <trkpt lat="38.1284360" lon="34.1691690">
    <ele>2983.2</ele>
   </trkpt>
   <trkpt lat="38.1284270" lon="34.1691610">
    <ele>2982.2</ele>
   </trkpt>
   <trkpt lat="38.1284100" lon="34.1691460">
    <ele>2981.8</ele>
   </trkpt>
   <trkpt lat="38.1283770" lon="34.1691380">
    <ele>2982.0</ele>
   </trkpt>
   <trkpt lat="38.1283740" lon="34.1691370">
    <ele>2982.0</ele>
   </trkpt>
   <trkpt lat="38.1283440" lon="34.1691200">
    <ele>2982.2</ele>
   </trkpt>
   <trkpt lat="38.1283180" lon="34.1691180">
    <ele>2981.0</ele>
   </trkpt>
   <trkpt lat="38.1282750" lon="34.1691140">
    <ele>2980.2</ele>
   </trkpt>
   <trkpt lat="38.1282710" lon="34.1691100">
    <ele>2979.8</ele>
   </trkpt>
   <trkpt lat="38.1282440" lon="34.1690910">
    <ele>2978.6</ele>
   </trkpt>
   <trkpt lat="38.1282080" lon="34.1690740">
    <ele>2977.8</ele>
   </trkpt>
   <trkpt lat="38.1282000" lon="34.1690740">
    <ele>2977.6</ele>
   </trkpt>
   <trkpt lat="38.1281450" lon="34.1690710">
    <ele>2977.0</ele>
   </trkpt>
   <trkpt lat="38.1280800" lon="34.1690510">
    <ele>2976.6</ele>
   </trkpt>
   <trkpt lat="38.1280570" lon="34.1690470">
    <ele>2976.6</ele>
   </trkpt>
   <trkpt lat="38.1280370" lon="34.1690400">
    <ele>2976.8</ele>
   </trkpt>
   <trkpt lat="38.1280260" lon="34.1690370">
    <ele>2977.6</ele>
   </trkpt>
   <trkpt lat="38.1280220" lon="34.1690360">
    <ele>2977.8</ele>
   </trkpt>
   <trkpt lat="38.1280080" lon="34.1690350">
    <ele>2976.8</ele>
   </trkpt>
   <trkpt lat="38.1280080" lon="34.1690350">
    <ele>2976.8</ele>
   </trkpt>
   <trkpt lat="38.1280080" lon="34.1690350">
    <ele>2976.8</ele>
   </trkpt>
   <trkpt lat="38.1280080" lon="34.1690350">
    <ele>2976.4</ele>
   </trkpt>
   <trkpt lat="38.1280080" lon="34.1690350">
    <ele>2975.4</ele>
   </trkpt>
   <trkpt lat="38.1279970" lon="34.1690390">
    <ele>2976.4</ele>
   </trkpt>
   <trkpt lat="38.1279970" lon="34.1690410">
    <ele>2977.8</ele>
   </trkpt>
   <trkpt lat="38.1279980" lon="34.1690430">
    <ele>2976.8</ele>
   </trkpt>
   <trkpt lat="38.1280010" lon="34.1690450">
    <ele>2976.6</ele>
   </trkpt>
   <trkpt lat="38.1279620" lon="34.1690500">
    <ele>2977.2</ele>
   </trkpt>
   <trkpt lat="38.1279360" lon="34.1690500">
    <ele>2975.2</ele>
   </trkpt>
   <trkpt lat="38.1278960" lon="34.1690490">
    <ele>2975.0</ele>
   </trkpt>
   <trkpt lat="38.1278690" lon="34.1690530">
    <ele>2975.2</ele>
   </trkpt>
   <trkpt lat="38.1278430" lon="34.1690520">
    <ele>2975.4</ele>
   </trkpt>
   <trkpt lat="38.1278220" lon="34.1690530">
    <ele>2975.8</ele>
   </trkpt>
   <trkpt lat="38.1277820" lon="34.1690730">
    <ele>2974.6</ele>
   </trkpt>
   <trkpt lat="38.1277800" lon="34.1690730">
    <ele>2974.2</ele>
   </trkpt>
   <trkpt lat="38.1277660" lon="34.1690870">
    <ele>2973.6</ele>
   </trkpt>
   <trkpt lat="38.1277320" lon="34.1691230">
    <ele>2973.2</ele>
   </trkpt>
   <trkpt lat="38.1277290" lon="34.1691250">
    <ele>2973.2</ele>
   </trkpt>
   <trkpt lat="38.1277170" lon="34.1691370">
    <ele>2972.0</ele>
   </trkpt>
   <trkpt lat="38.1277040" lon="34.1691600">
    <ele>2971.0</ele>
   </trkpt>
   <trkpt lat="38.1276900" lon="34.1691890">
    <ele>2972.2</ele>
   </trkpt>
   <trkpt lat="38.1276900" lon="34.1691920">
    <ele>2972.2</ele>
   </trkpt>
   <trkpt lat="38.1276900" lon="34.1691920">
    <ele>2973.0</ele>
   </trkpt>
   <trkpt lat="38.1276900" lon="34.1691920">
    <ele>2973.2</ele>
   </trkpt>
   <trkpt lat="38.1276780" lon="34.1692280">
    <ele>2973.0</ele>
   </trkpt>
   <trkpt lat="38.1276770" lon="34.1692280">
    <ele>2972.0</ele>
   </trkpt>
   <trkpt lat="38.1276770" lon="34.1692310">
    <ele>2971.2</ele>
   </trkpt>
   <trkpt lat="38.1276750" lon="34.1692330">
    <ele>2970.8</ele>
   </trkpt>
   <trkpt lat="38.1276680" lon="34.1692390">
    <ele>2969.4</ele>
   </trkpt>
   <trkpt lat="38.1276610" lon="34.1692450">
    <ele>2969.2</ele>
   </trkpt>
   <trkpt lat="38.1276580" lon="34.1692500">
    <ele>2969.0</ele>
   </trkpt>
   <trkpt lat="38.1276570" lon="34.1692530">
    <ele>2968.4</ele>
   </trkpt>
   <trkpt lat="38.1276480" lon="34.1692660">
    <ele>2967.6</ele>
   </trkpt>
   <trkpt lat="38.1276430" lon="34.1692810">
    <ele>2967.2</ele>
   </trkpt>
   <trkpt lat="38.1276250" lon="34.1693150">
    <ele>2965.6</ele>
   </trkpt>
   <trkpt lat="38.1276160" lon="34.1693380">
    <ele>2964.2</ele>
   </trkpt>
   <trkpt lat="38.1276140" lon="34.1693500">
    <ele>2963.2</ele>
   </trkpt>
   <trkpt lat="38.1276120" lon="34.1693610">
    <ele>2962.0</ele>
   </trkpt>
   <trkpt lat="38.1276040" lon="34.1693790">
    <ele>2960.8</ele>
   </trkpt>
   <trkpt lat="38.1275650" lon="34.1694650">
    <ele>2961.0</ele>
   </trkpt>
   <trkpt lat="38.1275620" lon="34.1694710">
    <ele>2959.8</ele>
   </trkpt>
   <trkpt lat="38.1275590" lon="34.1694760">
    <ele>2958.6</ele>
   </trkpt>
   <trkpt lat="38.1275560" lon="34.1694810">
    <ele>2957.6</ele>
   </trkpt>
   <trkpt lat="38.1275500" lon="34.1695130">
    <ele>2956.2</ele>
   </trkpt>
   <trkpt lat="38.1275500" lon="34.1695210">
    <ele>2955.0</ele>
   </trkpt>
   <trkpt lat="38.1275430" lon="34.1695440">
    <ele>2954.0</ele>
   </trkpt>
   <trkpt lat="38.1275210" lon="34.1696220">
    <ele>2954.8</ele>
   </trkpt>
   <trkpt lat="38.1275200" lon="34.1696260">
    <ele>2954.0</ele>
   </trkpt>
   <trkpt lat="38.1275200" lon="34.1696270">
    <ele>2952.8</ele>
   </trkpt>
   <trkpt lat="38.1275200" lon="34.1696280">
    <ele>2951.8</ele>
   </trkpt>
   <trkpt lat="38.1275160" lon="34.1696320">
    <ele>2950.8</ele>
   </trkpt>
   <trkpt lat="38.1275140" lon="34.1696360">
    <ele>2950.6</ele>
   </trkpt>
   <trkpt lat="38.1275110" lon="34.1696420">
    <ele>2949.4</ele>
   </trkpt>
   <trkpt lat="38.1275090" lon="34.1696690">
    <ele>2948.2</ele>
   </trkpt>
   <trkpt lat="38.1275080" lon="34.1696710">
    <ele>2946.8</ele>
   </trkpt>
   <trkpt lat="38.1275080" lon="34.1696730">
    <ele>2947.8</ele>
   </trkpt>
   <trkpt lat="38.1275070" lon="34.1696750">
    <ele>2946.2</ele>
   </trkpt>
   <trkpt lat="38.1275070" lon="34.1696750">
    <ele>2944.8</ele>
   </trkpt>
   <trkpt lat="38.1275070" lon="34.1696760">
    <ele>2944.8</ele>
   </trkpt>
   <trkpt lat="38.1275070" lon="34.1696770">
    <ele>2945.2</ele>
   </trkpt>
   <trkpt lat="38.1275070" lon="34.1696770">
    <ele>2944.6</ele>
   </trkpt>
   <trkpt lat="38.1275070" lon="34.1696770">
    <ele>2944.6</ele>
   </trkpt>
   <trkpt lat="38.1275070" lon="34.1696780">
    <ele>2944.4</ele>
   </trkpt>
   <trkpt lat="38.1275060" lon="34.1696780">
    <ele>2943.8</ele>
   </trkpt>
   <trkpt lat="38.1275050" lon="34.1696800">
    <ele>2942.6</ele>
   </trkpt>
   <trkpt lat="38.1275050" lon="34.1696820">
    <ele>2941.6</ele>
   </trkpt>
   <trkpt lat="38.1275050" lon="34.1696830">
    <ele>2940.2</ele>
   </trkpt>
   <trkpt lat="38.1275040" lon="34.1696840">
    <ele>2939.0</ele>
   </trkpt>
   <trkpt lat="38.1275040" lon="34.1696850">
    <ele>2937.8</ele>
   </trkpt>
   <trkpt lat="38.1275030" lon="34.1696870">
    <ele>2936.6</ele>
   </trkpt>
   <trkpt lat="38.1275030" lon="34.1696880">
    <ele>2935.4</ele>
   </trkpt>
   <trkpt lat="38.1275020" lon="34.1696910">
    <ele>2935.6</ele>
   </trkpt>
   <trkpt lat="38.1274710" lon="34.1697860">
    <ele>2935.4</ele>
   </trkpt>
   <trkpt lat="38.1274510" lon="34.1698480">
    <ele>2935.2</ele>
   </trkpt>
   <trkpt lat="38.1274290" lon="34.1699120">
    <ele>2935.4</ele>
   </trkpt>
   <trkpt lat="38.1273960" lon="34.1700300">
    <ele>2935.0</ele>
   </trkpt>
   <trkpt lat="38.1273950" lon="34.1700330">
    <ele>2934.2</ele>
   </trkpt>
   <trkpt lat="38.1273950" lon="34.1700390">
    <ele>2933.0</ele>
   </trkpt>
   <trkpt lat="38.1274000" lon="34.1700700">
    <ele>2932.0</ele>
   </trkpt>
   <trkpt lat="38.1274050" lon="34.1700780">
    <ele>2931.6</ele>
   </trkpt>
   <trkpt lat="38.1274050" lon="34.1700820">
    <ele>2930.2</ele>
   </trkpt>
   <trkpt lat="38.1274050" lon="34.1700850">
    <ele>2929.8</ele>
   </trkpt>
   <trkpt lat="38.1274120" lon="34.1701290">
    <ele>2930.0</ele>
   </trkpt>
   <trkpt lat="38.1274220" lon="34.1701590">
    <ele>2929.0</ele>
   </trkpt>
   <trkpt lat="38.1274220" lon="34.1701620">
    <ele>2929.0</ele>
   </trkpt>
   <trkpt lat="38.1274180" lon="34.1701840">
    <ele>2928.6</ele>
   </trkpt>
   <trkpt lat="38.1274160" lon="34.1701920">
    <ele>2928.0</ele>
   </trkpt>
   <trkpt lat="38.1274180" lon="34.1701930">
    <ele>2928.2</ele>
   </trkpt>
   <trkpt lat="38.1274180" lon="34.1701930">
    <ele>2926.8</ele>
   </trkpt>
   <trkpt lat="38.1274180" lon="34.1701930">
    <ele>2925.8</ele>
   </trkpt>
   <trkpt lat="38.1274180" lon="34.1701930">
    <ele>2924.6</ele>
   </trkpt>
   <trkpt lat="38.1274290" lon="34.1702680">
    <ele>2924.4</ele>
   </trkpt>
   <trkpt lat="38.1274180" lon="34.1702680">
    <ele>2924.0</ele>
   </trkpt>
   <trkpt lat="38.1274170" lon="34.1702680">
    <ele>2923.6</ele>
   </trkpt>
   <trkpt lat="38.1274170" lon="34.1702690">
    <ele>2922.4</ele>
   </trkpt>
   <trkpt lat="38.1274120" lon="34.1703060">
    <ele>2921.2</ele>
   </trkpt>
   <trkpt lat="38.1274080" lon="34.1703150">
    <ele>2920.4</ele>
   </trkpt>
   <trkpt lat="38.1274000" lon="34.1703510">
    <ele>2920.0</ele>
   </trkpt>
   <trkpt lat="38.1273980" lon="34.1703940">
    <ele>2919.2</ele>
   </trkpt>
   <trkpt lat="38.1273960" lon="34.1704100">
    <ele>2918.8</ele>
   </trkpt>
   <trkpt lat="38.1273850" lon="34.1704260">
    <ele>2918.6</ele>
   </trkpt>
   <trkpt lat="38.1273770" lon="34.1704440">
    <ele>2917.6</ele>
   </trkpt>
   <trkpt lat="38.1273750" lon="34.1704550">
    <ele>2916.0</ele>
   </trkpt>
   <trkpt lat="38.1273770" lon="34.1704700">
    <ele>2914.8</ele>
   </trkpt>
   <trkpt lat="38.1273730" lon="34.1705100">
    <ele>2912.4</ele>
   </trkpt>
   <trkpt lat="38.1273720" lon="34.1705170">
    <ele>2911.2</ele>
   </trkpt>
   <trkpt lat="38.1273750" lon="34.1705330">
    <ele>2910.6</ele>
   </trkpt>
   <trkpt lat="38.1273790" lon="34.1705500">
    <ele>2910.2</ele>
   </trkpt>
   <trkpt lat="38.1273750" lon="34.1705760">
    <ele>2908.8</ele>
   </trkpt>
   <trkpt lat="38.1273750" lon="34.1705860">
    <ele>2908.2</ele>
   </trkpt>
   <trkpt lat="38.1273710" lon="34.1706080">
    <ele>2907.8</ele>
   </trkpt>
   <trkpt lat="38.1273610" lon="34.1706280">
    <ele>2907.4</ele>
   </trkpt>
   <trkpt lat="38.1273530" lon="34.1706610">
    <ele>2906.6</ele>
   </trkpt>
   <trkpt lat="38.1273550" lon="34.1706730">
    <ele>2905.6</ele>
   </trkpt>
   <trkpt lat="38.1273530" lon="34.1706760">
    <ele>2904.6</ele>
   </trkpt>
   <trkpt lat="38.1273420" lon="34.1706950">
    <ele>2903.2</ele>
   </trkpt>
   <trkpt lat="38.1273390" lon="34.1707320">
    <ele>2902.2</ele>
   </trkpt>
   <trkpt lat="38.1273370" lon="34.1707400">
    <ele>2901.2</ele>
   </trkpt>
   <trkpt lat="38.1273360" lon="34.1707490">
    <ele>2900.6</ele>
   </trkpt>
   <trkpt lat="38.1273370" lon="34.1707740">
    <ele>2899.4</ele>
   </trkpt>
   <trkpt lat="38.1273370" lon="34.1707990">
    <ele>2898.2</ele>
   </trkpt>
   <trkpt lat="38.1273400" lon="34.1708260">
    <ele>2897.2</ele>
   </trkpt>
   <trkpt lat="38.1273420" lon="34.1708370">
    <ele>2895.6</ele>
   </trkpt>
   <trkpt lat="38.1273430" lon="34.1708520">
    <ele>2894.8</ele>
   </trkpt>
   <trkpt lat="38.1273420" lon="34.1708580">
    <ele>2894.4</ele>
   </trkpt>
   <trkpt lat="38.1273490" lon="34.1708990">
    <ele>2893.4</ele>
   </trkpt>
   <trkpt lat="38.1273480" lon="34.1709030">
    <ele>2893.2</ele>
   </trkpt>
   <trkpt lat="38.1273440" lon="34.1709530">
    <ele>2891.6</ele>
   </trkpt>
   <trkpt lat="38.1273410" lon="34.1709720">
    <ele>2890.0</ele>
   </trkpt>
   <trkpt lat="38.1273460" lon="34.1710160">
    <ele>2888.8</ele>
   </trkpt>
   <trkpt lat="38.1273480" lon="34.1710390">
    <ele>2887.6</ele>
   </trkpt>
   <trkpt lat="38.1273500" lon="34.1710660">
    <ele>2886.0</ele>
   </trkpt>
   <trkpt lat="38.1273460" lon="34.1710850">
    <ele>2884.6</ele>
   </trkpt>
   <trkpt lat="38.1273470" lon="34.1711110">
    <ele>2883.6</ele>
   </trkpt>
   <trkpt lat="38.1273390" lon="34.1711280">
    <ele>2882.2</ele>
   </trkpt>
   <trkpt lat="38.1273290" lon="34.1711700">
    <ele>2880.8</ele>
   </trkpt>
   <trkpt lat="38.1273260" lon="34.1711940">
    <ele>2879.2</ele>
   </trkpt>
   <trkpt lat="38.1273260" lon="34.1712180">
    <ele>2878.8</ele>
   </trkpt>
   <trkpt lat="38.1273210" lon="34.1712460">
    <ele>2878.0</ele>
   </trkpt>
   <trkpt lat="38.1273110" lon="34.1712730">
    <ele>2876.8</ele>
   </trkpt>
   <trkpt lat="38.1273090" lon="34.1712960">
    <ele>2875.6</ele>
   </trkpt>
   <trkpt lat="38.1273090" lon="34.1713100">
    <ele>2875.2</ele>
   </trkpt>
   <trkpt lat="38.1273080" lon="34.1713280">
    <ele>2874.0</ele>
   </trkpt>
   <trkpt lat="38.1273110" lon="34.1713450">
    <ele>2872.8</ele>
   </trkpt>
   <trkpt lat="38.1273050" lon="34.1713700">
    <ele>2871.8</ele>
   </trkpt>
   <trkpt lat="38.1272990" lon="34.1713950">
    <ele>2870.4</ele>
   </trkpt>
   <trkpt lat="38.1272940" lon="34.1714080">
    <ele>2868.4</ele>
   </trkpt>
   <trkpt lat="38.1272860" lon="34.1714480">
    <ele>2867.8</ele>
   </trkpt>
   <trkpt lat="38.1272830" lon="34.1714720">
    <ele>2867.2</ele>
   </trkpt>
   <trkpt lat="38.1272770" lon="34.1714940">
    <ele>2866.0</ele>
   </trkpt>
   <trkpt lat="38.1272840" lon="34.1715230">
    <ele>2864.6</ele>
   </trkpt>
   <trkpt lat="38.1272710" lon="34.1716170">
    <ele>2862.8</ele>
   </trkpt>
   <trkpt lat="38.1272430" lon="34.1716860">
    <ele>2862.2</ele>
   </trkpt>
   <trkpt lat="38.1272330" lon="34.1717120">
    <ele>2860.8</ele>
   </trkpt>
   <trkpt lat="38.1272290" lon="34.1717460">
    <ele>2858.0</ele>
   </trkpt>
   <trkpt lat="38.1272300" lon="34.1717550">
    <ele>2857.6</ele>
   </trkpt>
   <trkpt lat="38.1272250" lon="34.1717800">
    <ele>2857.0</ele>
   </trkpt>
   <trkpt lat="38.1272140" lon="34.1718350">
    <ele>2855.6</ele>
   </trkpt>
   <trkpt lat="38.1272120" lon="34.1718720">
    <ele>2854.2</ele>
   </trkpt>
   <trkpt lat="38.1272110" lon="34.1718830">
    <ele>2853.8</ele>
   </trkpt>
   <trkpt lat="38.1272050" lon="34.1718980">
    <ele>2853.0</ele>
   </trkpt>
   <trkpt lat="38.1271940" lon="34.1719070">
    <ele>2852.6</ele>
   </trkpt>
   <trkpt lat="38.1271790" lon="34.1719340">
    <ele>2852.4</ele>
   </trkpt>
   <trkpt lat="38.1271750" lon="34.1719550">
    <ele>2851.6</ele>
   </trkpt>
   <trkpt lat="38.1271740" lon="34.1719720">
    <ele>2849.2</ele>
   </trkpt>
   <trkpt lat="38.1271760" lon="34.1719820">
    <ele>2848.0</ele>
   </trkpt>
   <trkpt lat="38.1271780" lon="34.1719930">
    <ele>2847.0</ele>
   </trkpt>
   <trkpt lat="38.1271780" lon="34.1720050">
    <ele>2846.0</ele>
   </trkpt>
   <trkpt lat="38.1271780" lon="34.1720200">
    <ele>2845.6</ele>
   </trkpt>
   <trkpt lat="38.1271820" lon="34.1720780">
    <ele>2844.2</ele>
   </trkpt>
   <trkpt lat="38.1271800" lon="34.1720870">
    <ele>2844.0</ele>
   </trkpt>
   <trkpt lat="38.1271780" lon="34.1721060">
    <ele>2843.4</ele>
   </trkpt>
   <trkpt lat="38.1271780" lon="34.1721140">
    <ele>2843.0</ele>
   </trkpt>
   <trkpt lat="38.1271780" lon="34.1721320">
    <ele>2841.8</ele>
   </trkpt>
   <trkpt lat="38.1271760" lon="34.1721420">
    <ele>2841.2</ele>
   </trkpt>
   <trkpt lat="38.1271760" lon="34.1721580">
    <ele>2840.8</ele>
   </trkpt>
   <trkpt lat="38.1271770" lon="34.1721900">
    <ele>2840.2</ele>
   </trkpt>
   <trkpt lat="38.1271820" lon="34.1721980">
    <ele>2839.0</ele>
   </trkpt>
   <trkpt lat="38.1271820" lon="34.1721990">
    <ele>2838.6</ele>
   </trkpt>
   <trkpt lat="38.1271810" lon="34.1722000">
    <ele>2837.4</ele>
   </trkpt>
   <trkpt lat="38.1271820" lon="34.1722000">
    <ele>2838.0</ele>
   </trkpt>
   <trkpt lat="38.1271820" lon="34.1722000">
    <ele>2838.0</ele>
   </trkpt>
   <trkpt lat="38.1271820" lon="34.1722000">
    <ele>2837.8</ele>
   </trkpt>
   <trkpt lat="38.1271820" lon="34.1722000">
    <ele>2837.8</ele>
   </trkpt>
   <trkpt lat="38.1271820" lon="34.1722060">
    <ele>2838.4</ele>
   </trkpt>
   <trkpt lat="38.1271820" lon="34.1722070">
    <ele>2840.4</ele>
   </trkpt>
   <trkpt lat="38.1271820" lon="34.1722150">
    <ele>2841.4</ele>
   </trkpt>
   <trkpt lat="38.1271820" lon="34.1722150">
    <ele>2842.0</ele>
   </trkpt>
   <trkpt lat="38.1271840" lon="34.1722150">
    <ele>2842.4</ele>
   </trkpt>
   <trkpt lat="38.1271840" lon="34.1722140">
    <ele>2842.0</ele>
   </trkpt>
   <trkpt lat="38.1271840" lon="34.1722140">
    <ele>2841.4</ele>
   </trkpt>
   <trkpt lat="38.1271840" lon="34.1722140">
    <ele>2841.2</ele>
   </trkpt>
   <trkpt lat="38.1271840" lon="34.1722110">
    <ele>2842.6</ele>
   </trkpt>
   <trkpt lat="38.1271830" lon="34.1722110">
    <ele>2841.0</ele>
   </trkpt>
   <trkpt lat="38.1271770" lon="34.1722120">
    <ele>2840.0</ele>
   </trkpt>
   <trkpt lat="38.1271520" lon="34.1722390">
    <ele>2841.2</ele>
   </trkpt>
   <trkpt lat="38.1271510" lon="34.1722400">
    <ele>2841.2</ele>
   </trkpt>
   <trkpt lat="38.1271510" lon="34.1722400">
    <ele>2841.0</ele>
   </trkpt>
   <trkpt lat="38.1271510" lon="34.1722420">
    <ele>2841.2</ele>
   </trkpt>
   <trkpt lat="38.1271510" lon="34.1722420">
    <ele>2841.2</ele>
   </trkpt>
   <trkpt lat="38.1271520" lon="34.1722420">
    <ele>2841.8</ele>
   </trkpt>
   <trkpt lat="38.1271520" lon="34.1722420">
    <ele>2841.8</ele>
   </trkpt>
   <trkpt lat="38.1271540" lon="34.1722380">
    <ele>2840.6</ele>
   </trkpt>
   <trkpt lat="38.1271540" lon="34.1722380">
    <ele>2840.2</ele>
   </trkpt>
   <trkpt lat="38.1271530" lon="34.1722390">
    <ele>2841.2</ele>
   </trkpt>
   <trkpt lat="38.1271540" lon="34.1722390">
    <ele>2842.6</ele>
   </trkpt>
   <trkpt lat="38.1271540" lon="34.1722390">
    <ele>2841.4</ele>
   </trkpt>
   <trkpt lat="38.1271540" lon="34.1722400">
    <ele>2840.0</ele>
   </trkpt>
   <trkpt lat="38.1271540" lon="34.1722400">
    <ele>2838.6</ele>
   </trkpt>
   <trkpt lat="38.1271550" lon="34.1722410">
    <ele>2837.6</ele>
   </trkpt>
   <trkpt lat="38.1271550" lon="34.1722410">
    <ele>2838.4</ele>
   </trkpt>
   <trkpt lat="38.1271550" lon="34.1722400">
    <ele>2838.6</ele>
   </trkpt>
   <trkpt lat="38.1271560" lon="34.1722400">
    <ele>2840.0</ele>
   </trkpt>
   <trkpt lat="38.1271560" lon="34.1722400">
    <ele>2841.0</ele>
   </trkpt>
   <trkpt lat="38.1271570" lon="34.1722400">
    <ele>2841.2</ele>
   </trkpt>
   <trkpt lat="38.1271580" lon="34.1722400">
    <ele>2840.0</ele>
   </trkpt>
   <trkpt lat="38.1271590" lon="34.1722400">
    <ele>2841.0</ele>
   </trkpt>
   <trkpt lat="38.1271610" lon="34.1722390">
    <ele>2839.2</ele>
   </trkpt>
   <trkpt lat="38.1271630" lon="34.1722390">
    <ele>2838.2</ele>
   </trkpt>
   <trkpt lat="38.1271630" lon="34.1722390">
    <ele>2837.6</ele>
   </trkpt>
   <trkpt lat="38.1271640" lon="34.1722390">
    <ele>2837.0</ele>
   </trkpt>
   <trkpt lat="38.1271660" lon="34.1722390">
    <ele>2835.8</ele>
   </trkpt>
   <trkpt lat="38.1271670" lon="34.1722390">
    <ele>2834.8</ele>
   </trkpt>
   <trkpt lat="38.1271690" lon="34.1722390">
    <ele>2833.6</ele>
   </trkpt>
   <trkpt lat="38.1271700" lon="34.1722390">
    <ele>2832.6</ele>
   </trkpt>
   <trkpt lat="38.1271700" lon="34.1722390">
    <ele>2831.4</ele>
   </trkpt>
   <trkpt lat="38.1271720" lon="34.1722380">
    <ele>2829.8</ele>
   </trkpt>
   <trkpt lat="38.1271730" lon="34.1722380">
    <ele>2828.8</ele>
   </trkpt>
   <trkpt lat="38.1271740" lon="34.1722380">
    <ele>2827.6</ele>
   </trkpt>
   <trkpt lat="38.1271750" lon="34.1722380">
    <ele>2826.6</ele>
   </trkpt>
   <trkpt lat="38.1271750" lon="34.1722380">
    <ele>2825.6</ele>
   </trkpt>
   <trkpt lat="38.1271760" lon="34.1722380">
    <ele>2824.2</ele>
   </trkpt>
   <trkpt lat="38.1271760" lon="34.1722380">
    <ele>2823.2</ele>
   </trkpt>
   <trkpt lat="38.1271770" lon="34.1722390">
    <ele>2822.0</ele>
   </trkpt>
   <trkpt lat="38.1271780" lon="34.1722390">
    <ele>2821.8</ele>
   </trkpt>
   <trkpt lat="38.1271790" lon="34.1722390">
    <ele>2821.0</ele>
   </trkpt>
   <trkpt lat="38.1271800" lon="34.1722390">
    <ele>2820.0</ele>
   </trkpt>
   <trkpt lat="38.1271820" lon="34.1722390">
    <ele>2819.8</ele>
   </trkpt>
   <trkpt lat="38.1271820" lon="34.1722390">
    <ele>2819.8</ele>
   </trkpt>
   <trkpt lat="38.1273130" lon="34.1722510">
    <ele>2818.8</ele>
   </trkpt>
   <trkpt lat="38.1273460" lon="34.1722540">
    <ele>2818.4</ele>
   </trkpt>
   <trkpt lat="38.1274520" lon="34.1722700">
    <ele>2817.8</ele>
   </trkpt>
   <trkpt lat="38.1275400" lon="34.1722780">
    <ele>2816.6</ele>
   </trkpt>
   <trkpt lat="38.1275580" lon="34.1722860">
    <ele>2815.8</ele>
   </trkpt>
   <trkpt lat="38.1275710" lon="34.1722920">
    <ele>2815.6</ele>
   </trkpt>
   <trkpt lat="38.1276050" lon="34.1723080">
    <ele>2814.4</ele>
   </trkpt>
   <trkpt lat="38.1276150" lon="34.1723140">
    <ele>2813.8</ele>
   </trkpt>
   <trkpt lat="38.1276270" lon="34.1723240">
    <ele>2813.2</ele>
   </trkpt>
   <trkpt lat="38.1276480" lon="34.1723330">
    <ele>2812.0</ele>
   </trkpt>
   <trkpt lat="38.1276730" lon="34.1723550">
    <ele>2811.0</ele>
   </trkpt>
   <trkpt lat="38.1276890" lon="34.1723600">
    <ele>2809.6</ele>
   </trkpt>
   <trkpt lat="38.1277060" lon="34.1723710">
    <ele>2808.6</ele>
   </trkpt>
   <trkpt lat="38.1277150" lon="34.1723820">
    <ele>2807.6</ele>
   </trkpt>
   <trkpt lat="38.1277190" lon="34.1723870">
    <ele>2807.4</ele>
   </trkpt>
   <trkpt lat="38.1277380" lon="34.1723960">
    <ele>2806.0</ele>
   </trkpt>
   <trkpt lat="38.1277670" lon="34.1724040">
    <ele>2804.8</ele>
   </trkpt>
   <trkpt lat="38.1277760" lon="34.1724050">
    <ele>2804.6</ele>
   </trkpt>
   <trkpt lat="38.1277880" lon="34.1724060">
    <ele>2804.8</ele>
   </trkpt>
   <trkpt lat="38.1278040" lon="34.1724220">
    <ele>2804.0</ele>
   </trkpt>
   <trkpt lat="38.1278070" lon="34.1724240">
    <ele>2803.8</ele>
   </trkpt>
   <trkpt lat="38.1278290" lon="34.1724390">
    <ele>2802.4</ele>
   </trkpt>
   <trkpt lat="38.1278310" lon="34.1724410">
    <ele>2802.0</ele>
   </trkpt>
   <trkpt lat="38.1278560" lon="34.1724660">
    <ele>2801.4</ele>
   </trkpt>
   <trkpt lat="38.1278570" lon="34.1724730">
    <ele>2801.0</ele>
   </trkpt>
   <trkpt lat="38.1278660" lon="34.1724810">
    <ele>2800.2</ele>
   </trkpt>
   <trkpt lat="38.1278740" lon="34.1724880">
    <ele>2799.2</ele>
   </trkpt>
   <trkpt lat="38.1278760" lon="34.1724910">
    <ele>2798.8</ele>
   </trkpt>
   <trkpt lat="38.1278800" lon="34.1724980">
    <ele>2798.4</ele>
   </trkpt>
   <trkpt lat="38.1278800" lon="34.1724980">
    <ele>2798.2</ele>
   </trkpt>
   <trkpt lat="38.1278800" lon="34.1724980">
    <ele>2797.0</ele>
   </trkpt>
   <trkpt lat="38.1279020" lon="34.1725160">
    <ele>2796.0</ele>
   </trkpt>
   <trkpt lat="38.1279240" lon="34.1725320">
    <ele>2795.4</ele>
   </trkpt>
   <trkpt lat="38.1279470" lon="34.1725510">
    <ele>2795.0</ele>
   </trkpt>
   <trkpt lat="38.1279570" lon="34.1725590">
    <ele>2795.0</ele>
   </trkpt>
   <trkpt lat="38.1279790" lon="34.1725760">
    <ele>2794.2</ele>
   </trkpt>
   <trkpt lat="38.1279910" lon="34.1725810">
    <ele>2794.0</ele>
   </trkpt>
   <trkpt lat="38.1280040" lon="34.1725810">
    <ele>2792.8</ele>
   </trkpt>
   <trkpt lat="38.1280070" lon="34.1725930">
    <ele>2792.0</ele>
   </trkpt>
   <trkpt lat="38.1280160" lon="34.1726110">
    <ele>2791.6</ele>
   </trkpt>
   <trkpt lat="38.1280310" lon="34.1726300">
    <ele>2790.0</ele>
   </trkpt>
   <trkpt lat="38.1280460" lon="34.1726440">
    <ele>2789.0</ele>
   </trkpt>
   <trkpt lat="38.1280480" lon="34.1726470">
    <ele>2789.0</ele>
   </trkpt>
   <trkpt lat="38.1280640" lon="34.1726650">
    <ele>2788.4</ele>
   </trkpt>
   <trkpt lat="38.1280810" lon="34.1726820">
    <ele>2787.8</ele>
   </trkpt>
   <trkpt lat="38.1280850" lon="34.1726860">
    <ele>2787.0</ele>
   </trkpt>
   <trkpt lat="38.1280920" lon="34.1726950">
    <ele>2786.6</ele>
   </trkpt>
   <trkpt lat="38.1281090" lon="34.1727090">
    <ele>2785.6</ele>
   </trkpt>
   <trkpt lat="38.1281140" lon="34.1727120">
    <ele>2785.6</ele>
   </trkpt>
   <trkpt lat="38.1281250" lon="34.1727240">
    <ele>2784.6</ele>
   </trkpt>
   <trkpt lat="38.1281270" lon="34.1727260">
    <ele>2784.2</ele>
   </trkpt>
   <trkpt lat="38.1281270" lon="34.1727260">
    <ele>2783.6</ele>
   </trkpt>
   <trkpt lat="38.1281270" lon="34.1727260">
    <ele>2782.4</ele>
   </trkpt>
   <trkpt lat="38.1281520" lon="34.1727570">
    <ele>2781.4</ele>
   </trkpt>
   <trkpt lat="38.1281680" lon="34.1727740">
    <ele>2779.8</ele>
   </trkpt>
   <trkpt lat="38.1281750" lon="34.1727790">
    <ele>2778.6</ele>
   </trkpt>
   <trkpt lat="38.1282100" lon="34.1728170">
    <ele>2777.4</ele>
   </trkpt>
   <trkpt lat="38.1282310" lon="34.1728370">
    <ele>2777.2</ele>
   </trkpt>
   <trkpt lat="38.1282740" lon="34.1728810">
    <ele>2776.0</ele>
   </trkpt>
   <trkpt lat="38.1282830" lon="34.1728930">
    <ele>2775.0</ele>
   </trkpt>
   <trkpt lat="38.1282870" lon="34.1729050">
    <ele>2775.0</ele>
   </trkpt>
   <trkpt lat="38.1283060" lon="34.1729320">
    <ele>2773.6</ele>
   </trkpt>
   <trkpt lat="38.1283200" lon="34.1729500">
    <ele>2772.0</ele>
   </trkpt>
   <trkpt lat="38.1283260" lon="34.1729630">
    <ele>2771.4</ele>
   </trkpt>
   <trkpt lat="38.1283520" lon="34.1729780">
    <ele>2770.8</ele>
   </trkpt>
   <trkpt lat="38.1283710" lon="34.1729910">
    <ele>2770.0</ele>
   </trkpt>
   <trkpt lat="38.1283760" lon="34.1729950">
    <ele>2769.4</ele>
   </trkpt>
   <trkpt lat="38.1284030" lon="34.1730130">
    <ele>2768.2</ele>
   </trkpt>
   <trkpt lat="38.1284210" lon="34.1730260">
    <ele>2767.0</ele>
   </trkpt>
   <trkpt lat="38.1284280" lon="34.1730290">
    <ele>2766.6</ele>
   </trkpt>
   <trkpt lat="38.1284430" lon="34.1730420">
    <ele>2766.0</ele>
   </trkpt>
   <trkpt lat="38.1284600" lon="34.1730570">
    <ele>2765.0</ele>
   </trkpt>
   <trkpt lat="38.1284700" lon="34.1730620">
    <ele>2764.8</ele>
   </trkpt>
   <trkpt lat="38.1284890" lon="34.1730690">
    <ele>2763.8</ele>
   </trkpt>
   <trkpt lat="38.1285080" lon="34.1730800">
    <ele>2762.8</ele>
   </trkpt>
   <trkpt lat="38.1285100" lon="34.1730820">
    <ele>2762.4</ele>
   </trkpt>
   <trkpt lat="38.1285260" lon="34.1730960">
    <ele>2761.6</ele>
   </trkpt>
   <trkpt lat="38.1285370" lon="34.1731030">
    <ele>2761.4</ele>
   </trkpt>
   <trkpt lat="38.1285540" lon="34.1731140">
    <ele>2760.2</ele>
   </trkpt>
   <trkpt lat="38.1285560" lon="34.1731150">
    <ele>2760.0</ele>
   </trkpt>
   <trkpt lat="38.1285650" lon="34.1731230">
    <ele>2759.2</ele>
   </trkpt>
   <trkpt lat="38.1285890" lon="34.1731360">
    <ele>2758.0</ele>
   </trkpt>
   <trkpt lat="38.1285940" lon="34.1731390">
    <ele>2757.8</ele>
   </trkpt>
   <trkpt lat="38.1286130" lon="34.1731530">
    <ele>2757.6</ele>
   </trkpt>
   <trkpt lat="38.1286200" lon="34.1731550">
    <ele>2756.8</ele>
   </trkpt>
   <trkpt lat="38.1286200" lon="34.1731550">
    <ele>2756.6</ele>
   </trkpt>
   <trkpt lat="38.1286200" lon="34.1731550">
    <ele>2755.2</ele>
   </trkpt>
   <trkpt lat="38.1286210" lon="34.1731600">
    <ele>2754.8</ele>
   </trkpt>
   <trkpt lat="38.1286390" lon="34.1731710">
    <ele>2754.2</ele>
   </trkpt>
   <trkpt lat="38.1286560" lon="34.1731720">
    <ele>2753.4</ele>
   </trkpt>
   <trkpt lat="38.1286580" lon="34.1731720">
    <ele>2753.0</ele>
   </trkpt>
   <trkpt lat="38.1286710" lon="34.1731840">
    <ele>2752.0</ele>
   </trkpt>
   <trkpt lat="38.1286920" lon="34.1731990">
    <ele>2750.8</ele>
   </trkpt>
   <trkpt lat="38.1287270" lon="34.1732140">
    <ele>2749.8</ele>
   </trkpt>
   <trkpt lat="38.1287580" lon="34.1732270">
    <ele>2749.6</ele>
   </trkpt>
   <trkpt lat="38.1288020" lon="34.1732490">
    <ele>2748.8</ele>
   </trkpt>
   <trkpt lat="38.1288120" lon="34.1732530">
    <ele>2748.6</ele>
   </trkpt>
   <trkpt lat="38.1288380" lon="34.1732660">
    <ele>2747.4</ele>
   </trkpt>
   <trkpt lat="38.1288470" lon="34.1732720">
    <ele>2746.8</ele>
   </trkpt>
   <trkpt lat="38.1288550" lon="34.1732700">
    <ele>2746.4</ele>
   </trkpt>
   <trkpt lat="38.1288590" lon="34.1732750">
    <ele>2745.8</ele>
   </trkpt>
   <trkpt lat="38.1288670" lon="34.1732830">
    <ele>2746.6</ele>
   </trkpt>
   <trkpt lat="38.1288860" lon="34.1732940">
    <ele>2745.8</ele>
   </trkpt>
   <trkpt lat="38.1288950" lon="34.1733010">
    <ele>2745.4</ele>
   </trkpt>
   <trkpt lat="38.1289080" lon="34.1733050">
    <ele>2744.0</ele>
   </trkpt>
   <trkpt lat="38.1289220" lon="34.1733130">
    <ele>2743.8</ele>
   </trkpt>
   <trkpt lat="38.1289530" lon="34.1733340">
    <ele>2742.8</ele>
   </trkpt>
   <trkpt lat="38.1289640" lon="34.1733420">
    <ele>2741.8</ele>
   </trkpt>
   <trkpt lat="38.1289860" lon="34.1733490">
    <ele>2740.8</ele>
   </trkpt>
   <trkpt lat="38.1289910" lon="34.1733490">
    <ele>2740.4</ele>
   </trkpt>
   <trkpt lat="38.1290380" lon="34.1733770">
    <ele>2738.8</ele>
   </trkpt>
   <trkpt lat="38.1290390" lon="34.1733810">
    <ele>2738.6</ele>
   </trkpt>
   <trkpt lat="38.1290580" lon="34.1733980">
    <ele>2738.0</ele>
   </trkpt>
   <trkpt lat="38.1290740" lon="34.1734090">
    <ele>2737.4</ele>
   </trkpt>
   <trkpt lat="38.1290870" lon="34.1734190">
    <ele>2736.4</ele>
   </trkpt>
   <trkpt lat="38.1290920" lon="34.1734180">
    <ele>2735.4</ele>
   </trkpt>
   <trkpt lat="38.1290970" lon="34.1734190">
    <ele>2735.4</ele>
   </trkpt>
   <trkpt lat="38.1291090" lon="34.1734270">
    <ele>2734.4</ele>
   </trkpt>
   <trkpt lat="38.1291090" lon="34.1734270">
    <ele>2733.6</ele>
   </trkpt>
   <trkpt lat="38.1291120" lon="34.1734280">
    <ele>2733.4</ele>
   </trkpt>
   <trkpt lat="38.1291290" lon="34.1734410">
    <ele>2732.2</ele>
   </trkpt>
   <trkpt lat="38.1291350" lon="34.1734460">
    <ele>2731.0</ele>
   </trkpt>
   <trkpt lat="38.1291510" lon="34.1734610">
    <ele>2730.0</ele>
   </trkpt>
   <trkpt lat="38.1291590" lon="34.1734690">
    <ele>2729.0</ele>
   </trkpt>
   <trkpt lat="38.1291700" lon="34.1734800">
    <ele>2727.8</ele>
   </trkpt>
   <trkpt lat="38.1292310" lon="34.1735260">
    <ele>2727.0</ele>
   </trkpt>
   <trkpt lat="38.1292360" lon="34.1735300">
    <ele>2726.6</ele>
   </trkpt>
   <trkpt lat="38.1292500" lon="34.1735360">
    <ele>2725.4</ele>
   </trkpt>
   <trkpt lat="38.1292550" lon="34.1735370">
    <ele>2724.4</ele>
   </trkpt>
   <trkpt lat="38.1292670" lon="34.1735480">
    <ele>2723.2</ele>
   </trkpt>
   <trkpt lat="38.1292750" lon="34.1735550">
    <ele>2723.2</ele>
   </trkpt>
   <trkpt lat="38.1292820" lon="34.1735600">
    <ele>2723.2</ele>
   </trkpt>
   <trkpt lat="38.1292870" lon="34.1735620">
    <ele>2723.2</ele>
   </trkpt>
   <trkpt lat="38.1293000" lon="34.1735790">
    <ele>2722.8</ele>
   </trkpt>
   <trkpt lat="38.1293040" lon="34.1735820">
    <ele>2722.2</ele>
   </trkpt>
   <trkpt lat="38.1293140" lon="34.1735850">
    <ele>2721.2</ele>
   </trkpt>
   <trkpt lat="38.1293200" lon="34.1735910">
    <ele>2720.0</ele>
   </trkpt>
   <trkpt lat="38.1293450" lon="34.1736070">
    <ele>2718.8</ele>
   </trkpt>
   <trkpt lat="38.1293530" lon="34.1736130">
    <ele>2717.8</ele>
   </trkpt>
   <trkpt lat="38.1293680" lon="34.1736270">
    <ele>2716.6</ele>
   </trkpt>
   <trkpt lat="38.1294030" lon="34.1736450">
    <ele>2715.8</ele>
   </trkpt>
   <trkpt lat="38.1294110" lon="34.1736480">
    <ele>2716.2</ele>
   </trkpt>
   <trkpt lat="38.1294150" lon="34.1736500">
    <ele>2716.2</ele>
   </trkpt>
   <trkpt lat="38.1294240" lon="34.1736530">
    <ele>2716.2</ele>
   </trkpt>
   <trkpt lat="38.1294490" lon="34.1736560">
    <ele>2715.4</ele>
   </trkpt>
   <trkpt lat="38.1294520" lon="34.1736600">
    <ele>2714.2</ele>
   </trkpt>
   <trkpt lat="38.1294560" lon="34.1736700">
    <ele>2713.0</ele>
   </trkpt>
   <trkpt lat="38.1294760" lon="34.1736870">
    <ele>2712.0</ele>
   </trkpt>
   <trkpt lat="38.1294860" lon="34.1736920">
    <ele>2712.0</ele>
   </trkpt>
   <trkpt lat="38.1295130" lon="34.1736970">
    <ele>2712.0</ele>
   </trkpt>
   <trkpt lat="38.1295210" lon="34.1736950">
    <ele>2712.6</ele>
   </trkpt>
   <trkpt lat="38.1295220" lon="34.1736970">
    <ele>2712.4</ele>
   </trkpt>
   <trkpt lat="38.1295210" lon="34.1736980">
    <ele>2712.4</ele>
   </trkpt>
   <trkpt lat="38.1295220" lon="34.1736980">
    <ele>2712.2</ele>
   </trkpt>
   <trkpt lat="38.1295220" lon="34.1736980">
    <ele>2712.2</ele>
   </trkpt>
   <trkpt lat="38.1295220" lon="34.1736980">
    <ele>2712.2</ele>
   </trkpt>
   <trkpt lat="38.1295220" lon="34.1736980">
    <ele>2712.4</ele>
   </trkpt>
   <trkpt lat="38.1295210" lon="34.1736980">
    <ele>2712.6</ele>
   </trkpt>
   <trkpt lat="38.1295210" lon="34.1736980">
    <ele>2712.4</ele>
   </trkpt>
   <trkpt lat="38.1295410" lon="34.1737230">
    <ele>2711.0</ele>
   </trkpt>
   <trkpt lat="38.1295630" lon="34.1737400">
    <ele>2710.4</ele>
   </trkpt>
   <trkpt lat="38.1295840" lon="34.1737530">
    <ele>2710.0</ele>
   </trkpt>
   <trkpt lat="38.1296150" lon="34.1737720">
    <ele>2708.8</ele>
   </trkpt>
   <trkpt lat="38.1296390" lon="34.1737780">
    <ele>2707.8</ele>
   </trkpt>
   <trkpt lat="38.1296460" lon="34.1737770">
    <ele>2707.8</ele>
   </trkpt>
   <trkpt lat="38.1296640" lon="34.1737800">
    <ele>2707.0</ele>
   </trkpt>
   <trkpt lat="38.1296710" lon="34.1737810">
    <ele>2707.4</ele>
   </trkpt>
   <trkpt lat="38.1296820" lon="34.1737820">
    <ele>2707.4</ele>
   </trkpt>
   <trkpt lat="38.1296890" lon="34.1737810">
    <ele>2706.6</ele>
   </trkpt>
   <trkpt lat="38.1296890" lon="34.1737810">
    <ele>2706.6</ele>
   </trkpt>
   <trkpt lat="38.1296890" lon="34.1737810">
    <ele>2705.0</ele>
   </trkpt>
   <trkpt lat="38.1296980" lon="34.1737940">
    <ele>2705.0</ele>
   </trkpt>
   <trkpt lat="38.1297150" lon="34.1737860">
    <ele>2703.6</ele>
   </trkpt>
   <trkpt lat="38.1297830" lon="34.1737630">
    <ele>2702.6</ele>
   </trkpt>
   <trkpt lat="38.1298360" lon="34.1737520">
    <ele>2702.2</ele>
   </trkpt>
   <trkpt lat="38.1299300" lon="34.1737310">
    <ele>2701.4</ele>
   </trkpt>
   <trkpt lat="38.1299720" lon="34.1737220">
    <ele>2700.4</ele>
   </trkpt>
   <trkpt lat="38.1300020" lon="34.1737110">
    <ele>2699.2</ele>
   </trkpt>
   <trkpt lat="38.1300290" lon="34.1737030">
    <ele>2698.4</ele>
   </trkpt>
   <trkpt lat="38.1300560" lon="34.1736920">
    <ele>2698.2</ele>
   </trkpt>
   <trkpt lat="38.1300690" lon="34.1736850">
    <ele>2697.8</ele>
   </trkpt>
   <trkpt lat="38.1300890" lon="34.1736870">
    <ele>2697.6</ele>
   </trkpt>
   <trkpt lat="38.1301040" lon="34.1736860">
    <ele>2697.0</ele>
   </trkpt>
   <trkpt lat="38.1301170" lon="34.1736870">
    <ele>2696.6</ele>
   </trkpt>
   <trkpt lat="38.1301320" lon="34.1736830">
    <ele>2696.0</ele>
   </trkpt>
   <trkpt lat="38.1301450" lon="34.1736780">
    <ele>2695.6</ele>
   </trkpt>
   <trkpt lat="38.1301740" lon="34.1736670">
    <ele>2695.2</ele>
   </trkpt>
   <trkpt lat="38.1301860" lon="34.1736640">
    <ele>2694.8</ele>
   </trkpt>
   <trkpt lat="38.1302170" lon="34.1736670">
    <ele>2693.6</ele>
   </trkpt>
   <trkpt lat="38.1302560" lon="34.1736680">
    <ele>2692.6</ele>
   </trkpt>
   <trkpt lat="38.1302790" lon="34.1736620">
    <ele>2691.4</ele>
   </trkpt>
   <trkpt lat="38.1303200" lon="34.1736640">
    <ele>2690.2</ele>
   </trkpt>
   <trkpt lat="38.1303270" lon="34.1736620">
    <ele>2689.8</ele>
   </trkpt>
   <trkpt lat="38.1303320" lon="34.1736660">
    <ele>2689.4</ele>
   </trkpt>
   <trkpt lat="38.1303520" lon="34.1736560">
    <ele>2689.2</ele>
   </trkpt>
   <trkpt lat="38.1303790" lon="34.1736500">
    <ele>2688.0</ele>
   </trkpt>
   <trkpt lat="38.1303910" lon="34.1736460">
    <ele>2688.0</ele>
   </trkpt>
   <trkpt lat="38.1304170" lon="34.1736340">
    <ele>2687.0</ele>
   </trkpt>
   <trkpt lat="38.1304340" lon="34.1736270">
    <ele>2686.4</ele>
   </trkpt>
   <trkpt lat="38.1304500" lon="34.1736230">
    <ele>2686.0</ele>
   </trkpt>
   <trkpt lat="38.1304500" lon="34.1736220">
    <ele>2685.8</ele>
   </trkpt>
   <trkpt lat="38.1304710" lon="34.1736080">
    <ele>2685.4</ele>
   </trkpt>
   <trkpt lat="38.1304700" lon="34.1736070">
    <ele>2685.2</ele>
   </trkpt>
   <trkpt lat="38.1304720" lon="34.1736050">
    <ele>2685.2</ele>
   </trkpt>
   <trkpt lat="38.1304720" lon="34.1736050">
    <ele>2684.8</ele>
   </trkpt>
   <trkpt lat="38.1304740" lon="34.1736050">
    <ele>2683.6</ele>
   </trkpt>
   <trkpt lat="38.1304850" lon="34.1736020">
    <ele>2682.6</ele>
   </trkpt>
   <trkpt lat="38.1305460" lon="34.1735770">
    <ele>2681.6</ele>
   </trkpt>
   <trkpt lat="38.1305690" lon="34.1735680">
    <ele>2680.6</ele>
   </trkpt>
   <trkpt lat="38.1305840" lon="34.1735550">
    <ele>2679.4</ele>
   </trkpt>
   <trkpt lat="38.1306170" lon="34.1735460">
    <ele>2678.2</ele>
   </trkpt>
   <trkpt lat="38.1306440" lon="34.1735410">
    <ele>2677.2</ele>
   </trkpt>
   <trkpt lat="38.1306690" lon="34.1735340">
    <ele>2676.2</ele>
   </trkpt>
   <trkpt lat="38.1306800" lon="34.1735260">
    <ele>2674.8</ele>
   </trkpt>
   <trkpt lat="38.1307080" lon="34.1735160">
    <ele>2673.4</ele>
   </trkpt>
   <trkpt lat="38.1307480" lon="34.1734920">
    <ele>2672.2</ele>
   </trkpt>
   <trkpt lat="38.1307630" lon="34.1734860">
    <ele>2671.0</ele>
   </trkpt>
   <trkpt lat="38.1307820" lon="34.1734770">
    <ele>2670.0</ele>
   </trkpt>
   <trkpt lat="38.1308250" lon="34.1734480">
    <ele>2668.8</ele>
   </trkpt>
   <trkpt lat="38.1308430" lon="34.1734360">
    <ele>2667.6</ele>
   </trkpt>
   <trkpt lat="38.1308610" lon="34.1734280">
    <ele>2666.6</ele>
   </trkpt>
   <trkpt lat="38.1308820" lon="34.1734180">
    <ele>2665.4</ele>
   </trkpt>
   <trkpt lat="38.1309050" lon="34.1734100">
    <ele>2664.2</ele>
   </trkpt>
   <trkpt lat="38.1309250" lon="34.1734010">
    <ele>2662.8</ele>
   </trkpt>
   <trkpt lat="38.1309650" lon="34.1733810">
    <ele>2661.8</ele>
   </trkpt>
   <trkpt lat="38.1309930" lon="34.1733670">
    <ele>2660.8</ele>
   </trkpt>
   <trkpt lat="38.1310070" lon="34.1733630">
    <ele>2659.6</ele>
   </trkpt>
   <trkpt lat="38.1310450" lon="34.1733490">
    <ele>2658.6</ele>
   </trkpt>
   <trkpt lat="38.1310900" lon="34.1733340">
    <ele>2657.2</ele>
   </trkpt>
   <trkpt lat="38.1311110" lon="34.1733220">
    <ele>2656.0</ele>
   </trkpt>
   <trkpt lat="38.1311240" lon="34.1733160">
    <ele>2654.8</ele>
   </trkpt>
   <trkpt lat="38.1311360" lon="34.1733120">
    <ele>2653.6</ele>
   </trkpt>
   <trkpt lat="38.1311530" lon="34.1733060">
    <ele>2652.4</ele>
   </trkpt>
   <trkpt lat="38.1312410" lon="34.1732860">
    <ele>2651.2</ele>
   </trkpt>
   <trkpt lat="38.1312800" lon="34.1732760">
    <ele>2650.8</ele>
   </trkpt>
   <trkpt lat="38.1313280" lon="34.1732610">
    <ele>2650.2</ele>
   </trkpt>
   <trkpt lat="38.1313390" lon="34.1732520">
    <ele>2649.8</ele>
   </trkpt>
   <trkpt lat="38.1313660" lon="34.1732280">
    <ele>2649.0</ele>
   </trkpt>
   <trkpt lat="38.1314000" lon="34.1732090">
    <ele>2648.0</ele>
   </trkpt>
   <trkpt lat="38.1314060" lon="34.1732050">
    <ele>2647.8</ele>
   </trkpt>
   <trkpt lat="38.1314210" lon="34.1731890">
    <ele>2646.8</ele>
   </trkpt>
   <trkpt lat="38.1314290" lon="34.1731880">
    <ele>2646.6</ele>
   </trkpt>
   <trkpt lat="38.1314510" lon="34.1731800">
    <ele>2645.8</ele>
   </trkpt>
   <trkpt lat="38.1314540" lon="34.1731810">
    <ele>2645.6</ele>
   </trkpt>
   <trkpt lat="38.1314770" lon="34.1731620">
    <ele>2644.8</ele>
   </trkpt>
   <trkpt lat="38.1314870" lon="34.1731620">
    <ele>2644.6</ele>
   </trkpt>
   <trkpt lat="38.1315100" lon="34.1731490">
    <ele>2643.6</ele>
   </trkpt>
   <trkpt lat="38.1315370" lon="34.1731380">
    <ele>2642.8</ele>
   </trkpt>
   <trkpt lat="38.1315470" lon="34.1731330">
    <ele>2642.6</ele>
   </trkpt>
   <trkpt lat="38.1315780" lon="34.1731200">
    <ele>2641.4</ele>
   </trkpt>
   <trkpt lat="38.1315800" lon="34.1731220">
    <ele>2641.0</ele>
   </trkpt>
   <trkpt lat="38.1316100" lon="34.1731160">
    <ele>2640.2</ele>
   </trkpt>
   <trkpt lat="38.1316250" lon="34.1731070">
    <ele>2640.0</ele>
   </trkpt>
   <trkpt lat="38.1316430" lon="34.1730980">
    <ele>2639.2</ele>
   </trkpt>
   <trkpt lat="38.1316440" lon="34.1730980">
    <ele>2639.0</ele>
   </trkpt>
   <trkpt lat="38.1316570" lon="34.1730990">
    <ele>2638.6</ele>
   </trkpt>
   <trkpt lat="38.1316580" lon="34.1730980">
    <ele>2638.4</ele>
   </trkpt>
   <trkpt lat="38.1316580" lon="34.1730980">
    <ele>2638.0</ele>
   </trkpt>
   <trkpt lat="38.1316580" lon="34.1730980">
    <ele>2637.8</ele>
   </trkpt>
   <trkpt lat="38.1316780" lon="34.1730930">
    <ele>2638.6</ele>
   </trkpt>
   <trkpt lat="38.1316800" lon="34.1730930">
    <ele>2638.6</ele>
   </trkpt>
   <trkpt lat="38.1316800" lon="34.1730930">
    <ele>2638.6</ele>
   </trkpt>
   <trkpt lat="38.1316800" lon="34.1730930">
    <ele>2638.6</ele>
   </trkpt>
   <trkpt lat="38.1316780" lon="34.1730940">
    <ele>2638.4</ele>
   </trkpt>
   <trkpt lat="38.1316800" lon="34.1730960">
    <ele>2637.0</ele>
   </trkpt>
   <trkpt lat="38.1316910" lon="34.1730940">
    <ele>2636.4</ele>
   </trkpt>
   <trkpt lat="38.1316980" lon="34.1730840">
    <ele>2636.0</ele>
   </trkpt>
   <trkpt lat="38.1317270" lon="34.1730750">
    <ele>2635.2</ele>
   </trkpt>
   <trkpt lat="38.1317340" lon="34.1730730">
    <ele>2634.8</ele>
   </trkpt>
   <trkpt lat="38.1317760" lon="34.1730680">
    <ele>2633.6</ele>
   </trkpt>
   <trkpt lat="38.1317860" lon="34.1730670">
    <ele>2633.4</ele>
   </trkpt>
   <trkpt lat="38.1318310" lon="34.1730620">
    <ele>2633.4</ele>
   </trkpt>
   <trkpt lat="38.1318580" lon="34.1730670">
    <ele>2633.2</ele>
   </trkpt>
   <trkpt lat="38.1318680" lon="34.1730750">
    <ele>2632.6</ele>
   </trkpt>
   <trkpt lat="38.1318700" lon="34.1730810">
    <ele>2631.4</ele>
   </trkpt>
   <trkpt lat="38.1318700" lon="34.1730810">
    <ele>2631.4</ele>
   </trkpt>
   <trkpt lat="38.1318700" lon="34.1730810">
    <ele>2630.6</ele>
   </trkpt>
   <trkpt lat="38.1318700" lon="34.1730810">
    <ele>2630.2</ele>
   </trkpt>
   <trkpt lat="38.1318710" lon="34.1730830">
    <ele>2629.2</ele>
   </trkpt>
   <trkpt lat="38.1318720" lon="34.1730840">
    <ele>2629.2</ele>
   </trkpt>
   <trkpt lat="38.1318860" lon="34.1730980">
    <ele>2629.0</ele>
   </trkpt>
   <trkpt lat="38.1318890" lon="34.1730990">
    <ele>2629.0</ele>
   </trkpt>
   <trkpt lat="38.1318900" lon="34.1731000">
    <ele>2628.2</ele>
   </trkpt>
   <trkpt lat="38.1319000" lon="34.1731150">
    <ele>2627.0</ele>
   </trkpt>
   <trkpt lat="38.1319230" lon="34.1731410">
    <ele>2625.6</ele>
   </trkpt>
   <trkpt lat="38.1319280" lon="34.1731510">
    <ele>2624.8</ele>
   </trkpt>
   <trkpt lat="38.1319460" lon="34.1731760">
    <ele>2624.6</ele>
   </trkpt>
   <trkpt lat="38.1319580" lon="34.1731930">
    <ele>2623.6</ele>
   </trkpt>
   <trkpt lat="38.1319650" lon="34.1732000">
    <ele>2623.2</ele>
   </trkpt>
   <trkpt lat="38.1319820" lon="34.1732040">
    <ele>2622.6</ele>
   </trkpt>
   <trkpt lat="38.1319850" lon="34.1732030">
    <ele>2621.4</ele>
   </trkpt>
   <trkpt lat="38.1320110" lon="34.1732270">
    <ele>2620.2</ele>
   </trkpt>
   <trkpt lat="38.1320170" lon="34.1732320">
    <ele>2620.0</ele>
   </trkpt>
   <trkpt lat="38.1320310" lon="34.1732340">
    <ele>2618.8</ele>
   </trkpt>
   <trkpt lat="38.1320540" lon="34.1732400">
    <ele>2617.6</ele>
   </trkpt>
   <trkpt lat="38.1320690" lon="34.1732440">
    <ele>2616.4</ele>
   </trkpt>
   <trkpt lat="38.1320720" lon="34.1732450">
    <ele>2616.4</ele>
   </trkpt>
   <trkpt lat="38.1320970" lon="34.1732490">
    <ele>2615.8</ele>
   </trkpt>
   <trkpt lat="38.1320990" lon="34.1732520">
    <ele>2615.4</ele>
   </trkpt>
   <trkpt lat="38.1321120" lon="34.1732680">
    <ele>2614.2</ele>
   </trkpt>
   <trkpt lat="38.1321250" lon="34.1732720">
    <ele>2613.8</ele>
   </trkpt>
   <trkpt lat="38.1321300" lon="34.1732740">
    <ele>2613.2</ele>
   </trkpt>
   <trkpt lat="38.1321430" lon="34.1732780">
    <ele>2612.4</ele>
   </trkpt>
   <trkpt lat="38.1321490" lon="34.1732730">
    <ele>2612.0</ele>
   </trkpt>
   <trkpt lat="38.1321700" lon="34.1732800">
    <ele>2610.8</ele>
   </trkpt>
   <trkpt lat="38.1321810" lon="34.1732870">
    <ele>2609.6</ele>
   </trkpt>
   <trkpt lat="38.1321980" lon="34.1733050">
    <ele>2608.6</ele>
   </trkpt>
   <trkpt lat="38.1322030" lon="34.1733060">
    <ele>2608.4</ele>
   </trkpt>
   <trkpt lat="38.1322190" lon="34.1733070">
    <ele>2607.6</ele>
   </trkpt>
   <trkpt lat="38.1322400" lon="34.1733150">
    <ele>2606.8</ele>
   </trkpt>
   <trkpt lat="38.1322440" lon="34.1733150">
    <ele>2606.4</ele>
   </trkpt>
   <trkpt lat="38.1322520" lon="34.1733120">
    <ele>2605.6</ele>
   </trkpt>
   <trkpt lat="38.1322570" lon="34.1733120">
    <ele>2605.4</ele>
   </trkpt>
   <trkpt lat="38.1322750" lon="34.1733180">
    <ele>2604.2</ele>
   </trkpt>
   <trkpt lat="38.1322820" lon="34.1733220">
    <ele>2604.0</ele>
   </trkpt>
   <trkpt lat="38.1322880" lon="34.1733210">
    <ele>2603.2</ele>
   </trkpt>
   <trkpt lat="38.1322880" lon="34.1733220">
    <ele>2603.2</ele>
   </trkpt>
   <trkpt lat="38.1322950" lon="34.1733230">
    <ele>2603.0</ele>
   </trkpt>
   <trkpt lat="38.1323070" lon="34.1733230">
    <ele>2602.2</ele>
   </trkpt>
   <trkpt lat="38.1323070" lon="34.1733230">
    <ele>2602.0</ele>
   </trkpt>
   <trkpt lat="38.1323070" lon="34.1733230">
    <ele>2601.0</ele>
   </trkpt>
   <trkpt lat="38.1323190" lon="34.1733350">
    <ele>2600.0</ele>
   </trkpt>
   <trkpt lat="38.1323370" lon="34.1733390">
    <ele>2599.2</ele>
   </trkpt>
   <trkpt lat="38.1323770" lon="34.1733330">
    <ele>2598.8</ele>
   </trkpt>
   <trkpt lat="38.1323860" lon="34.1733330">
    <ele>2598.0</ele>
   </trkpt>
   <trkpt lat="38.1323910" lon="34.1733320">
    <ele>2597.6</ele>
   </trkpt>
   <trkpt lat="38.1324180" lon="34.1733330">
    <ele>2596.6</ele>
   </trkpt>
   <trkpt lat="38.1324400" lon="34.1733380">
    <ele>2595.6</ele>
   </trkpt>
   <trkpt lat="38.1324520" lon="34.1733460">
    <ele>2594.2</ele>
   </trkpt>
   <trkpt lat="38.1324520" lon="34.1733460">
    <ele>2593.2</ele>
   </trkpt>
   <trkpt lat="38.1324790" lon="34.1733660">
    <ele>2593.4</ele>
   </trkpt>
   <trkpt lat="38.1324910" lon="34.1733710">
    <ele>2592.8</ele>
   </trkpt>
   <trkpt lat="38.1325040" lon="34.1733790">
    <ele>2591.8</ele>
   </trkpt>
   <trkpt lat="38.1325200" lon="34.1733890">
    <ele>2590.8</ele>
   </trkpt>
   <trkpt lat="38.1325240" lon="34.1733910">
    <ele>2590.2</ele>
   </trkpt>
   <trkpt lat="38.1325340" lon="34.1733960">
    <ele>2589.6</ele>
   </trkpt>
   <trkpt lat="38.1325420" lon="34.1734010">
    <ele>2589.0</ele>
   </trkpt>
   <trkpt lat="38.1325420" lon="34.1733980">
    <ele>2589.0</ele>
   </trkpt>
   <trkpt lat="38.1325440" lon="34.1733970">
    <ele>2588.6</ele>
   </trkpt>
   <trkpt lat="38.1325650" lon="34.1733960">
    <ele>2587.4</ele>
   </trkpt>
   <trkpt lat="38.1325880" lon="34.1733880">
    <ele>2586.4</ele>
   </trkpt>
   <trkpt lat="38.1326250" lon="34.1733910">
    <ele>2585.4</ele>
   </trkpt>
   <trkpt lat="38.1326330" lon="34.1733950">
    <ele>2584.8</ele>
   </trkpt>
   <trkpt lat="38.1326390" lon="34.1733970">
    <ele>2584.2</ele>
   </trkpt>
   <trkpt lat="38.1326680" lon="34.1733930">
    <ele>2583.0</ele>
   </trkpt>
   <trkpt lat="38.1327010" lon="34.1733760">
    <ele>2581.6</ele>
   </trkpt>
   <trkpt lat="38.1327110" lon="34.1733730">
    <ele>2581.4</ele>
   </trkpt>
   <trkpt lat="38.1327370" lon="34.1733580">
    <ele>2580.6</ele>
   </trkpt>
   <trkpt lat="38.1327420" lon="34.1733570">
    <ele>2580.6</ele>
   </trkpt>
   <trkpt lat="38.1327840" lon="34.1733470">
    <ele>2579.2</ele>
   </trkpt>
   <trkpt lat="38.1327870" lon="34.1733480">
    <ele>2579.2</ele>
   </trkpt>
   <trkpt lat="38.1328070" lon="34.1733410">
    <ele>2578.2</ele>
   </trkpt>
   <trkpt lat="38.1328350" lon="34.1733360">
    <ele>2577.8</ele>
   </trkpt>
   <trkpt lat="38.1328520" lon="34.1733340">
    <ele>2576.8</ele>
   </trkpt>
   <trkpt lat="38.1328740" lon="34.1733320">
    <ele>2575.6</ele>
   </trkpt>
   <trkpt lat="38.1328930" lon="34.1733260">
    <ele>2574.6</ele>
   </trkpt>
   <trkpt lat="38.1329010" lon="34.1733260">
    <ele>2574.6</ele>
   </trkpt>
   <trkpt lat="38.1329300" lon="34.1733190">
    <ele>2573.6</ele>
   </trkpt>
   <trkpt lat="38.1329350" lon="34.1733160">
    <ele>2573.4</ele>
   </trkpt>
   <trkpt lat="38.1329530" lon="34.1733090">
    <ele>2572.8</ele>
   </trkpt>
   <trkpt lat="38.1329650" lon="34.1733020">
    <ele>2572.2</ele>
   </trkpt>
   <trkpt lat="38.1329690" lon="34.1733000">
    <ele>2572.0</ele>
   </trkpt>
   <trkpt lat="38.1330000" lon="34.1732930">
    <ele>2571.2</ele>
   </trkpt>
   <trkpt lat="38.1330110" lon="34.1732900">
    <ele>2571.0</ele>
   </trkpt>
   <trkpt lat="38.1330370" lon="34.1732790">
    <ele>2570.0</ele>
   </trkpt>
   <trkpt lat="38.1330580" lon="34.1732680">
    <ele>2569.0</ele>
   </trkpt>
   <trkpt lat="38.1330670" lon="34.1732650">
    <ele>2568.6</ele>
   </trkpt>
   <trkpt lat="38.1330780" lon="34.1732620">
    <ele>2568.0</ele>
   </trkpt>
   <trkpt lat="38.1330940" lon="34.1732580">
    <ele>2567.6</ele>
   </trkpt>
   <trkpt lat="38.1330990" lon="34.1732560">
    <ele>2567.4</ele>
   </trkpt>
   <trkpt lat="38.1331220" lon="34.1732520">
    <ele>2566.8</ele>
   </trkpt>
   <trkpt lat="38.1331570" lon="34.1732430">
    <ele>2565.8</ele>
   </trkpt>
   <trkpt lat="38.1331760" lon="34.1732330">
    <ele>2565.2</ele>
   </trkpt>
   <trkpt lat="38.1331970" lon="34.1732200">
    <ele>2564.4</ele>
   </trkpt>
   <trkpt lat="38.1332050" lon="34.1732180">
    <ele>2564.2</ele>
   </trkpt>
   <trkpt lat="38.1332100" lon="34.1732190">
    <ele>2563.4</ele>
   </trkpt>
   <trkpt lat="38.1332200" lon="34.1732210">
    <ele>2563.4</ele>
   </trkpt>
   <trkpt lat="38.1332350" lon="34.1732190">
    <ele>2562.4</ele>
   </trkpt>
   <trkpt lat="38.1332350" lon="34.1732190">
    <ele>2562.0</ele>
   </trkpt>
   <trkpt lat="38.1332350" lon="34.1732190">
    <ele>2561.8</ele>
   </trkpt>
   <trkpt lat="38.1332350" lon="34.1732190">
    <ele>2562.0</ele>
   </trkpt>
   <trkpt lat="38.1332500" lon="34.1732100">
    <ele>2561.2</ele>
   </trkpt>
   <trkpt lat="38.1332590" lon="34.1732050">
    <ele>2560.4</ele>
   </trkpt>
   <trkpt lat="38.1332890" lon="34.1731950">
    <ele>2560.8</ele>
   </trkpt>
   <trkpt lat="38.1332920" lon="34.1731920">
    <ele>2560.8</ele>
   </trkpt>
   <trkpt lat="38.1332980" lon="34.1731750">
    <ele>2560.6</ele>
   </trkpt>
   <trkpt lat="38.1332980" lon="34.1731710">
    <ele>2560.4</ele>
   </trkpt>
   <trkpt lat="38.1332950" lon="34.1731710">
    <ele>2560.2</ele>
   </trkpt>
   <trkpt lat="38.1332940" lon="34.1731710">
    <ele>2560.2</ele>
   </trkpt>
   <trkpt lat="38.1332890" lon="34.1731710">
    <ele>2560.0</ele>
   </trkpt>
   <trkpt lat="38.1332880" lon="34.1731690">
    <ele>2559.8</ele>
   </trkpt>
   <trkpt lat="38.1332880" lon="34.1731680">
    <ele>2560.0</ele>
   </trkpt>
   <trkpt lat="38.1332870" lon="34.1731670">
    <ele>2560.4</ele>
   </trkpt>
   <trkpt lat="38.1332750" lon="34.1731600">
    <ele>2559.6</ele>
   </trkpt>
   <trkpt lat="38.1332750" lon="34.1731600">
    <ele>2560.4</ele>
   </trkpt>
   <trkpt lat="38.1332750" lon="34.1731610">
    <ele>2560.6</ele>
   </trkpt>
   <trkpt lat="38.1332760" lon="34.1731610">
    <ele>2560.2</ele>
   </trkpt>
   <trkpt lat="38.1332760" lon="34.1731620">
    <ele>2560.6</ele>
   </trkpt>
   <trkpt lat="38.1333210" lon="34.1731510">
    <ele>2559.2</ele>
   </trkpt>
   <trkpt lat="38.1333330" lon="34.1731480">
    <ele>2559.0</ele>
   </trkpt>
   <trkpt lat="38.1333770" lon="34.1731410">
    <ele>2558.2</ele>
   </trkpt>
   <trkpt lat="38.1334100" lon="34.1731290">
    <ele>2557.0</ele>
   </trkpt>
   <trkpt lat="38.1334420" lon="34.1731030">
    <ele>2555.8</ele>
   </trkpt>
   <trkpt lat="38.1334650" lon="34.1731000">
    <ele>2555.2</ele>
   </trkpt>
   <trkpt lat="38.1334910" lon="34.1730930">
    <ele>2554.6</ele>
   </trkpt>
   <trkpt lat="38.1335130" lon="34.1730780">
    <ele>2553.6</ele>
   </trkpt>
   <trkpt lat="38.1335210" lon="34.1730720">
    <ele>2553.4</ele>
   </trkpt>
   <trkpt lat="38.1335440" lon="34.1730560">
    <ele>2552.6</ele>
   </trkpt>
   <trkpt lat="38.1335590" lon="34.1730500">
    <ele>2552.0</ele>
   </trkpt>
   <trkpt lat="38.1335850" lon="34.1730340">
    <ele>2551.2</ele>
   </trkpt>
   <trkpt lat="38.1335880" lon="34.1730320">
    <ele>2550.8</ele>
   </trkpt>
   <trkpt lat="38.1336100" lon="34.1730200">
    <ele>2550.2</ele>
   </trkpt>
   <trkpt lat="38.1336290" lon="34.1730080">
    <ele>2549.8</ele>
   </trkpt>
   <trkpt lat="38.1336430" lon="34.1729980">
    <ele>2548.8</ele>
   </trkpt>
   <trkpt lat="38.1336580" lon="34.1729940">
    <ele>2548.8</ele>
   </trkpt>
   <trkpt lat="38.1336930" lon="34.1729650">
    <ele>2547.8</ele>
   </trkpt>
   <trkpt lat="38.1336980" lon="34.1729600">
    <ele>2547.6</ele>
   </trkpt>
   <trkpt lat="38.1337400" lon="34.1729090">
    <ele>2546.4</ele>
   </trkpt>
   <trkpt lat="38.1337570" lon="34.1728960">
    <ele>2546.0</ele>
   </trkpt>
   <trkpt lat="38.1337810" lon="34.1728730">
    <ele>2545.0</ele>
   </trkpt>
   <trkpt lat="38.1337950" lon="34.1728510">
    <ele>2544.4</ele>
   </trkpt>
   <trkpt lat="38.1338010" lon="34.1728460">
    <ele>2544.0</ele>
   </trkpt>
   <trkpt lat="38.1338280" lon="34.1728270">
    <ele>2543.0</ele>
   </trkpt>
   <trkpt lat="38.1338410" lon="34.1728250">
    <ele>2542.4</ele>
   </trkpt>
   <trkpt lat="38.1338520" lon="34.1728240">
    <ele>2541.8</ele>
   </trkpt>
   <trkpt lat="38.1338700" lon="34.1728160">
    <ele>2540.6</ele>
   </trkpt>
   <trkpt lat="38.1338830" lon="34.1728100">
    <ele>2540.4</ele>
   </trkpt>
   <trkpt lat="38.1339110" lon="34.1727860">
    <ele>2539.4</ele>
   </trkpt>
   <trkpt lat="38.1339150" lon="34.1727810">
    <ele>2539.4</ele>
   </trkpt>
   <trkpt lat="38.1339350" lon="34.1727680">
    <ele>2538.8</ele>
   </trkpt>
   <trkpt lat="38.1339490" lon="34.1727620">
    <ele>2538.4</ele>
   </trkpt>
   <trkpt lat="38.1339770" lon="34.1727560">
    <ele>2537.8</ele>
   </trkpt>
   <trkpt lat="38.1339950" lon="34.1727510">
    <ele>2537.2</ele>
   </trkpt>
   <trkpt lat="38.1340050" lon="34.1727470">
    <ele>2537.0</ele>
   </trkpt>
   <trkpt lat="38.1340370" lon="34.1727370">
    <ele>2536.2</ele>
   </trkpt>
   <trkpt lat="38.1340420" lon="34.1727350">
    <ele>2536.0</ele>
   </trkpt>
   <trkpt lat="38.1340890" lon="34.1727220">
    <ele>2535.4</ele>
   </trkpt>
   <trkpt lat="38.1341070" lon="34.1727160">
    <ele>2535.0</ele>
   </trkpt>
   <trkpt lat="38.1341260" lon="34.1727110">
    <ele>2534.4</ele>
   </trkpt>
   <trkpt lat="38.1341700" lon="34.1726930">
    <ele>2534.0</ele>
   </trkpt>
   <trkpt lat="38.1341750" lon="34.1726910">
    <ele>2533.4</ele>
   </trkpt>
   <trkpt lat="38.1342070" lon="34.1726790">
    <ele>2532.6</ele>
   </trkpt>
   <trkpt lat="38.1342220" lon="34.1726750">
    <ele>2532.6</ele>
   </trkpt>
   <trkpt lat="38.1342470" lon="34.1726650">
    <ele>2531.4</ele>
   </trkpt>
   <trkpt lat="38.1342520" lon="34.1726600">
    <ele>2531.4</ele>
   </trkpt>
   <trkpt lat="38.1342550" lon="34.1726570">
    <ele>2530.4</ele>
   </trkpt>
   <trkpt lat="38.1342570" lon="34.1726610">
    <ele>2530.2</ele>
   </trkpt>
   <trkpt lat="38.1342590" lon="34.1726620">
    <ele>2530.4</ele>
   </trkpt>
   <trkpt lat="38.1342590" lon="34.1726620">
    <ele>2530.0</ele>
   </trkpt>
   <trkpt lat="38.1342870" lon="34.1726510">
    <ele>2529.4</ele>
   </trkpt>
   <trkpt lat="38.1342970" lon="34.1726490">
    <ele>2529.2</ele>
   </trkpt>
   <trkpt lat="38.1343690" lon="34.1726290">
    <ele>2528.4</ele>
   </trkpt>
   <trkpt lat="38.1343850" lon="34.1726200">
    <ele>2528.0</ele>
   </trkpt>
   <trkpt lat="38.1344060" lon="34.1726140">
    <ele>2527.2</ele>
   </trkpt>
   <trkpt lat="38.1344160" lon="34.1726070">
    <ele>2526.8</ele>
   </trkpt>
   <trkpt lat="38.1344360" lon="34.1725900">
    <ele>2526.2</ele>
   </trkpt>
   <trkpt lat="38.1344750" lon="34.1725890">
    <ele>2525.4</ele>
   </trkpt>
   <trkpt lat="38.1344880" lon="34.1725830">
    <ele>2525.0</ele>
   </trkpt>
   <trkpt lat="38.1345120" lon="34.1725700">
    <ele>2523.8</ele>
   </trkpt>
   <trkpt lat="38.1345190" lon="34.1725680">
    <ele>2523.6</ele>
   </trkpt>
   <trkpt lat="38.1345440" lon="34.1725620">
    <ele>2522.8</ele>
   </trkpt>
   <trkpt lat="38.1345620" lon="34.1725500">
    <ele>2522.4</ele>
   </trkpt>
   <trkpt lat="38.1345750" lon="34.1725450">
    <ele>2522.0</ele>
   </trkpt>
   <trkpt lat="38.1345880" lon="34.1725360">
    <ele>2521.6</ele>
   </trkpt>
   <trkpt lat="38.1346120" lon="34.1725160">
    <ele>2520.6</ele>
   </trkpt>
   <trkpt lat="38.1346290" lon="34.1725090">
    <ele>2519.4</ele>
   </trkpt>
   <trkpt lat="38.1346340" lon="34.1725060">
    <ele>2519.2</ele>
   </trkpt>
   <trkpt lat="38.1346890" lon="34.1724720">
    <ele>2518.2</ele>
   </trkpt>
   <trkpt lat="38.1346990" lon="34.1724670">
    <ele>2517.8</ele>
   </trkpt>
   <trkpt lat="38.1347200" lon="34.1724470">
    <ele>2517.0</ele>
   </trkpt>
   <trkpt lat="38.1347550" lon="34.1724100">
    <ele>2515.8</ele>
   </trkpt>
   <trkpt lat="38.1347620" lon="34.1724030">
    <ele>2515.2</ele>
   </trkpt>
   <trkpt lat="38.1347730" lon="34.1723920">
    <ele>2514.6</ele>
   </trkpt>
   <trkpt lat="38.1347920" lon="34.1723640">
    <ele>2514.0</ele>
   </trkpt>
   <trkpt lat="38.1348090" lon="34.1723510">
    <ele>2513.6</ele>
   </trkpt>
   <trkpt lat="38.1348160" lon="34.1723460">
    <ele>2513.0</ele>
   </trkpt>
   <trkpt lat="38.1348250" lon="34.1723360">
    <ele>2512.0</ele>
   </trkpt>
   <trkpt lat="38.1348440" lon="34.1723050">
    <ele>2511.0</ele>
   </trkpt>
   <trkpt lat="38.1348530" lon="34.1723010">
    <ele>2510.8</ele>
   </trkpt>
   <trkpt lat="38.1348810" lon="34.1722750">
    <ele>2509.8</ele>
   </trkpt>
   <trkpt lat="38.1349050" lon="34.1722540">
    <ele>2508.8</ele>
   </trkpt>
   <trkpt lat="38.1349100" lon="34.1722450">
    <ele>2508.6</ele>
   </trkpt>
   <trkpt lat="38.1349280" lon="34.1722230">
    <ele>2508.0</ele>
   </trkpt>
   <trkpt lat="38.1349350" lon="34.1722160">
    <ele>2507.6</ele>
   </trkpt>
   <trkpt lat="38.1349490" lon="34.1722060">
    <ele>2507.0</ele>
   </trkpt>
   <trkpt lat="38.1349620" lon="34.1721900">
    <ele>2506.6</ele>
   </trkpt>
   <trkpt lat="38.1349710" lon="34.1721830">
    <ele>2505.2</ele>
   </trkpt>
   <trkpt lat="38.1349770" lon="34.1721770">
    <ele>2505.2</ele>
   </trkpt>
   <trkpt lat="38.1350190" lon="34.1721470">
    <ele>2504.0</ele>
   </trkpt>
   <trkpt lat="38.1350410" lon="34.1721200">
    <ele>2502.8</ele>
   </trkpt>
   <trkpt lat="38.1350470" lon="34.1721160">
    <ele>2502.4</ele>
   </trkpt>
   <trkpt lat="38.1350660" lon="34.1720850">
    <ele>2501.8</ele>
   </trkpt>
   <trkpt lat="38.1350720" lon="34.1720770">
    <ele>2501.4</ele>
   </trkpt>
   <trkpt lat="38.1350940" lon="34.1720550">
    <ele>2500.8</ele>
   </trkpt>
   <trkpt lat="38.1351100" lon="34.1720430">
    <ele>2500.0</ele>
   </trkpt>
   <trkpt lat="38.1351160" lon="34.1720380">
    <ele>2499.4</ele>
   </trkpt>
   <trkpt lat="38.1351340" lon="34.1720260">
    <ele>2498.8</ele>
   </trkpt>
   <trkpt lat="38.1351550" lon="34.1720100">
    <ele>2498.2</ele>
   </trkpt>
   <trkpt lat="38.1351600" lon="34.1720030">
    <ele>2497.8</ele>
   </trkpt>
   <trkpt lat="38.1351860" lon="34.1719850">
    <ele>2497.2</ele>
   </trkpt>
   <trkpt lat="38.1352070" lon="34.1719670">
    <ele>2496.2</ele>
   </trkpt>
   <trkpt lat="38.1352310" lon="34.1719500">
    <ele>2495.2</ele>
   </trkpt>
   <trkpt lat="38.1352560" lon="34.1719280">
    <ele>2494.2</ele>
   </trkpt>
   <trkpt lat="38.1352860" lon="34.1719070">
    <ele>2493.0</ele>
   </trkpt>
   <trkpt lat="38.1353120" lon="34.1718860">
    <ele>2492.2</ele>
   </trkpt>
   <trkpt lat="38.1353160" lon="34.1718810">
    <ele>2492.0</ele>
   </trkpt>
   <trkpt lat="38.1353530" lon="34.1718550">
    <ele>2491.0</ele>
   </trkpt>
   <trkpt lat="38.1353600" lon="34.1718510">
    <ele>2490.8</ele>
   </trkpt>
   <trkpt lat="38.1353920" lon="34.1718370">
    <ele>2489.8</ele>
   </trkpt>
   <trkpt lat="38.1353960" lon="34.1718360">
    <ele>2489.6</ele>
   </trkpt>
   <trkpt lat="38.1354080" lon="34.1718230">
    <ele>2489.0</ele>
   </trkpt>
   <trkpt lat="38.1354080" lon="34.1718230">
    <ele>2488.8</ele>
   </trkpt>
   <trkpt lat="38.1354230" lon="34.1718110">
    <ele>2488.8</ele>
   </trkpt>
   <trkpt lat="38.1354500" lon="34.1717930">
    <ele>2488.0</ele>
   </trkpt>
   <trkpt lat="38.1354610" lon="34.1717800">
    <ele>2487.6</ele>
   </trkpt>
   <trkpt lat="38.1354950" lon="34.1717550">
    <ele>2486.8</ele>
   </trkpt>
   <trkpt lat="38.1355010" lon="34.1717490">
    <ele>2486.6</ele>
   </trkpt>
   <trkpt lat="38.1355340" lon="34.1717250">
    <ele>2485.4</ele>
   </trkpt>
   <trkpt lat="38.1355510" lon="34.1717130">
    <ele>2485.0</ele>
   </trkpt>
   <trkpt lat="38.1355540" lon="34.1717080">
    <ele>2484.8</ele>
   </trkpt>
   <trkpt lat="38.1355580" lon="34.1717060">
    <ele>2484.6</ele>
   </trkpt>
   <trkpt lat="38.1355620" lon="34.1717040">
    <ele>2484.4</ele>
   </trkpt>
   <trkpt lat="38.1355680" lon="34.1716980">
    <ele>2484.4</ele>
   </trkpt>
   <trkpt lat="38.1355880" lon="34.1716820">
    <ele>2483.8</ele>
   </trkpt>
   <trkpt lat="38.1355990" lon="34.1716720">
    <ele>2483.4</ele>
   </trkpt>
   <trkpt lat="38.1356330" lon="34.1716460">
    <ele>2482.4</ele>
   </trkpt>
   <trkpt lat="38.1356400" lon="34.1716410">
    <ele>2482.2</ele>
   </trkpt>
   <trkpt lat="38.1356700" lon="34.1716140">
    <ele>2481.2</ele>
   </trkpt>
   <trkpt lat="38.1356850" lon="34.1716040">
    <ele>2480.8</ele>
   </trkpt>
   <trkpt lat="38.1356890" lon="34.1716010">
    <ele>2480.4</ele>
   </trkpt>
   <trkpt lat="38.1357020" lon="34.1715870">
    <ele>2479.8</ele>
   </trkpt>
   <trkpt lat="38.1357320" lon="34.1715680">
    <ele>2478.6</ele>
   </trkpt>
   <trkpt lat="38.1357380" lon="34.1715610">
    <ele>2478.2</ele>
   </trkpt>
   <trkpt lat="38.1357720" lon="34.1715350">
    <ele>2477.4</ele>
   </trkpt>
   <trkpt lat="38.1357770" lon="34.1715320">
    <ele>2477.2</ele>
   </trkpt>
   <trkpt lat="38.1358100" lon="34.1715090">
    <ele>2476.4</ele>
   </trkpt>
   <trkpt lat="38.1358390" lon="34.1715050">
    <ele>2475.8</ele>
   </trkpt>
   <trkpt lat="38.1358790" lon="34.1714980">
    <ele>2475.6</ele>
   </trkpt>
   <trkpt lat="38.1359040" lon="34.1714950">
    <ele>2475.4</ele>
   </trkpt>
   <trkpt lat="38.1359460" lon="34.1714910">
    <ele>2474.2</ele>
   </trkpt>
   <trkpt lat="38.1359690" lon="34.1714770">
    <ele>2473.6</ele>
   </trkpt>
   <trkpt lat="38.1359900" lon="34.1714490">
    <ele>2473.2</ele>
   </trkpt>
   <trkpt lat="38.1359920" lon="34.1714320">
    <ele>2473.0</ele>
   </trkpt>
   <trkpt lat="38.1359940" lon="34.1714290">
    <ele>2473.2</ele>
   </trkpt>
   <trkpt lat="38.1360060" lon="34.1714170">
    <ele>2473.2</ele>
   </trkpt>
   <trkpt lat="38.1360070" lon="34.1714160">
    <ele>2473.4</ele>
   </trkpt>
   <trkpt lat="38.1360070" lon="34.1714160">
    <ele>2473.2</ele>
   </trkpt>
   <trkpt lat="38.1360060" lon="34.1714150">
    <ele>2472.6</ele>
   </trkpt>
   <trkpt lat="38.1360010" lon="34.1714160">
    <ele>2472.2</ele>
   </trkpt>
   <trkpt lat="38.1360010" lon="34.1714160">
    <ele>2472.0</ele>
   </trkpt>
   <trkpt lat="38.1360020" lon="34.1714160">
    <ele>2472.0</ele>
   </trkpt>
   <trkpt lat="38.1360030" lon="34.1714160">
    <ele>2471.8</ele>
   </trkpt>
   <trkpt lat="38.1360030" lon="34.1714160">
    <ele>2471.6</ele>
   </trkpt>
   <trkpt lat="38.1360030" lon="34.1714160">
    <ele>2471.6</ele>
   </trkpt>
   <trkpt lat="38.1360010" lon="34.1714170">
    <ele>2471.2</ele>
   </trkpt>
   <trkpt lat="38.1359990" lon="34.1714160">
    <ele>2471.4</ele>
   </trkpt>
   <trkpt lat="38.1359980" lon="34.1714150">
    <ele>2471.8</ele>
   </trkpt>
   <trkpt lat="38.1359930" lon="34.1714020">
    <ele>2472.0</ele>
   </trkpt>
   <trkpt lat="38.1359940" lon="34.1714010">
    <ele>2472.0</ele>
   </trkpt>
   <trkpt lat="38.1359950" lon="34.1714010">
    <ele>2472.0</ele>
   </trkpt>
   <trkpt lat="38.1359950" lon="34.1714020">
    <ele>2472.2</ele>
   </trkpt>
   <trkpt lat="38.1359970" lon="34.1714020">
    <ele>2472.2</ele>
   </trkpt>
   <trkpt lat="38.1359970" lon="34.1714030">
    <ele>2472.4</ele>
   </trkpt>
   <trkpt lat="38.1359980" lon="34.1714030">
    <ele>2472.4</ele>
   </trkpt>
   <trkpt lat="38.1359990" lon="34.1714030">
    <ele>2472.6</ele>
   </trkpt>
   <trkpt lat="38.1360000" lon="34.1714040">
    <ele>2472.6</ele>
   </trkpt>
   <trkpt lat="38.1360010" lon="34.1714040">
    <ele>2472.6</ele>
   </trkpt>
   <trkpt lat="38.1360010" lon="34.1714040">
    <ele>2472.2</ele>
   </trkpt>
   <trkpt lat="38.1360010" lon="34.1714040">
    <ele>2472.4</ele>
   </trkpt>
   <trkpt lat="38.1360020" lon="34.1714040">
    <ele>2472.4</ele>
   </trkpt>
   <trkpt lat="38.1360030" lon="34.1714040">
    <ele>2472.6</ele>
   </trkpt>
   <trkpt lat="38.1360040" lon="34.1714050">
    <ele>2472.4</ele>
   </trkpt>
   <trkpt lat="38.1360040" lon="34.1714050">
    <ele>2472.4</ele>
   </trkpt>
   <trkpt lat="38.1360050" lon="34.1714050">
    <ele>2472.8</ele>
   </trkpt>
   <trkpt lat="38.1360050" lon="34.1714050">
    <ele>2472.6</ele>
   </trkpt>
   <trkpt lat="38.1360050" lon="34.1714050">
    <ele>2472.6</ele>
   </trkpt>
   <trkpt lat="38.1360050" lon="34.1714050">
    <ele>2472.6</ele>
   </trkpt>
   <trkpt lat="38.1360050" lon="34.1714050">
    <ele>2472.6</ele>
   </trkpt>
   <trkpt lat="38.1360050" lon="34.1714050">
    <ele>2472.4</ele>
   </trkpt>
   <trkpt lat="38.1360060" lon="34.1714060">
    <ele>2473.4</ele>
   </trkpt>
   <trkpt lat="38.1360060" lon="34.1714060">
    <ele>2473.6</ele>
   </trkpt>
   <trkpt lat="38.1360060" lon="34.1714060">
    <ele>2473.4</ele>
   </trkpt>
   <trkpt lat="38.1360070" lon="34.1714060">
    <ele>2473.4</ele>
   </trkpt>
   <trkpt lat="38.1360070" lon="34.1714060">
    <ele>2473.4</ele>
   </trkpt>
   <trkpt lat="38.1360070" lon="34.1714060">
    <ele>2473.4</ele>
   </trkpt>
   <trkpt lat="38.1360070" lon="34.1714060">
    <ele>2473.4</ele>
   </trkpt>
   <trkpt lat="38.1360070" lon="34.1714060">
    <ele>2473.0</ele>
   </trkpt>
   <trkpt lat="38.1360070" lon="34.1714060">
    <ele>2473.8</ele>
   </trkpt>
   <trkpt lat="38.1360060" lon="34.1714050">
    <ele>2474.0</ele>
   </trkpt>
   <trkpt lat="38.1360060" lon="34.1714060">
    <ele>2474.0</ele>
   </trkpt>
   <trkpt lat="38.1360060" lon="34.1714060">
    <ele>2473.8</ele>
   </trkpt>
   <trkpt lat="38.1360060" lon="34.1714060">
    <ele>2473.8</ele>
   </trkpt>
   <trkpt lat="38.1360060" lon="34.1714060">
    <ele>2473.8</ele>
   </trkpt>
   <trkpt lat="38.1360060" lon="34.1714060">
    <ele>2473.8</ele>
   </trkpt>
   <trkpt lat="38.1360070" lon="34.1714060">
    <ele>2473.6</ele>
   </trkpt>
   <trkpt lat="38.1360070" lon="34.1714060">
    <ele>2474.2</ele>
   </trkpt>
   <trkpt lat="38.1360070" lon="34.1714060">
    <ele>2474.2</ele>
   </trkpt>
   <trkpt lat="38.1360090" lon="34.1714050">
    <ele>2473.6</ele>
   </trkpt>
   <trkpt lat="38.1360100" lon="34.1714040">
    <ele>2472.2</ele>
   </trkpt>
   <trkpt lat="38.1360110" lon="34.1714040">
    <ele>2470.8</ele>
   </trkpt>
   <trkpt lat="38.1360830" lon="34.1713800">
    <ele>2469.8</ele>
   </trkpt>
   <trkpt lat="38.1361360" lon="34.1713590">
    <ele>2469.6</ele>
   </trkpt>
   <trkpt lat="38.1362710" lon="34.1713140">
    <ele>2468.6</ele>
   </trkpt>
   <trkpt lat="38.1362720" lon="34.1713150">
    <ele>2468.6</ele>
   </trkpt>
   <trkpt lat="38.1362880" lon="34.1713190">
    <ele>2467.4</ele>
   </trkpt>
   <trkpt lat="38.1363100" lon="34.1713250">
    <ele>2466.4</ele>
   </trkpt>
   <trkpt lat="38.1363350" lon="34.1713260">
    <ele>2466.0</ele>
   </trkpt>
   <trkpt lat="38.1363760" lon="34.1713150">
    <ele>2465.2</ele>
   </trkpt>
   <trkpt lat="38.1364010" lon="34.1713110">
    <ele>2464.4</ele>
   </trkpt>
   <trkpt lat="38.1364050" lon="34.1713100">
    <ele>2464.0</ele>
   </trkpt>
   <trkpt lat="38.1364330" lon="34.1712930">
    <ele>2463.0</ele>
   </trkpt>
   <trkpt lat="38.1364400" lon="34.1712930">
    <ele>2462.8</ele>
   </trkpt>
   <trkpt lat="38.1364530" lon="34.1712840">
    <ele>2461.8</ele>
   </trkpt>
   <trkpt lat="38.1364650" lon="34.1712860">
    <ele>2461.6</ele>
   </trkpt>
   <trkpt lat="38.1364920" lon="34.1712790">
    <ele>2460.8</ele>
   </trkpt>
   <trkpt lat="38.1365080" lon="34.1712640">
    <ele>2460.4</ele>
   </trkpt>
   <trkpt lat="38.1365220" lon="34.1712490">
    <ele>2459.6</ele>
   </trkpt>
   <trkpt lat="38.1365450" lon="34.1712190">
    <ele>2458.6</ele>
   </trkpt>
   <trkpt lat="38.1365480" lon="34.1712170">
    <ele>2458.4</ele>
   </trkpt>
   <trkpt lat="38.1365690" lon="34.1711890">
    <ele>2457.4</ele>
   </trkpt>
   <trkpt lat="38.1365700" lon="34.1711870">
    <ele>2457.2</ele>
   </trkpt>
   <trkpt lat="38.1365730" lon="34.1711800">
    <ele>2457.0</ele>
   </trkpt>
   <trkpt lat="38.1365900" lon="34.1711570">
    <ele>2456.4</ele>
   </trkpt>
   <trkpt lat="38.1365970" lon="34.1711500">
    <ele>2456.0</ele>
   </trkpt>
   <trkpt lat="38.1366110" lon="34.1711250">
    <ele>2455.2</ele>
   </trkpt>
   <trkpt lat="38.1366130" lon="34.1711210">
    <ele>2455.0</ele>
   </trkpt>
   <trkpt lat="38.1366240" lon="34.1711050">
    <ele>2454.6</ele>
   </trkpt>
   <trkpt lat="38.1366320" lon="34.1710920">
    <ele>2453.6</ele>
   </trkpt>
   <trkpt lat="38.1366410" lon="34.1710780">
    <ele>2453.4</ele>
   </trkpt>
   <trkpt lat="38.1366660" lon="34.1710410">
    <ele>2452.8</ele>
   </trkpt>
   <trkpt lat="38.1366780" lon="34.1710290">
    <ele>2452.4</ele>
   </trkpt>
   <trkpt lat="38.1366910" lon="34.1710050">
    <ele>2451.4</ele>
   </trkpt>
   <trkpt lat="38.1366950" lon="34.1709960">
    <ele>2451.4</ele>
   </trkpt>
   <trkpt lat="38.1367150" lon="34.1709580">
    <ele>2450.2</ele>
   </trkpt>
   <trkpt lat="38.1367170" lon="34.1709520">
    <ele>2450.2</ele>
   </trkpt>
   <trkpt lat="38.1367280" lon="34.1709290">
    <ele>2449.4</ele>
   </trkpt>
   <trkpt lat="38.1367360" lon="34.1709120">
    <ele>2449.2</ele>
   </trkpt>
   <trkpt lat="38.1367430" lon="34.1708980">
    <ele>2448.6</ele>
   </trkpt>
   <trkpt lat="38.1367550" lon="34.1708730">
    <ele>2448.2</ele>
   </trkpt>
   <trkpt lat="38.1367670" lon="34.1708580">
    <ele>2447.6</ele>
   </trkpt>
   <trkpt lat="38.1367710" lon="34.1708500">
    <ele>2447.2</ele>
   </trkpt>
   <trkpt lat="38.1367860" lon="34.1708370">
    <ele>2446.2</ele>
   </trkpt>
   <trkpt lat="38.1367930" lon="34.1708240">
    <ele>2446.0</ele>
   </trkpt>
   <trkpt lat="38.1368130" lon="34.1707900">
    <ele>2445.2</ele>
   </trkpt>
   <trkpt lat="38.1368150" lon="34.1707900">
    <ele>2444.8</ele>
   </trkpt>
   <trkpt lat="38.1368460" lon="34.1707600">
    <ele>2444.0</ele>
   </trkpt>
   <trkpt lat="38.1368510" lon="34.1707550">
    <ele>2443.6</ele>
   </trkpt>
   <trkpt lat="38.1368730" lon="34.1707280">
    <ele>2442.6</ele>
   </trkpt>
   <trkpt lat="38.1368940" lon="34.1707060">
    <ele>2442.0</ele>
   </trkpt>
   <trkpt lat="38.1369080" lon="34.1706910">
    <ele>2441.4</ele>
   </trkpt>
   <trkpt lat="38.1369220" lon="34.1706750">
    <ele>2440.8</ele>
   </trkpt>
   <trkpt lat="38.1369250" lon="34.1706710">
    <ele>2440.2</ele>
   </trkpt>
   <trkpt lat="38.1369410" lon="34.1706500">
    <ele>2439.6</ele>
   </trkpt>
   <trkpt lat="38.1369470" lon="34.1706430">
    <ele>2439.0</ele>
   </trkpt>
   <trkpt lat="38.1369630" lon="34.1706300">
    <ele>2438.6</ele>
   </trkpt>
   <trkpt lat="38.1369760" lon="34.1706120">
    <ele>2438.0</ele>
   </trkpt>
   <trkpt lat="38.1369930" lon="34.1705930">
    <ele>2437.2</ele>
   </trkpt>
   <trkpt lat="38.1369970" lon="34.1705860">
    <ele>2437.0</ele>
   </trkpt>
   <trkpt lat="38.1370160" lon="34.1705560">
    <ele>2436.2</ele>
   </trkpt>
   <trkpt lat="38.1370200" lon="34.1705460">
    <ele>2435.8</ele>
   </trkpt>
   <trkpt lat="38.1370280" lon="34.1705400">
    <ele>2435.4</ele>
   </trkpt>
   <trkpt lat="38.1370470" lon="34.1705060">
    <ele>2434.6</ele>
   </trkpt>
   <trkpt lat="38.1370530" lon="34.1704970">
    <ele>2434.6</ele>
   </trkpt>
   <trkpt lat="38.1370680" lon="34.1704690">
    <ele>2433.6</ele>
   </trkpt>
   <trkpt lat="38.1370820" lon="34.1704430">
    <ele>2433.2</ele>
   </trkpt>
   <trkpt lat="38.1370880" lon="34.1704330">
    <ele>2432.6</ele>
   </trkpt>
   <trkpt lat="38.1370940" lon="34.1704260">
    <ele>2432.4</ele>
   </trkpt>
   <trkpt lat="38.1371040" lon="34.1704170">
    <ele>2431.6</ele>
   </trkpt>
   <trkpt lat="38.1371080" lon="34.1704110">
    <ele>2431.6</ele>
   </trkpt>
   <trkpt lat="38.1371300" lon="34.1703860">
    <ele>2431.2</ele>
   </trkpt>
   <trkpt lat="38.1371370" lon="34.1703640">
    <ele>2430.4</ele>
   </trkpt>
   <trkpt lat="38.1371470" lon="34.1703520">
    <ele>2430.2</ele>
   </trkpt>
   <trkpt lat="38.1371630" lon="34.1703240">
    <ele>2429.4</ele>
   </trkpt>
   <trkpt lat="38.1371640" lon="34.1703220">
    <ele>2429.0</ele>
   </trkpt>
   <trkpt lat="38.1371730" lon="34.1703050">
    <ele>2428.6</ele>
   </trkpt>
   <trkpt lat="38.1371760" lon="34.1703000">
    <ele>2428.4</ele>
   </trkpt>
   <trkpt lat="38.1371840" lon="34.1702760">
    <ele>2428.0</ele>
   </trkpt>
   <trkpt lat="38.1372120" lon="34.1702510">
    <ele>2427.2</ele>
   </trkpt>
   <trkpt lat="38.1372160" lon="34.1702470">
    <ele>2427.0</ele>
   </trkpt>
   <trkpt lat="38.1372330" lon="34.1702270">
    <ele>2426.2</ele>
   </trkpt>
   <trkpt lat="38.1372360" lon="34.1702250">
    <ele>2425.8</ele>
   </trkpt>
   <trkpt lat="38.1372650" lon="34.1702010">
    <ele>2424.8</ele>
   </trkpt>
   <trkpt lat="38.1372810" lon="34.1701890">
    <ele>2424.2</ele>
   </trkpt>
   <trkpt lat="38.1372900" lon="34.1701750">
    <ele>2424.0</ele>
   </trkpt>
   <trkpt lat="38.1372960" lon="34.1701680">
    <ele>2423.4</ele>
   </trkpt>
   <trkpt lat="38.1373110" lon="34.1701500">
    <ele>2423.2</ele>
   </trkpt>
   <trkpt lat="38.1373320" lon="34.1701250">
    <ele>2422.6</ele>
   </trkpt>
   <trkpt lat="38.1373350" lon="34.1701210">
    <ele>2422.4</ele>
   </trkpt>
   <trkpt lat="38.1373450" lon="34.1701070">
    <ele>2421.4</ele>
   </trkpt>
   <trkpt lat="38.1373470" lon="34.1701040">
    <ele>2421.2</ele>
   </trkpt>
   <trkpt lat="38.1373730" lon="34.1700760">
    <ele>2420.8</ele>
   </trkpt>
   <trkpt lat="38.1373820" lon="34.1700700">
    <ele>2420.2</ele>
   </trkpt>
   <trkpt lat="38.1373980" lon="34.1700570">
    <ele>2419.2</ele>
   </trkpt>
   <trkpt lat="38.1374060" lon="34.1700500">
    <ele>2419.2</ele>
   </trkpt>
   <trkpt lat="38.1374420" lon="34.1700210">
    <ele>2418.0</ele>
   </trkpt>
   <trkpt lat="38.1374680" lon="34.1700000">
    <ele>2417.0</ele>
   </trkpt>
   <trkpt lat="38.1374860" lon="34.1699790">
    <ele>2416.2</ele>
   </trkpt>
   <trkpt lat="38.1374880" lon="34.1699760">
    <ele>2415.8</ele>
   </trkpt>
   <trkpt lat="38.1375100" lon="34.1699540">
    <ele>2415.8</ele>
   </trkpt>
   <trkpt lat="38.1375460" lon="34.1699230">
    <ele>2414.8</ele>
   </trkpt>
   <trkpt lat="38.1375850" lon="34.1698900">
    <ele>2413.8</ele>
   </trkpt>
   <trkpt lat="38.1375900" lon="34.1698850">
    <ele>2413.2</ele>
   </trkpt>
   <trkpt lat="38.1376070" lon="34.1698620">
    <ele>2412.6</ele>
   </trkpt>
   <trkpt lat="38.1376150" lon="34.1698600">
    <ele>2412.6</ele>
   </trkpt>
   <trkpt lat="38.1376200" lon="34.1698570">
    <ele>2412.4</ele>
   </trkpt>
   <trkpt lat="38.1376520" lon="34.1698390">
    <ele>2411.6</ele>
   </trkpt>
   <trkpt lat="38.1376560" lon="34.1698360">
    <ele>2411.2</ele>
   </trkpt>
   <trkpt lat="38.1376830" lon="34.1698230">
    <ele>2410.4</ele>
   </trkpt>
   <trkpt lat="38.1376860" lon="34.1698210">
    <ele>2410.0</ele>
   </trkpt>
   <trkpt lat="38.1376870" lon="34.1698200">
    <ele>2409.2</ele>
   </trkpt>
   <trkpt lat="38.1376870" lon="34.1698200">
    <ele>2409.0</ele>
   </trkpt>
   <trkpt lat="38.1376870" lon="34.1698200">
    <ele>2408.0</ele>
   </trkpt>
   <trkpt lat="38.1376910" lon="34.1698190">
    <ele>2406.6</ele>
   </trkpt>
   <trkpt lat="38.1377040" lon="34.1698190">
    <ele>2405.6</ele>
   </trkpt>
   <trkpt lat="38.1377410" lon="34.1698200">
    <ele>2404.6</ele>
   </trkpt>
   <trkpt lat="38.1377520" lon="34.1698300">
    <ele>2403.4</ele>
   </trkpt>
   <trkpt lat="38.1377780" lon="34.1698390">
    <ele>2402.4</ele>
   </trkpt>
   <trkpt lat="38.1377950" lon="34.1698510">
    <ele>2401.4</ele>
   </trkpt>
   <trkpt lat="38.1378100" lon="34.1698590">
    <ele>2400.2</ele>
   </trkpt>
   <trkpt lat="38.1378270" lon="34.1698690">
    <ele>2399.0</ele>
   </trkpt>
   <trkpt lat="38.1378540" lon="34.1698810">
    <ele>2397.8</ele>
   </trkpt>
   <trkpt lat="38.1378980" lon="34.1698930">
    <ele>2396.6</ele>
   </trkpt>
   <trkpt lat="38.1379320" lon="34.1699010">
    <ele>2395.6</ele>
   </trkpt>
   <trkpt lat="38.1379450" lon="34.1699050">
    <ele>2395.2</ele>
   </trkpt>
   <trkpt lat="38.1379940" lon="34.1699100">
    <ele>2394.6</ele>
   </trkpt>
   <trkpt lat="38.1380080" lon="34.1699050">
    <ele>2394.0</ele>
   </trkpt>
   <trkpt lat="38.1380180" lon="34.1699030">
    <ele>2393.4</ele>
   </trkpt>
   <trkpt lat="38.1380270" lon="34.1699080">
    <ele>2392.8</ele>
   </trkpt>
   <trkpt lat="38.1380310" lon="34.1699110">
    <ele>2392.2</ele>
   </trkpt>
   <trkpt lat="38.1380300" lon="34.1699130">
    <ele>2391.6</ele>
   </trkpt>
   <trkpt lat="38.1380680" lon="34.1699090">
    <ele>2391.2</ele>
   </trkpt>
   <trkpt lat="38.1380730" lon="34.1699100">
    <ele>2390.8</ele>
   </trkpt>
   <trkpt lat="38.1380810" lon="34.1699070">
    <ele>2390.2</ele>
   </trkpt>
   <trkpt lat="38.1380810" lon="34.1699070">
    <ele>2388.8</ele>
   </trkpt>
   <trkpt lat="38.1381070" lon="34.1699050">
    <ele>2388.8</ele>
   </trkpt>
   <trkpt lat="38.1381270" lon="34.1699040">
    <ele>2387.8</ele>
   </trkpt>
   <trkpt lat="38.1381420" lon="34.1699110">
    <ele>2387.4</ele>
   </trkpt>
   <trkpt lat="38.1381550" lon="34.1699100">
    <ele>2386.6</ele>
   </trkpt>
   <trkpt lat="38.1381760" lon="34.1699090">
    <ele>2385.4</ele>
   </trkpt>
   <trkpt lat="38.1381970" lon="34.1699090">
    <ele>2384.4</ele>
   </trkpt>
   <trkpt lat="38.1382000" lon="34.1699080">
    <ele>2384.4</ele>
   </trkpt>
   <trkpt lat="38.1382180" lon="34.1699050">
    <ele>2383.4</ele>
   </trkpt>
   <trkpt lat="38.1382470" lon="34.1699010">
    <ele>2382.6</ele>
   </trkpt>
   <trkpt lat="38.1382490" lon="34.1699020">
    <ele>2382.2</ele>
   </trkpt>
   <trkpt lat="38.1382830" lon="34.1698970">
    <ele>2381.0</ele>
   </trkpt>
   <trkpt lat="38.1382880" lon="34.1698980">
    <ele>2380.6</ele>
   </trkpt>
   <trkpt lat="38.1383000" lon="34.1698940">
    <ele>2380.0</ele>
   </trkpt>
   <trkpt lat="38.1383090" lon="34.1698920">
    <ele>2379.6</ele>
   </trkpt>
   <trkpt lat="38.1383330" lon="34.1698870">
    <ele>2379.0</ele>
   </trkpt>
   <trkpt lat="38.1383390" lon="34.1698840">
    <ele>2378.8</ele>
   </trkpt>
   <trkpt lat="38.1383500" lon="34.1698770">
    <ele>2378.0</ele>
   </trkpt>
   <trkpt lat="38.1383560" lon="34.1698740">
    <ele>2377.8</ele>
   </trkpt>
   <trkpt lat="38.1383850" lon="34.1698570">
    <ele>2376.6</ele>
   </trkpt>
   <trkpt lat="38.1383890" lon="34.1698550">
    <ele>2376.4</ele>
   </trkpt>
   <trkpt lat="38.1384150" lon="34.1698440">
    <ele>2375.6</ele>
   </trkpt>
   <trkpt lat="38.1384190" lon="34.1698430">
    <ele>2375.2</ele>
   </trkpt>
   <trkpt lat="38.1384340" lon="34.1698350">
    <ele>2374.4</ele>
   </trkpt>
   <trkpt lat="38.1384550" lon="34.1698240">
    <ele>2373.8</ele>
   </trkpt>
   <trkpt lat="38.1384630" lon="34.1698210">
    <ele>2373.2</ele>
   </trkpt>
   <trkpt lat="38.1384820" lon="34.1698100">
    <ele>2372.2</ele>
   </trkpt>
   <trkpt lat="38.1384850" lon="34.1698090">
    <ele>2371.8</ele>
   </trkpt>
   <trkpt lat="38.1384980" lon="34.1698060">
    <ele>2371.6</ele>
   </trkpt>
   <trkpt lat="38.1385130" lon="34.1697940">
    <ele>2371.0</ele>
   </trkpt>
   <trkpt lat="38.1385360" lon="34.1697830">
    <ele>2370.0</ele>
   </trkpt>
   <trkpt lat="38.1385390" lon="34.1697810">
    <ele>2369.6</ele>
   </trkpt>
   <trkpt lat="38.1385440" lon="34.1697780">
    <ele>2368.6</ele>
   </trkpt>
   <trkpt lat="38.1385670" lon="34.1697720">
    <ele>2368.0</ele>
   </trkpt>
   <trkpt lat="38.1385890" lon="34.1697690">
    <ele>2367.6</ele>
   </trkpt>
   <trkpt lat="38.1386020" lon="34.1697640">
    <ele>2366.6</ele>
   </trkpt>
   <trkpt lat="38.1386040" lon="34.1697630">
    <ele>2366.4</ele>
   </trkpt>
   <trkpt lat="38.1386080" lon="34.1697620">
    <ele>2365.6</ele>
   </trkpt>
   <trkpt lat="38.1386080" lon="34.1697620">
    <ele>2365.4</ele>
   </trkpt>
   <trkpt lat="38.1386080" lon="34.1697620">
    <ele>2365.4</ele>
   </trkpt>
   <trkpt lat="38.1386110" lon="34.1697610">
    <ele>2365.0</ele>
   </trkpt>
   <trkpt lat="38.1386320" lon="34.1697530">
    <ele>2364.2</ele>
   </trkpt>
   <trkpt lat="38.1386370" lon="34.1697480">
    <ele>2364.0</ele>
   </trkpt>
   <trkpt lat="38.1386580" lon="34.1697400">
    <ele>2363.0</ele>
   </trkpt>
   <trkpt lat="38.1386870" lon="34.1697310">
    <ele>2362.4</ele>
   </trkpt>
   <trkpt lat="38.1386880" lon="34.1697300">
    <ele>2362.0</ele>
   </trkpt>
   <trkpt lat="38.1386970" lon="34.1697220">
    <ele>2361.0</ele>
   </trkpt>
   <trkpt lat="38.1386970" lon="34.1697220">
    <ele>2360.8</ele>
   </trkpt>
   <trkpt lat="38.1387230" lon="34.1697170">
    <ele>2359.8</ele>
   </trkpt>
   <trkpt lat="38.1387380" lon="34.1697200">
    <ele>2359.0</ele>
   </trkpt>
   <trkpt lat="38.1387380" lon="34.1697200">
    <ele>2358.8</ele>
   </trkpt>
   <trkpt lat="38.1387380" lon="34.1697200">
    <ele>2357.8</ele>
   </trkpt>
   <trkpt lat="38.1387380" lon="34.1697170">
    <ele>2356.4</ele>
   </trkpt>
   <trkpt lat="38.1387620" lon="34.1697060">
    <ele>2355.4</ele>
   </trkpt>
   <trkpt lat="38.1387830" lon="34.1696990">
    <ele>2354.2</ele>
   </trkpt>
   <trkpt lat="38.1387980" lon="34.1696950">
    <ele>2353.2</ele>
   </trkpt>
   <trkpt lat="38.1388010" lon="34.1696930">
    <ele>2352.8</ele>
   </trkpt>
   <trkpt lat="38.1388110" lon="34.1696900">
    <ele>2351.6</ele>
   </trkpt>
   <trkpt lat="38.1388360" lon="34.1696880">
    <ele>2350.4</ele>
   </trkpt>
   <trkpt lat="38.1388560" lon="34.1696870">
    <ele>2349.2</ele>
   </trkpt>
   <trkpt lat="38.1388740" lon="34.1696860">
    <ele>2348.2</ele>
   </trkpt>
   <trkpt lat="38.1388980" lon="34.1696810">
    <ele>2347.0</ele>
   </trkpt>
   <trkpt lat="38.1389440" lon="34.1696680">
    <ele>2345.8</ele>
   </trkpt>
   <trkpt lat="38.1389550" lon="34.1696650">
    <ele>2344.6</ele>
   </trkpt>
   <trkpt lat="38.1389910" lon="34.1696570">
    <ele>2343.6</ele>
   </trkpt>
   <trkpt lat="38.1390260" lon="34.1696510">
    <ele>2342.6</ele>
   </trkpt>
   <trkpt lat="38.1390360" lon="34.1696480">
    <ele>2342.2</ele>
   </trkpt>
   <trkpt lat="38.1390830" lon="34.1696380">
    <ele>2341.2</ele>
   </trkpt>
   <trkpt lat="38.1390870" lon="34.1696360">
    <ele>2340.8</ele>
   </trkpt>
   <trkpt lat="38.1390940" lon="34.1696340">
    <ele>2340.4</ele>
   </trkpt>
   <trkpt lat="38.1391110" lon="34.1696270">
    <ele>2340.0</ele>
   </trkpt>
   <trkpt lat="38.1391200" lon="34.1696200">
    <ele>2339.4</ele>
   </trkpt>
   <trkpt lat="38.1391250" lon="34.1696190">
    <ele>2338.8</ele>
   </trkpt>
   <trkpt lat="38.1391440" lon="34.1696150">
    <ele>2337.8</ele>
   </trkpt>
   <trkpt lat="38.1391440" lon="34.1696140">
    <ele>2337.8</ele>
   </trkpt>
   <trkpt lat="38.1391730" lon="34.1696040">
    <ele>2336.8</ele>
   </trkpt>
   <trkpt lat="38.1391850" lon="34.1696030">
    <ele>2336.0</ele>
   </trkpt>
   <trkpt lat="38.1391950" lon="34.1696040">
    <ele>2335.8</ele>
   </trkpt>
   <trkpt lat="38.1392120" lon="34.1696010">
    <ele>2334.4</ele>
   </trkpt>
   <trkpt lat="38.1392300" lon="34.1696060">
    <ele>2333.4</ele>
   </trkpt>
   <trkpt lat="38.1392420" lon="34.1696050">
    <ele>2333.0</ele>
   </trkpt>
   <trkpt lat="38.1392500" lon="34.1696050">
    <ele>2332.4</ele>
   </trkpt>
   <trkpt lat="38.1392660" lon="34.1696050">
    <ele>2331.2</ele>
   </trkpt>
   <trkpt lat="38.1392720" lon="34.1696060">
    <ele>2331.0</ele>
   </trkpt>
   <trkpt lat="38.1392890" lon="34.1696020">
    <ele>2330.2</ele>
   </trkpt>
   <trkpt lat="38.1393060" lon="34.1696030">
    <ele>2329.4</ele>
   </trkpt>
   <trkpt lat="38.1393120" lon="34.1696050">
    <ele>2329.0</ele>
   </trkpt>
   <trkpt lat="38.1393230" lon="34.1696070">
    <ele>2328.2</ele>
   </trkpt>
   <trkpt lat="38.1393260" lon="34.1696110">
    <ele>2327.8</ele>
   </trkpt>
   <trkpt lat="38.1393310" lon="34.1696130">
    <ele>2327.2</ele>
   </trkpt>
   <trkpt lat="38.1393420" lon="34.1696170">
    <ele>2326.8</ele>
   </trkpt>
   <trkpt lat="38.1393540" lon="34.1696210">
    <ele>2326.4</ele>
   </trkpt>
   <trkpt lat="38.1393610" lon="34.1696230">
    <ele>2325.6</ele>
   </trkpt>
   <trkpt lat="38.1393730" lon="34.1696300">
    <ele>2324.6</ele>
   </trkpt>
   <trkpt lat="38.1393760" lon="34.1696310">
    <ele>2324.6</ele>
   </trkpt>
   <trkpt lat="38.1393980" lon="34.1696360">
    <ele>2323.4</ele>
   </trkpt>
   <trkpt lat="38.1394100" lon="34.1696450">
    <ele>2323.2</ele>
   </trkpt>
   <trkpt lat="38.1394230" lon="34.1696550">
    <ele>2322.4</ele>
   </trkpt>
   <trkpt lat="38.1394280" lon="34.1696580">
    <ele>2321.8</ele>
   </trkpt>
   <trkpt lat="38.1394380" lon="34.1696650">
    <ele>2321.2</ele>
   </trkpt>
   <trkpt lat="38.1394510" lon="34.1696720">
    <ele>2320.2</ele>
   </trkpt>
   <trkpt lat="38.1394570" lon="34.1696760">
    <ele>2320.0</ele>
   </trkpt>
   <trkpt lat="38.1394780" lon="34.1696940">
    <ele>2319.0</ele>
   </trkpt>
   <trkpt lat="38.1394890" lon="34.1697140">
    <ele>2317.8</ele>
   </trkpt>
   <trkpt lat="38.1394880" lon="34.1697130">
    <ele>2317.6</ele>
   </trkpt>
   <trkpt lat="38.1394880" lon="34.1697120">
    <ele>2317.8</ele>
   </trkpt>
   <trkpt lat="38.1394880" lon="34.1697120">
    <ele>2317.2</ele>
   </trkpt>
   <trkpt lat="38.1395040" lon="34.1697320">
    <ele>2316.4</ele>
   </trkpt>
   <trkpt lat="38.1395190" lon="34.1697530">
    <ele>2315.8</ele>
   </trkpt>
   <trkpt lat="38.1395330" lon="34.1697730">
    <ele>2315.2</ele>
   </trkpt>
   <trkpt lat="38.1395480" lon="34.1697990">
    <ele>2314.2</ele>
   </trkpt>
   <trkpt lat="38.1395630" lon="34.1698100">
    <ele>2313.4</ele>
   </trkpt>
   <trkpt lat="38.1395690" lon="34.1698150">
    <ele>2313.0</ele>
   </trkpt>
   <trkpt lat="38.1395840" lon="34.1698290">
    <ele>2312.0</ele>
   </trkpt>
   <trkpt lat="38.1395910" lon="34.1698390">
    <ele>2311.6</ele>
   </trkpt>
   <trkpt lat="38.1396070" lon="34.1698490">
    <ele>2310.8</ele>
   </trkpt>
   <trkpt lat="38.1396270" lon="34.1698700">
    <ele>2309.6</ele>
   </trkpt>
   <trkpt lat="38.1396300" lon="34.1698730">
    <ele>2309.4</ele>
   </trkpt>
   <trkpt lat="38.1396360" lon="34.1698820">
    <ele>2308.6</ele>
   </trkpt>
   <trkpt lat="38.1396540" lon="34.1698900">
    <ele>2308.0</ele>
   </trkpt>
   <trkpt lat="38.1396710" lon="34.1698990">
    <ele>2307.6</ele>
   </trkpt>
   <trkpt lat="38.1396900" lon="34.1699100">
    <ele>2306.6</ele>
   </trkpt>
   <trkpt lat="38.1396960" lon="34.1699120">
    <ele>2306.4</ele>
   </trkpt>
   <trkpt lat="38.1397140" lon="34.1699250">
    <ele>2305.2</ele>
   </trkpt>
   <trkpt lat="38.1397190" lon="34.1699340">
    <ele>2304.6</ele>
   </trkpt>
   <trkpt lat="38.1397300" lon="34.1699490">
    <ele>2304.0</ele>
   </trkpt>
   <trkpt lat="38.1397410" lon="34.1699580">
    <ele>2303.0</ele>
   </trkpt>
   <trkpt lat="38.1397520" lon="34.1699650">
    <ele>2302.6</ele>
   </trkpt>
   <trkpt lat="38.1397600" lon="34.1699730">
    <ele>2301.8</ele>
   </trkpt>
   <trkpt lat="38.1397850" lon="34.1699970">
    <ele>2300.8</ele>
   </trkpt>
   <trkpt lat="38.1397940" lon="34.1700020">
    <ele>2300.2</ele>
   </trkpt>
   <trkpt lat="38.1398120" lon="34.1700130">
    <ele>2299.4</ele>
   </trkpt>
   <trkpt lat="38.1398340" lon="34.1700270">
    <ele>2298.6</ele>
   </trkpt>
   <trkpt lat="38.1398340" lon="34.1700280">
    <ele>2298.2</ele>
   </trkpt>
   <trkpt lat="38.1398500" lon="34.1700440">
    <ele>2297.2</ele>
   </trkpt>
   <trkpt lat="38.1398540" lon="34.1700480">
    <ele>2297.0</ele>
   </trkpt>
   <trkpt lat="38.1398740" lon="34.1700550">
    <ele>2296.0</ele>
   </trkpt>
   <trkpt lat="38.1398780" lon="34.1700570">
    <ele>2295.8</ele>
   </trkpt>
   <trkpt lat="38.1399000" lon="34.1700650">
    <ele>2294.8</ele>
   </trkpt>
   <trkpt lat="38.1399060" lon="34.1700690">
    <ele>2293.6</ele>
   </trkpt>
   <trkpt lat="38.1399270" lon="34.1700790">
    <ele>2292.8</ele>
   </trkpt>
   <trkpt lat="38.1399320" lon="34.1700800">
    <ele>2292.6</ele>
   </trkpt>
   <trkpt lat="38.1399470" lon="34.1700820">
    <ele>2291.8</ele>
   </trkpt>
   <trkpt lat="38.1399580" lon="34.1700830">
    <ele>2291.4</ele>
   </trkpt>
   <trkpt lat="38.1399680" lon="34.1700810">
    <ele>2290.6</ele>
   </trkpt>
   <trkpt lat="38.1399720" lon="34.1700800">
    <ele>2290.2</ele>
   </trkpt>
   <trkpt lat="38.1399800" lon="34.1700790">
    <ele>2289.8</ele>
   </trkpt>
   <trkpt lat="38.1400020" lon="34.1700760">
    <ele>2289.2</ele>
   </trkpt>
   <trkpt lat="38.1400280" lon="34.1700740">
    <ele>2287.8</ele>
   </trkpt>
   <trkpt lat="38.1400450" lon="34.1700780">
    <ele>2286.8</ele>
   </trkpt>
   <trkpt lat="38.1400480" lon="34.1700750">
    <ele>2285.8</ele>
   </trkpt>
   <trkpt lat="38.1400840" lon="34.1700650">
    <ele>2284.6</ele>
   </trkpt>
   <trkpt lat="38.1401070" lon="34.1700620">
    <ele>2283.6</ele>
   </trkpt>
   <trkpt lat="38.1401220" lon="34.1700560">
    <ele>2282.4</ele>
   </trkpt>
   <trkpt lat="38.1401250" lon="34.1700550">
    <ele>2282.0</ele>
   </trkpt>
   <trkpt lat="38.1401420" lon="34.1700540">
    <ele>2281.2</ele>
   </trkpt>
   <trkpt lat="38.1401710" lon="34.1700550">
    <ele>2280.4</ele>
   </trkpt>
   <trkpt lat="38.1401830" lon="34.1700560">
    <ele>2280.0</ele>
   </trkpt>
   <trkpt lat="38.1402160" lon="34.1700600">
    <ele>2278.8</ele>
   </trkpt>
   <trkpt lat="38.1402290" lon="34.1700630">
    <ele>2277.6</ele>
   </trkpt>
   <trkpt lat="38.1402420" lon="34.1700630">
    <ele>2276.6</ele>
   </trkpt>
   <trkpt lat="38.1402480" lon="34.1700620">
    <ele>2276.2</ele>
   </trkpt>
   <trkpt lat="38.1402590" lon="34.1700660">
    <ele>2275.0</ele>
   </trkpt>
   <trkpt lat="38.1402610" lon="34.1700630">
    <ele>2274.6</ele>
   </trkpt>
   <trkpt lat="38.1402930" lon="34.1700620">
    <ele>2274.0</ele>
   </trkpt>
   <trkpt lat="38.1402980" lon="34.1700600">
    <ele>2273.6</ele>
   </trkpt>
   <trkpt lat="38.1403000" lon="34.1700630">
    <ele>2273.4</ele>
   </trkpt>
   <trkpt lat="38.1403040" lon="34.1700630">
    <ele>2273.0</ele>
   </trkpt>
   <trkpt lat="38.1403060" lon="34.1700630">
    <ele>2273.0</ele>
   </trkpt>
   <trkpt lat="38.1403260" lon="34.1700690">
    <ele>2272.4</ele>
   </trkpt>
   <trkpt lat="38.1403360" lon="34.1700710">
    <ele>2272.0</ele>
   </trkpt>
   <trkpt lat="38.1403630" lon="34.1700700">
    <ele>2270.8</ele>
   </trkpt>
   <trkpt lat="38.1403760" lon="34.1700730">
    <ele>2270.2</ele>
   </trkpt>
   <trkpt lat="38.1403910" lon="34.1700770">
    <ele>2269.4</ele>
   </trkpt>
   <trkpt lat="38.1404080" lon="34.1700830">
    <ele>2268.4</ele>
   </trkpt>
   <trkpt lat="38.1404250" lon="34.1700840">
    <ele>2267.4</ele>
   </trkpt>
   <trkpt lat="38.1404300" lon="34.1700860">
    <ele>2267.0</ele>
   </trkpt>
   <trkpt lat="38.1404380" lon="34.1700900">
    <ele>2266.2</ele>
   </trkpt>
   <trkpt lat="38.1404670" lon="34.1701070">
    <ele>2265.4</ele>
   </trkpt>
   <trkpt lat="38.1404750" lon="34.1701130">
    <ele>2265.2</ele>
   </trkpt>
   <trkpt lat="38.1405080" lon="34.1701310">
    <ele>2263.8</ele>
   </trkpt>
   <trkpt lat="38.1405240" lon="34.1701380">
    <ele>2263.0</ele>
   </trkpt>
   <trkpt lat="38.1405280" lon="34.1701390">
    <ele>2262.6</ele>
   </trkpt>
   <trkpt lat="38.1405310" lon="34.1701390">
    <ele>2261.4</ele>
   </trkpt>
   <trkpt lat="38.1405310" lon="34.1701390">
    <ele>2261.2</ele>
   </trkpt>
   <trkpt lat="38.1405320" lon="34.1701390">
    <ele>2261.0</ele>
   </trkpt>
   <trkpt lat="38.1405320" lon="34.1701390">
    <ele>2260.4</ele>
   </trkpt>
   <trkpt lat="38.1405350" lon="34.1701420">
    <ele>2259.2</ele>
   </trkpt>
   <trkpt lat="38.1405380" lon="34.1701450">
    <ele>2258.2</ele>
   </trkpt>
   <trkpt lat="38.1405460" lon="34.1701480">
    <ele>2258.0</ele>
   </trkpt>
   <trkpt lat="38.1406040" lon="34.1701740">
    <ele>2256.6</ele>
   </trkpt>
   <trkpt lat="38.1406320" lon="34.1701840">
    <ele>2256.2</ele>
   </trkpt>
   <trkpt lat="38.1406600" lon="34.1701930">
    <ele>2255.4</ele>
   </trkpt>
   <trkpt lat="38.1406980" lon="34.1702020">
    <ele>2254.0</ele>
   </trkpt>
   <trkpt lat="38.1407160" lon="34.1702100">
    <ele>2253.0</ele>
   </trkpt>
   <trkpt lat="38.1407220" lon="34.1702110">
    <ele>2252.8</ele>
   </trkpt>
   <trkpt lat="38.1407450" lon="34.1702220">
    <ele>2251.4</ele>
   </trkpt>
   <trkpt lat="38.1407490" lon="34.1702230">
    <ele>2251.0</ele>
   </trkpt>
   <trkpt lat="38.1407690" lon="34.1702290">
    <ele>2250.4</ele>
   </trkpt>
   <trkpt lat="38.1407850" lon="34.1702350">
    <ele>2250.0</ele>
   </trkpt>
   <trkpt lat="38.1408010" lon="34.1702410">
    <ele>2249.2</ele>
   </trkpt>
   <trkpt lat="38.1408170" lon="34.1702420">
    <ele>2247.8</ele>
   </trkpt>
   <trkpt lat="38.1408240" lon="34.1702430">
    <ele>2247.4</ele>
   </trkpt>
   <trkpt lat="38.1408320" lon="34.1702430">
    <ele>2246.8</ele>
   </trkpt>
   <trkpt lat="38.1408360" lon="34.1702450">
    <ele>2246.2</ele>
   </trkpt>
   <trkpt lat="38.1408440" lon="34.1702450">
    <ele>2245.8</ele>
   </trkpt>
   <trkpt lat="38.1408780" lon="34.1702440">
    <ele>2245.4</ele>
   </trkpt>
   <trkpt lat="38.1408990" lon="34.1702460">
    <ele>2244.4</ele>
   </trkpt>
   <trkpt lat="38.1409100" lon="34.1702420">
    <ele>2243.4</ele>
   </trkpt>
   <trkpt lat="38.1409110" lon="34.1702420">
    <ele>2242.8</ele>
   </trkpt>
   <trkpt lat="38.1409100" lon="34.1702420">
    <ele>2242.4</ele>
   </trkpt>
   <trkpt lat="38.1409100" lon="34.1702420">
    <ele>2241.2</ele>
   </trkpt>
   <trkpt lat="38.1409180" lon="34.1702440">
    <ele>2239.8</ele>
   </trkpt>
   <trkpt lat="38.1409610" lon="34.1702420">
    <ele>2238.6</ele>
   </trkpt>
   <trkpt lat="38.1409890" lon="34.1702440">
    <ele>2238.0</ele>
   </trkpt>
   <trkpt lat="38.1410040" lon="34.1702430">
    <ele>2237.4</ele>
   </trkpt>
   <trkpt lat="38.1410520" lon="34.1702440">
    <ele>2236.4</ele>
   </trkpt>
   <trkpt lat="38.1410690" lon="34.1702430">
    <ele>2235.4</ele>
   </trkpt>
   <trkpt lat="38.1410760" lon="34.1702420">
    <ele>2235.2</ele>
   </trkpt>
   <trkpt lat="38.1410990" lon="34.1702320">
    <ele>2234.2</ele>
   </trkpt>
   <trkpt lat="38.1411100" lon="34.1702300">
    <ele>2233.4</ele>
   </trkpt>
   <trkpt lat="38.1411190" lon="34.1702290">
    <ele>2233.2</ele>
   </trkpt>
   <trkpt lat="38.1411440" lon="34.1702190">
    <ele>2232.0</ele>
   </trkpt>
   <trkpt lat="38.1411740" lon="34.1702150">
    <ele>2231.0</ele>
   </trkpt>
   <trkpt lat="38.1411850" lon="34.1702130">
    <ele>2230.2</ele>
   </trkpt>
   <trkpt lat="38.1411900" lon="34.1702120">
    <ele>2230.0</ele>
   </trkpt>
   <trkpt lat="38.1412120" lon="34.1702140">
    <ele>2228.8</ele>
   </trkpt>
   <trkpt lat="38.1412180" lon="34.1702150">
    <ele>2228.6</ele>
   </trkpt>
   <trkpt lat="38.1412430" lon="34.1702180">
    <ele>2227.8</ele>
   </trkpt>
   <trkpt lat="38.1412690" lon="34.1702190">
    <ele>2226.6</ele>
   </trkpt>
   <trkpt lat="38.1412730" lon="34.1702190">
    <ele>2226.4</ele>
   </trkpt>
   <trkpt lat="38.1412930" lon="34.1702160">
    <ele>2225.4</ele>
   </trkpt>
   <trkpt lat="38.1413100" lon="34.1702170">
    <ele>2225.0</ele>
   </trkpt>
   <trkpt lat="38.1413180" lon="34.1702180">
    <ele>2224.4</ele>
   </trkpt>
   <trkpt lat="38.1413520" lon="34.1702220">
    <ele>2223.2</ele>
   </trkpt>
   <trkpt lat="38.1413730" lon="34.1702360">
    <ele>2222.0</ele>
   </trkpt>
   <trkpt lat="38.1413970" lon="34.1702430">
    <ele>2221.0</ele>
   </trkpt>
   <trkpt lat="38.1414160" lon="34.1702460">
    <ele>2220.2</ele>
   </trkpt>
   <trkpt lat="38.1414210" lon="34.1702480">
    <ele>2220.0</ele>
   </trkpt>
   <trkpt lat="38.1414460" lon="34.1702540">
    <ele>2218.8</ele>
   </trkpt>
   <trkpt lat="38.1414500" lon="34.1702560">
    <ele>2218.6</ele>
   </trkpt>
   <trkpt lat="38.1414660" lon="34.1702610">
    <ele>2217.8</ele>
   </trkpt>
   <trkpt lat="38.1414710" lon="34.1702610">
    <ele>2217.2</ele>
   </trkpt>
   <trkpt lat="38.1414930" lon="34.1702720">
    <ele>2216.8</ele>
   </trkpt>
   <trkpt lat="38.1414970" lon="34.1702750">
    <ele>2216.6</ele>
   </trkpt>
   <trkpt lat="38.1415010" lon="34.1702770">
    <ele>2216.2</ele>
   </trkpt>
   <trkpt lat="38.1415300" lon="34.1702900">
    <ele>2215.4</ele>
   </trkpt>
   <trkpt lat="38.1415540" lon="34.1702980">
    <ele>2214.2</ele>
   </trkpt>
   <trkpt lat="38.1415570" lon="34.1703000">
    <ele>2213.8</ele>
   </trkpt>
   <trkpt lat="38.1415590" lon="34.1703010">
    <ele>2213.4</ele>
   </trkpt>
   <trkpt lat="38.1415670" lon="34.1703000">
    <ele>2213.2</ele>
   </trkpt>
   <trkpt lat="38.1415830" lon="34.1703100">
    <ele>2212.8</ele>
   </trkpt>
   <trkpt lat="38.1416170" lon="34.1703340">
    <ele>2211.8</ele>
   </trkpt>
   <trkpt lat="38.1416310" lon="34.1703470">
    <ele>2210.8</ele>
   </trkpt>
   <trkpt lat="38.1416500" lon="34.1703630">
    <ele>2209.8</ele>
   </trkpt>
   <trkpt lat="38.1416700" lon="34.1703770">
    <ele>2208.6</ele>
   </trkpt>
   <trkpt lat="38.1416750" lon="34.1703800">
    <ele>2208.2</ele>
   </trkpt>
   <trkpt lat="38.1416850" lon="34.1703910">
    <ele>2207.4</ele>
   </trkpt>
   <trkpt lat="38.1416940" lon="34.1703970">
    <ele>2207.2</ele>
   </trkpt>
   <trkpt lat="38.1417060" lon="34.1704020">
    <ele>2206.2</ele>
   </trkpt>
   <trkpt lat="38.1417530" lon="34.1704350">
    <ele>2205.0</ele>
   </trkpt>
   <trkpt lat="38.1417650" lon="34.1704410">
    <ele>2204.2</ele>
   </trkpt>
   <trkpt lat="38.1417720" lon="34.1704420">
    <ele>2203.8</ele>
   </trkpt>
   <trkpt lat="38.1417860" lon="34.1704460">
    <ele>2202.6</ele>
   </trkpt>
   <trkpt lat="38.1417860" lon="34.1704460">
    <ele>2202.6</ele>
   </trkpt>
   <trkpt lat="38.1417900" lon="34.1704440">
    <ele>2202.6</ele>
   </trkpt>
   <trkpt lat="38.1418060" lon="34.1704490">
    <ele>2202.0</ele>
   </trkpt>
   <trkpt lat="38.1418130" lon="34.1704540">
    <ele>2201.6</ele>
   </trkpt>
   <trkpt lat="38.1418460" lon="34.1704720">
    <ele>2200.6</ele>
   </trkpt>
   <trkpt lat="38.1418880" lon="34.1704930">
    <ele>2199.2</ele>
   </trkpt>
   <trkpt lat="38.1418990" lon="34.1704960">
    <ele>2199.0</ele>
   </trkpt>
   <trkpt lat="38.1419170" lon="34.1705010">
    <ele>2198.0</ele>
   </trkpt>
   <trkpt lat="38.1419400" lon="34.1705100">
    <ele>2196.8</ele>
   </trkpt>
   <trkpt lat="38.1419570" lon="34.1705160">
    <ele>2196.0</ele>
   </trkpt>
   <trkpt lat="38.1419670" lon="34.1705180">
    <ele>2195.4</ele>
   </trkpt>
   <trkpt lat="38.1419920" lon="34.1705290">
    <ele>2194.2</ele>
   </trkpt>
   <trkpt lat="38.1419950" lon="34.1705280">
    <ele>2193.2</ele>
   </trkpt>
   <trkpt lat="38.1419950" lon="34.1705280">
    <ele>2193.0</ele>
   </trkpt>
   <trkpt lat="38.1420400" lon="34.1705350">
    <ele>2192.4</ele>
   </trkpt>
   <trkpt lat="38.1420520" lon="34.1705360">
    <ele>2191.6</ele>
   </trkpt>
   <trkpt lat="38.1420810" lon="34.1705570">
    <ele>2190.6</ele>
   </trkpt>
   <trkpt lat="38.1420880" lon="34.1705590">
    <ele>2190.4</ele>
   </trkpt>
   <trkpt lat="38.1421170" lon="34.1705690">
    <ele>2189.0</ele>
   </trkpt>
   <trkpt lat="38.1421430" lon="34.1705740">
    <ele>2187.8</ele>
   </trkpt>
   <trkpt lat="38.1421560" lon="34.1705720">
    <ele>2187.2</ele>
   </trkpt>
   <trkpt lat="38.1421610" lon="34.1705730">
    <ele>2186.6</ele>
   </trkpt>
   <trkpt lat="38.1421730" lon="34.1705770">
    <ele>2185.6</ele>
   </trkpt>
   <trkpt lat="38.1421820" lon="34.1705780">
    <ele>2184.8</ele>
   </trkpt>
   <trkpt lat="38.1421870" lon="34.1705800">
    <ele>2184.6</ele>
   </trkpt>
   <trkpt lat="38.1422270" lon="34.1705760">
    <ele>2183.4</ele>
   </trkpt>
   <trkpt lat="38.1422360" lon="34.1705750">
    <ele>2183.0</ele>
   </trkpt>
   <trkpt lat="38.1422560" lon="34.1705720">
    <ele>2182.2</ele>
   </trkpt>
   <trkpt lat="38.1422700" lon="34.1705710">
    <ele>2181.6</ele>
   </trkpt>
   <trkpt lat="38.1422790" lon="34.1705710">
    <ele>2181.0</ele>
   </trkpt>
   <trkpt lat="38.1422960" lon="34.1705700">
    <ele>2180.6</ele>
   </trkpt>
   <trkpt lat="38.1423090" lon="34.1705700">
    <ele>2180.0</ele>
   </trkpt>
   <trkpt lat="38.1423280" lon="34.1705650">
    <ele>2179.0</ele>
   </trkpt>
   <trkpt lat="38.1423390" lon="34.1705670">
    <ele>2178.4</ele>
   </trkpt>
   <trkpt lat="38.1423630" lon="34.1705760">
    <ele>2177.8</ele>
   </trkpt>
   <trkpt lat="38.1423710" lon="34.1705720">
    <ele>2177.0</ele>
   </trkpt>
   <trkpt lat="38.1423720" lon="34.1705740">
    <ele>2177.2</ele>
   </trkpt>
   <trkpt lat="38.1423720" lon="34.1705740">
    <ele>2177.0</ele>
   </trkpt>
   <trkpt lat="38.1423720" lon="34.1705730">
    <ele>2176.6</ele>
   </trkpt>
   <trkpt lat="38.1423720" lon="34.1705730">
    <ele>2175.2</ele>
   </trkpt>
   <trkpt lat="38.1424200" lon="34.1705790">
    <ele>2173.8</ele>
   </trkpt>
   <trkpt lat="38.1424310" lon="34.1705790">
    <ele>2173.6</ele>
   </trkpt>
   <trkpt lat="38.1424690" lon="34.1705870">
    <ele>2172.6</ele>
   </trkpt>
   <trkpt lat="38.1424830" lon="34.1705890">
    <ele>2172.4</ele>
   </trkpt>
   <trkpt lat="38.1424940" lon="34.1705890">
    <ele>2172.0</ele>
   </trkpt>
   <trkpt lat="38.1425040" lon="34.1705900">
    <ele>2171.6</ele>
   </trkpt>
   <trkpt lat="38.1425120" lon="34.1705900">
    <ele>2171.4</ele>
   </trkpt>
   <trkpt lat="38.1425440" lon="34.1705870">
    <ele>2170.0</ele>
   </trkpt>
   <trkpt lat="38.1425690" lon="34.1705880">
    <ele>2168.8</ele>
   </trkpt>
   <trkpt lat="38.1425870" lon="34.1705890">
    <ele>2167.6</ele>
   </trkpt>
   <trkpt lat="38.1426210" lon="34.1705860">
    <ele>2166.6</ele>
   </trkpt>
   <trkpt lat="38.1426340" lon="34.1705850">
    <ele>2165.8</ele>
   </trkpt>
   <trkpt lat="38.1426420" lon="34.1705850">
    <ele>2165.2</ele>
   </trkpt>
   <trkpt lat="38.1426450" lon="34.1705860">
    <ele>2164.2</ele>
   </trkpt>
   <trkpt lat="38.1426580" lon="34.1705860">
    <ele>2163.6</ele>
   </trkpt>
   <trkpt lat="38.1426580" lon="34.1705860">
    <ele>2163.0</ele>
   </trkpt>
   <trkpt lat="38.1426580" lon="34.1705860">
    <ele>2162.0</ele>
   </trkpt>
   <trkpt lat="38.1426580" lon="34.1705860">
    <ele>2160.8</ele>
   </trkpt>
   <trkpt lat="38.1426970" lon="34.1705830">
    <ele>2160.2</ele>
   </trkpt>
   <trkpt lat="38.1427220" lon="34.1705800">
    <ele>2160.0</ele>
   </trkpt>
   <trkpt lat="38.1427330" lon="34.1705780">
    <ele>2159.8</ele>
   </trkpt>
   <trkpt lat="38.1427420" lon="34.1705770">
    <ele>2158.6</ele>
   </trkpt>
   <trkpt lat="38.1427470" lon="34.1705760">
    <ele>2157.8</ele>
   </trkpt>
   <trkpt lat="38.1427490" lon="34.1705760">
    <ele>2157.6</ele>
   </trkpt>
   <trkpt lat="38.1427640" lon="34.1705760">
    <ele>2156.8</ele>
   </trkpt>
   <trkpt lat="38.1427680" lon="34.1705760">
    <ele>2156.2</ele>
   </trkpt>
   <trkpt lat="38.1427930" lon="34.1705780">
    <ele>2155.0</ele>
   </trkpt>
   <trkpt lat="38.1428140" lon="34.1705810">
    <ele>2154.0</ele>
   </trkpt>
   <trkpt lat="38.1428400" lon="34.1705830">
    <ele>2153.0</ele>
   </trkpt>
   <trkpt lat="38.1428570" lon="34.1705860">
    <ele>2152.0</ele>
   </trkpt>
   <trkpt lat="38.1429030" lon="34.1705870">
    <ele>2150.6</ele>
   </trkpt>
   <trkpt lat="38.1429350" lon="34.1705870">
    <ele>2149.6</ele>
   </trkpt>
   <trkpt lat="38.1430060" lon="34.1705760">
    <ele>2148.4</ele>
   </trkpt>
   <trkpt lat="38.1430360" lon="34.1705830">
    <ele>2147.4</ele>
   </trkpt>
   <trkpt lat="38.1430370" lon="34.1705830">
    <ele>2147.4</ele>
   </trkpt>
   <trkpt lat="38.1430370" lon="34.1705830">
    <ele>2147.4</ele>
   </trkpt>
   <trkpt lat="38.1430400" lon="34.1705770">
    <ele>2146.8</ele>
   </trkpt>
   <trkpt lat="38.1430410" lon="34.1705770">
    <ele>2146.8</ele>
   </trkpt>
   <trkpt lat="38.1430420" lon="34.1705750">
    <ele>2146.2</ele>
   </trkpt>
   <trkpt lat="38.1430500" lon="34.1705770">
    <ele>2145.2</ele>
   </trkpt>
   <trkpt lat="38.1431080" lon="34.1705850">
    <ele>2144.0</ele>
   </trkpt>
   <trkpt lat="38.1431250" lon="34.1705870">
    <ele>2143.8</ele>
   </trkpt>
   <trkpt lat="38.1431650" lon="34.1705990">
    <ele>2142.8</ele>
   </trkpt>
   <trkpt lat="38.1432090" lon="34.1706230">
    <ele>2141.6</ele>
   </trkpt>
   <trkpt lat="38.1432160" lon="34.1706300">
    <ele>2141.4</ele>
   </trkpt>
   <trkpt lat="38.1432310" lon="34.1706400">
    <ele>2140.4</ele>
   </trkpt>
   <trkpt lat="38.1432600" lon="34.1706560">
    <ele>2139.2</ele>
   </trkpt>
   <trkpt lat="38.1432730" lon="34.1706650">
    <ele>2138.6</ele>
   </trkpt>
   <trkpt lat="38.1432900" lon="34.1706740">
    <ele>2138.0</ele>
   </trkpt>
   <trkpt lat="38.1433140" lon="34.1706880">
    <ele>2137.0</ele>
   </trkpt>
   <trkpt lat="38.1433370" lon="34.1706990">
    <ele>2136.0</ele>
   </trkpt>
   <trkpt lat="38.1433650" lon="34.1707060">
    <ele>2135.0</ele>
   </trkpt>
   <trkpt lat="38.1433710" lon="34.1707060">
    <ele>2134.8</ele>
   </trkpt>
   <trkpt lat="38.1433900" lon="34.1707110">
    <ele>2133.4</ele>
   </trkpt>
   <trkpt lat="38.1434170" lon="34.1707200">
    <ele>2132.4</ele>
   </trkpt>
   <trkpt lat="38.1434260" lon="34.1707230">
    <ele>2132.2</ele>
   </trkpt>
   <trkpt lat="38.1434660" lon="34.1707350">
    <ele>2131.0</ele>
   </trkpt>
   <trkpt lat="38.1435030" lon="34.1707490">
    <ele>2129.6</ele>
   </trkpt>
   <trkpt lat="38.1435110" lon="34.1707500">
    <ele>2129.4</ele>
   </trkpt>
   <trkpt lat="38.1435450" lon="34.1707520">
    <ele>2128.4</ele>
   </trkpt>
   <trkpt lat="38.1435630" lon="34.1707490">
    <ele>2127.2</ele>
   </trkpt>
   <trkpt lat="38.1435820" lon="34.1707490">
    <ele>2126.6</ele>
   </trkpt>
   <trkpt lat="38.1435980" lon="34.1707450">
    <ele>2125.8</ele>
   </trkpt>
   <trkpt lat="38.1436300" lon="34.1707440">
    <ele>2124.8</ele>
   </trkpt>
   <trkpt lat="38.1436540" lon="34.1707370">
    <ele>2123.4</ele>
   </trkpt>
   <trkpt lat="38.1436670" lon="34.1707320">
    <ele>2122.8</ele>
   </trkpt>
   <trkpt lat="38.1436780" lon="34.1707270">
    <ele>2122.4</ele>
   </trkpt>
   <trkpt lat="38.1437250" lon="34.1707100">
    <ele>2121.4</ele>
   </trkpt>
   <trkpt lat="38.1437540" lon="34.1707090">
    <ele>2120.2</ele>
   </trkpt>
   <trkpt lat="38.1437880" lon="34.1707040">
    <ele>2118.8</ele>
   </trkpt>
   <trkpt lat="38.1438170" lon="34.1707040">
    <ele>2117.6</ele>
   </trkpt>
   <trkpt lat="38.1438520" lon="34.1706960">
    <ele>2116.4</ele>
   </trkpt>
   <trkpt lat="38.1438850" lon="34.1706910">
    <ele>2115.4</ele>
   </trkpt>
   <trkpt lat="38.1439120" lon="34.1706820">
    <ele>2114.2</ele>
   </trkpt>
   <trkpt lat="38.1439290" lon="34.1706710">
    <ele>2113.2</ele>
   </trkpt>
   <trkpt lat="38.1439410" lon="34.1706660">
    <ele>2113.0</ele>
   </trkpt>
   <trkpt lat="38.1439570" lon="34.1706610">
    <ele>2111.8</ele>
   </trkpt>
   <trkpt lat="38.1439700" lon="34.1706590">
    <ele>2111.8</ele>
   </trkpt>
   <trkpt lat="38.1440000" lon="34.1706590">
    <ele>2110.8</ele>
   </trkpt>
   <trkpt lat="38.1440100" lon="34.1706550">
    <ele>2110.8</ele>
   </trkpt>
   <trkpt lat="38.1440320" lon="34.1706470">
    <ele>2109.8</ele>
   </trkpt>
   <trkpt lat="38.1440460" lon="34.1706470">
    <ele>2108.8</ele>
   </trkpt>
   <trkpt lat="38.1440490" lon="34.1706440">
    <ele>2108.6</ele>
   </trkpt>
   <trkpt lat="38.1440670" lon="34.1706410">
    <ele>2108.2</ele>
   </trkpt>
   <trkpt lat="38.1440780" lon="34.1706380">
    <ele>2107.4</ele>
   </trkpt>
   <trkpt lat="38.1441030" lon="34.1706440">
    <ele>2106.6</ele>
   </trkpt>
   <trkpt lat="38.1441080" lon="34.1706450">
    <ele>2106.4</ele>
   </trkpt>
   <trkpt lat="38.1441330" lon="34.1706430">
    <ele>2105.4</ele>
   </trkpt>
   <trkpt lat="38.1441490" lon="34.1706410">
    <ele>2104.6</ele>
   </trkpt>
   <trkpt lat="38.1441520" lon="34.1706410">
    <ele>2104.4</ele>
   </trkpt>
   <trkpt lat="38.1442010" lon="34.1706290">
    <ele>2103.2</ele>
   </trkpt>
   <trkpt lat="38.1442360" lon="34.1706300">
    <ele>2102.0</ele>
   </trkpt>
   <trkpt lat="38.1442590" lon="34.1706380">
    <ele>2101.0</ele>
   </trkpt>
   <trkpt lat="38.1442800" lon="34.1706360">
    <ele>2099.8</ele>
   </trkpt>
   <trkpt lat="38.1443010" lon="34.1706370">
    <ele>2099.0</ele>
   </trkpt>
   <trkpt lat="38.1443090" lon="34.1706370">
    <ele>2098.8</ele>
   </trkpt>
   <trkpt lat="38.1443240" lon="34.1706390">
    <ele>2098.4</ele>
   </trkpt>
   <trkpt lat="38.1443340" lon="34.1706370">
    <ele>2097.8</ele>
   </trkpt>
   <trkpt lat="38.1443490" lon="34.1706350">
    <ele>2097.2</ele>
   </trkpt>
   <trkpt lat="38.1443600" lon="34.1706350">
    <ele>2096.8</ele>
   </trkpt>
   <trkpt lat="38.1443790" lon="34.1706380">
    <ele>2096.0</ele>
   </trkpt>
   <trkpt lat="38.1444010" lon="34.1706410">
    <ele>2095.6</ele>
   </trkpt>
   <trkpt lat="38.1444300" lon="34.1706410">
    <ele>2094.6</ele>
   </trkpt>
   <trkpt lat="38.1444630" lon="34.1706450">
    <ele>2093.4</ele>
   </trkpt>
   <trkpt lat="38.1444930" lon="34.1706430">
    <ele>2092.4</ele>
   </trkpt>
   <trkpt lat="38.1445050" lon="34.1706460">
    <ele>2091.8</ele>
   </trkpt>
   <trkpt lat="38.1445180" lon="34.1706540">
    <ele>2091.0</ele>
   </trkpt>
   <trkpt lat="38.1445400" lon="34.1706660">
    <ele>2090.0</ele>
   </trkpt>
   <trkpt lat="38.1445590" lon="34.1706870">
    <ele>2089.0</ele>
   </trkpt>
   <trkpt lat="38.1445680" lon="34.1706900">
    <ele>2088.8</ele>
   </trkpt>
   <trkpt lat="38.1445790" lon="34.1706920">
    <ele>2087.8</ele>
   </trkpt>
   <trkpt lat="38.1446300" lon="34.1707000">
    <ele>2086.6</ele>
   </trkpt>
   <trkpt lat="38.1446540" lon="34.1707010">
    <ele>2085.4</ele>
   </trkpt>
   <trkpt lat="38.1446850" lon="34.1707000">
    <ele>2084.2</ele>
   </trkpt>
   <trkpt lat="38.1447140" lon="34.1706910">
    <ele>2083.0</ele>
   </trkpt>
   <trkpt lat="38.1447430" lon="34.1706960">
    <ele>2082.4</ele>
   </trkpt>
   <trkpt lat="38.1447580" lon="34.1707010">
    <ele>2081.8</ele>
   </trkpt>
   <trkpt lat="38.1447870" lon="34.1707060">
    <ele>2080.6</ele>
   </trkpt>
   <trkpt lat="38.1448030" lon="34.1707100">
    <ele>2079.8</ele>
   </trkpt>
   <trkpt lat="38.1448080" lon="34.1707120">
    <ele>2079.6</ele>
   </trkpt>
   <trkpt lat="38.1448420" lon="34.1707120">
    <ele>2078.6</ele>
   </trkpt>
   <trkpt lat="38.1448680" lon="34.1707140">
    <ele>2077.6</ele>
   </trkpt>
   <trkpt lat="38.1448740" lon="34.1707140">
    <ele>2077.4</ele>
   </trkpt>
   <trkpt lat="38.1449120" lon="34.1707180">
    <ele>2076.2</ele>
   </trkpt>
   <trkpt lat="38.1449250" lon="34.1707140">
    <ele>2075.0</ele>
   </trkpt>
   <trkpt lat="38.1449440" lon="34.1707150">
    <ele>2074.2</ele>
   </trkpt>
   <trkpt lat="38.1449510" lon="34.1707150">
    <ele>2073.8</ele>
   </trkpt>
   <trkpt lat="38.1449790" lon="34.1707180">
    <ele>2073.0</ele>
   </trkpt>
   <trkpt lat="38.1449900" lon="34.1707160">
    <ele>2072.8</ele>
   </trkpt>
   <trkpt lat="38.1450180" lon="34.1707190">
    <ele>2071.8</ele>
   </trkpt>
   <trkpt lat="38.1450270" lon="34.1707210">
    <ele>2071.6</ele>
   </trkpt>
   <trkpt lat="38.1450450" lon="34.1707340">
    <ele>2070.6</ele>
   </trkpt>
   <trkpt lat="38.1450650" lon="34.1707450">
    <ele>2070.0</ele>
   </trkpt>
   <trkpt lat="38.1450830" lon="34.1707450">
    <ele>2069.4</ele>
   </trkpt>
   <trkpt lat="38.1450940" lon="34.1707510">
    <ele>2069.0</ele>
   </trkpt>
   <trkpt lat="38.1451150" lon="34.1707610">
    <ele>2068.2</ele>
   </trkpt>
   <trkpt lat="38.1451420" lon="34.1707710">
    <ele>2067.0</ele>
   </trkpt>
   <trkpt lat="38.1451670" lon="34.1707740">
    <ele>2066.0</ele>
   </trkpt>
   <trkpt lat="38.1451910" lon="34.1707790">
    <ele>2064.6</ele>
   </trkpt>
   <trkpt lat="38.1452270" lon="34.1707810">
    <ele>2064.0</ele>
   </trkpt>
   <trkpt lat="38.1452370" lon="34.1707790">
    <ele>2063.2</ele>
   </trkpt>
   <trkpt lat="38.1452720" lon="34.1707740">
    <ele>2062.4</ele>
   </trkpt>
   <trkpt lat="38.1452780" lon="34.1707730">
    <ele>2062.0</ele>
   </trkpt>
   <trkpt lat="38.1453150" lon="34.1707730">
    <ele>2060.8</ele>
   </trkpt>
   <trkpt lat="38.1453400" lon="34.1707750">
    <ele>2060.0</ele>
   </trkpt>
   <trkpt lat="38.1453480" lon="34.1707740">
    <ele>2059.6</ele>
   </trkpt>
   <trkpt lat="38.1453720" lon="34.1707750">
    <ele>2058.6</ele>
   </trkpt>
   <trkpt lat="38.1453980" lon="34.1707760">
    <ele>2057.8</ele>
   </trkpt>
   <trkpt lat="38.1454110" lon="34.1707750">
    <ele>2057.4</ele>
   </trkpt>
   <trkpt lat="38.1454380" lon="34.1707800">
    <ele>2056.2</ele>
   </trkpt>
   <trkpt lat="38.1454480" lon="34.1707830">
    <ele>2055.6</ele>
   </trkpt>
   <trkpt lat="38.1454730" lon="34.1707890">
    <ele>2055.2</ele>
   </trkpt>
   <trkpt lat="38.1454980" lon="34.1707890">
    <ele>2054.2</ele>
   </trkpt>
   <trkpt lat="38.1455030" lon="34.1707920">
    <ele>2054.0</ele>
   </trkpt>
   <trkpt lat="38.1455050" lon="34.1707900">
    <ele>2053.4</ele>
   </trkpt>
   <trkpt lat="38.1455060" lon="34.1707890">
    <ele>2053.0</ele>
   </trkpt>
   <trkpt lat="38.1455070" lon="34.1707890">
    <ele>2053.0</ele>
   </trkpt>
   <trkpt lat="38.1455070" lon="34.1707880">
    <ele>2053.0</ele>
   </trkpt>
   <trkpt lat="38.1455070" lon="34.1707870">
    <ele>2052.8</ele>
   </trkpt>
   <trkpt lat="38.1455070" lon="34.1707870">
    <ele>2052.6</ele>
   </trkpt>
   <trkpt lat="38.1455090" lon="34.1707840">
    <ele>2052.6</ele>
   </trkpt>
   <trkpt lat="38.1455100" lon="34.1707840">
    <ele>2052.6</ele>
   </trkpt>
   <trkpt lat="38.1455100" lon="34.1707820">
    <ele>2052.4</ele>
   </trkpt>
   <trkpt lat="38.1455100" lon="34.1707760">
    <ele>2052.8</ele>
   </trkpt>
   <trkpt lat="38.1455080" lon="34.1707720">
    <ele>2052.8</ele>
   </trkpt>
   <trkpt lat="38.1455100" lon="34.1707720">
    <ele>2052.4</ele>
   </trkpt>
   <trkpt lat="38.1455140" lon="34.1707720">
    <ele>2051.8</ele>
   </trkpt>
   <trkpt lat="38.1456120" lon="34.1707920">
    <ele>2050.8</ele>
   </trkpt>
   <trkpt lat="38.1456830" lon="34.1708050">
    <ele>2049.8</ele>
   </trkpt>
   <trkpt lat="38.1456880" lon="34.1708060">
    <ele>2049.6</ele>
   </trkpt>
   <trkpt lat="38.1457150" lon="34.1708110">
    <ele>2048.8</ele>
   </trkpt>
   <trkpt lat="38.1457210" lon="34.1708120">
    <ele>2048.6</ele>
   </trkpt>
   <trkpt lat="38.1457340" lon="34.1708130">
    <ele>2048.0</ele>
   </trkpt>
   <trkpt lat="38.1457550" lon="34.1708110">
    <ele>2047.4</ele>
   </trkpt>
   <trkpt lat="38.1457560" lon="34.1708120">
    <ele>2047.0</ele>
   </trkpt>
   <trkpt lat="38.1457560" lon="34.1708120">
    <ele>2046.8</ele>
   </trkpt>
   <trkpt lat="38.1457550" lon="34.1708130">
    <ele>2046.8</ele>
   </trkpt>
   <trkpt lat="38.1457450" lon="34.1708220">
    <ele>2046.4</ele>
   </trkpt>
   <trkpt lat="38.1457490" lon="34.1708270">
    <ele>2046.8</ele>
   </trkpt>
   <trkpt lat="38.1457490" lon="34.1708090">
    <ele>2047.2</ele>
   </trkpt>
   <trkpt lat="38.1457490" lon="34.1708110">
    <ele>2047.2</ele>
   </trkpt>
   <trkpt lat="38.1457490" lon="34.1708110">
    <ele>2047.4</ele>
   </trkpt>
   <trkpt lat="38.1457490" lon="34.1708110">
    <ele>2047.6</ele>
   </trkpt>
   <trkpt lat="38.1457820" lon="34.1708080">
    <ele>2046.0</ele>
   </trkpt>
   <trkpt lat="38.1458210" lon="34.1708090">
    <ele>2045.4</ele>
   </trkpt>
   <trkpt lat="38.1458350" lon="34.1708120">
    <ele>2045.2</ele>
   </trkpt>
   <trkpt lat="38.1458470" lon="34.1708150">
    <ele>2044.8</ele>
   </trkpt>
   <trkpt lat="38.1458870" lon="34.1708160">
    <ele>2043.6</ele>
   </trkpt>
   <trkpt lat="38.1459110" lon="34.1708170">
    <ele>2042.8</ele>
   </trkpt>
   <trkpt lat="38.1459200" lon="34.1708170">
    <ele>2042.6</ele>
   </trkpt>
   <trkpt lat="38.1459570" lon="34.1708170">
    <ele>2041.6</ele>
   </trkpt>
   <trkpt lat="38.1459820" lon="34.1708130">
    <ele>2041.0</ele>
   </trkpt>
   <trkpt lat="38.1460050" lon="34.1708120">
    <ele>2040.4</ele>
   </trkpt>
   <trkpt lat="38.1460510" lon="34.1708070">
    <ele>2039.2</ele>
   </trkpt>
   <trkpt lat="38.1460790" lon="34.1708090">
    <ele>2038.2</ele>
   </trkpt>
   <trkpt lat="38.1460880" lon="34.1708110">
    <ele>2037.8</ele>
   </trkpt>
   <trkpt lat="38.1461330" lon="34.1708020">
    <ele>2036.6</ele>
   </trkpt>
   <trkpt lat="38.1461760" lon="34.1708010">
    <ele>2035.4</ele>
   </trkpt>
   <trkpt lat="38.1461850" lon="34.1707980">
    <ele>2035.2</ele>
   </trkpt>
   <trkpt lat="38.1462120" lon="34.1707950">
    <ele>2034.2</ele>
   </trkpt>
   <trkpt lat="38.1462410" lon="34.1708000">
    <ele>2033.2</ele>
   </trkpt>
   <trkpt lat="38.1462660" lon="34.1707990">
    <ele>2032.4</ele>
   </trkpt>
   <trkpt lat="38.1462760" lon="34.1708020">
    <ele>2032.0</ele>
   </trkpt>
   <trkpt lat="38.1463090" lon="34.1708060">
    <ele>2030.8</ele>
   </trkpt>
   <trkpt lat="38.1463440" lon="34.1708090">
    <ele>2029.8</ele>
   </trkpt>
   <trkpt lat="38.1463510" lon="34.1708090">
    <ele>2029.4</ele>
   </trkpt>
   <trkpt lat="38.1463690" lon="34.1708070">
    <ele>2028.6</ele>
   </trkpt>
   <trkpt lat="38.1464080" lon="34.1708040">
    <ele>2027.4</ele>
   </trkpt>
   <trkpt lat="38.1464350" lon="34.1707990">
    <ele>2026.2</ele>
   </trkpt>
   <trkpt lat="38.1464680" lon="34.1707960">
    <ele>2025.2</ele>
   </trkpt>
   <trkpt lat="38.1464780" lon="34.1707970">
    <ele>2024.8</ele>
   </trkpt>
   <trkpt lat="38.1465080" lon="34.1707970">
    <ele>2023.6</ele>
   </trkpt>
   <trkpt lat="38.1465350" lon="34.1707930">
    <ele>2022.6</ele>
   </trkpt>
   <trkpt lat="38.1465440" lon="34.1707900">
    <ele>2022.2</ele>
   </trkpt>
   <trkpt lat="38.1465560" lon="34.1707800">
    <ele>2021.4</ele>
   </trkpt>
   <trkpt lat="38.1465850" lon="34.1707820">
    <ele>2020.8</ele>
   </trkpt>
   <trkpt lat="38.1466010" lon="34.1707870">
    <ele>2020.4</ele>
   </trkpt>
   <trkpt lat="38.1466390" lon="34.1708000">
    <ele>2019.0</ele>
   </trkpt>
   <trkpt lat="38.1466500" lon="34.1708010">
    <ele>2018.4</ele>
   </trkpt>
   <trkpt lat="38.1466610" lon="34.1708050">
    <ele>2018.0</ele>
   </trkpt>
   <trkpt lat="38.1467030" lon="34.1708010">
    <ele>2016.8</ele>
   </trkpt>
   <trkpt lat="38.1467110" lon="34.1708040">
    <ele>2016.6</ele>
   </trkpt>
   <trkpt lat="38.1467280" lon="34.1708010">
    <ele>2015.8</ele>
   </trkpt>
   <trkpt lat="38.1467700" lon="34.1707980">
    <ele>2014.8</ele>
   </trkpt>
   <trkpt lat="38.1467870" lon="34.1707910">
    <ele>2013.6</ele>
   </trkpt>
   <trkpt lat="38.1467930" lon="34.1707900">
    <ele>2013.4</ele>
   </trkpt>
   <trkpt lat="38.1468400" lon="34.1707830">
    <ele>2012.6</ele>
   </trkpt>
   <trkpt lat="38.1468530" lon="34.1707800">
    <ele>2012.0</ele>
   </trkpt>
   <trkpt lat="38.1468720" lon="34.1707730">
    <ele>2011.4</ele>
   </trkpt>
   <trkpt lat="38.1468960" lon="34.1707610">
    <ele>2010.6</ele>
   </trkpt>
   <trkpt lat="38.1469030" lon="34.1707560">
    <ele>2010.2</ele>
   </trkpt>
   <trkpt lat="38.1469310" lon="34.1707550">
    <ele>2009.4</ele>
   </trkpt>
   <trkpt lat="38.1469360" lon="34.1707540">
    <ele>2009.2</ele>
   </trkpt>
   <trkpt lat="38.1469590" lon="34.1707470">
    <ele>2008.0</ele>
   </trkpt>
   <trkpt lat="38.1469600" lon="34.1707470">
    <ele>2007.8</ele>
   </trkpt>
   <trkpt lat="38.1469930" lon="34.1707410">
    <ele>2007.2</ele>
   </trkpt>
   <trkpt lat="38.1470120" lon="34.1707410">
    <ele>2006.8</ele>
   </trkpt>
   <trkpt lat="38.1470420" lon="34.1707310">
    <ele>2005.6</ele>
   </trkpt>
   <trkpt lat="38.1470470" lon="34.1707300">
    <ele>2005.4</ele>
   </trkpt>
   <trkpt lat="38.1470680" lon="34.1707200">
    <ele>2004.4</ele>
   </trkpt>
   <trkpt lat="38.1470960" lon="34.1707060">
    <ele>2003.2</ele>
   </trkpt>
   <trkpt lat="38.1471030" lon="34.1707060">
    <ele>2003.0</ele>
   </trkpt>
   <trkpt lat="38.1471290" lon="34.1707010">
    <ele>2001.8</ele>
   </trkpt>
   <trkpt lat="38.1471460" lon="34.1707000">
    <ele>2000.4</ele>
   </trkpt>
   <trkpt lat="38.1471540" lon="34.1706960">
    <ele>1999.6</ele>
   </trkpt>
   <trkpt lat="38.1471550" lon="34.1706970">
    <ele>1999.4</ele>
   </trkpt>
   <trkpt lat="38.1471550" lon="34.1706960">
    <ele>1998.4</ele>
   </trkpt>
   <trkpt lat="38.1471960" lon="34.1706800">
    <ele>1997.2</ele>
   </trkpt>
   <trkpt lat="38.1472080" lon="34.1706750">
    <ele>1997.0</ele>
   </trkpt>
   <trkpt lat="38.1472500" lon="34.1706570">
    <ele>1996.2</ele>
   </trkpt>
   <trkpt lat="38.1472910" lon="34.1706460">
    <ele>1994.8</ele>
   </trkpt>
   <trkpt lat="38.1473100" lon="34.1706370">
    <ele>1993.6</ele>
   </trkpt>
   <trkpt lat="38.1473320" lon="34.1706320">
    <ele>1992.8</ele>
   </trkpt>
   <trkpt lat="38.1473380" lon="34.1706300">
    <ele>1992.6</ele>
   </trkpt>
   <trkpt lat="38.1473670" lon="34.1706190">
    <ele>1991.4</ele>
   </trkpt>
   <trkpt lat="38.1473710" lon="34.1706150">
    <ele>1991.0</ele>
   </trkpt>
   <trkpt lat="38.1473820" lon="34.1706080">
    <ele>1990.0</ele>
   </trkpt>
   <trkpt lat="38.1473830" lon="34.1706080">
    <ele>1990.0</ele>
   </trkpt>
   <trkpt lat="38.1473830" lon="34.1706080">
    <ele>1989.0</ele>
   </trkpt>
   <trkpt lat="38.1473890" lon="34.1706040">
    <ele>1987.8</ele>
   </trkpt>
   <trkpt lat="38.1474500" lon="34.1705780">
    <ele>1986.8</ele>
   </trkpt>
   <trkpt lat="38.1475130" lon="34.1705560">
    <ele>1985.8</ele>
   </trkpt>
   <trkpt lat="38.1475460" lon="34.1705550">
    <ele>1985.2</ele>
   </trkpt>
   <trkpt lat="38.1475580" lon="34.1705550">
    <ele>1984.8</ele>
   </trkpt>
   <trkpt lat="38.1475910" lon="34.1705510">
    <ele>1983.4</ele>
   </trkpt>
   <trkpt lat="38.1475990" lon="34.1705500">
    <ele>1983.4</ele>
   </trkpt>
   <trkpt lat="38.1476340" lon="34.1705470">
    <ele>1982.2</ele>
   </trkpt>
   <trkpt lat="38.1476440" lon="34.1705450">
    <ele>1982.0</ele>
   </trkpt>
   <trkpt lat="38.1476640" lon="34.1705390">
    <ele>1981.2</ele>
   </trkpt>
   <trkpt lat="38.1476740" lon="34.1705360">
    <ele>1981.0</ele>
   </trkpt>
   <trkpt lat="38.1476800" lon="34.1705350">
    <ele>1980.6</ele>
   </trkpt>
   <trkpt lat="38.1476820" lon="34.1705340">
    <ele>1980.6</ele>
   </trkpt>
   <trkpt lat="38.1476840" lon="34.1705320">
    <ele>1980.2</ele>
   </trkpt>
   <trkpt lat="38.1476840" lon="34.1705320">
    <ele>1980.2</ele>
   </trkpt>
   <trkpt lat="38.1476850" lon="34.1705310">
    <ele>1979.2</ele>
   </trkpt>
   <trkpt lat="38.1476940" lon="34.1705300">
    <ele>1979.0</ele>
   </trkpt>
   <trkpt lat="38.1477450" lon="34.1705180">
    <ele>1978.2</ele>
   </trkpt>
   <trkpt lat="38.1477450" lon="34.1705170">
    <ele>1978.0</ele>
   </trkpt>
   <trkpt lat="38.1477620" lon="34.1705130">
    <ele>1977.0</ele>
   </trkpt>
   <trkpt lat="38.1478270" lon="34.1704890">
    <ele>1976.0</ele>
   </trkpt>
   <trkpt lat="38.1478550" lon="34.1704810">
    <ele>1975.6</ele>
   </trkpt>
   <trkpt lat="38.1478990" lon="34.1704730">
    <ele>1974.6</ele>
   </trkpt>
   <trkpt lat="38.1479220" lon="34.1704750">
    <ele>1973.6</ele>
   </trkpt>
   <trkpt lat="38.1479620" lon="34.1704690">
    <ele>1972.4</ele>
   </trkpt>
   <trkpt lat="38.1480160" lon="34.1704760">
    <ele>1971.2</ele>
   </trkpt>
   <trkpt lat="38.1480370" lon="34.1704750">
    <ele>1970.2</ele>
   </trkpt>
   <trkpt lat="38.1480780" lon="34.1704650">
    <ele>1969.0</ele>
   </trkpt>
   <trkpt lat="38.1481040" lon="34.1704630">
    <ele>1967.8</ele>
   </trkpt>
   <trkpt lat="38.1481240" lon="34.1704600">
    <ele>1967.2</ele>
   </trkpt>
   <trkpt lat="38.1481390" lon="34.1704580">
    <ele>1966.8</ele>
   </trkpt>
   <trkpt lat="38.1481490" lon="34.1704550">
    <ele>1966.6</ele>
   </trkpt>
   <trkpt lat="38.1481630" lon="34.1704410">
    <ele>1966.2</ele>
   </trkpt>
   <trkpt lat="38.1481780" lon="34.1704330">
    <ele>1965.6</ele>
   </trkpt>
   <trkpt lat="38.1482200" lon="34.1704100">
    <ele>1964.4</ele>
   </trkpt>
   <trkpt lat="38.1482630" lon="34.1703950">
    <ele>1963.2</ele>
   </trkpt>
   <trkpt lat="38.1482820" lon="34.1703910">
    <ele>1962.6</ele>
   </trkpt>
   <trkpt lat="38.1483130" lon="34.1703790">
    <ele>1962.2</ele>
   </trkpt>
   <trkpt lat="38.1483400" lon="34.1703700">
    <ele>1961.2</ele>
   </trkpt>
   <trkpt lat="38.1483820" lon="34.1703540">
    <ele>1960.0</ele>
   </trkpt>
   <trkpt lat="38.1483980" lon="34.1703490">
    <ele>1959.6</ele>
   </trkpt>
   <trkpt lat="38.1484160" lon="34.1703420">
    <ele>1959.0</ele>
   </trkpt>
   <trkpt lat="38.1484240" lon="34.1703380">
    <ele>1958.0</ele>
   </trkpt>
   <trkpt lat="38.1484270" lon="34.1703370">
    <ele>1958.0</ele>
   </trkpt>
   <trkpt lat="38.1484750" lon="34.1703210">
    <ele>1956.6</ele>
   </trkpt>
   <trkpt lat="38.1485250" lon="34.1703130">
    <ele>1955.6</ele>
   </trkpt>
   <trkpt lat="38.1485620" lon="34.1702990">
    <ele>1954.6</ele>
   </trkpt>
   <trkpt lat="38.1485680" lon="34.1702970">
    <ele>1954.6</ele>
   </trkpt>
   <trkpt lat="38.1486040" lon="34.1702800">
    <ele>1953.2</ele>
   </trkpt>
   <trkpt lat="38.1486210" lon="34.1702760">
    <ele>1952.8</ele>
   </trkpt>
   <trkpt lat="38.1486320" lon="34.1702730">
    <ele>1952.4</ele>
   </trkpt>
   <trkpt lat="38.1486430" lon="34.1702720">
    <ele>1952.2</ele>
   </trkpt>
   <trkpt lat="38.1486740" lon="34.1702610">
    <ele>1951.0</ele>
   </trkpt>
   <trkpt lat="38.1486840" lon="34.1702550">
    <ele>1950.6</ele>
   </trkpt>
   <trkpt lat="38.1487030" lon="34.1702460">
    <ele>1950.0</ele>
   </trkpt>
   <trkpt lat="38.1487380" lon="34.1702370">
    <ele>1948.8</ele>
   </trkpt>
   <trkpt lat="38.1487520" lon="34.1702320">
    <ele>1948.2</ele>
   </trkpt>
   <trkpt lat="38.1487580" lon="34.1702280">
    <ele>1947.6</ele>
   </trkpt>
   <trkpt lat="38.1487890" lon="34.1702110">
    <ele>1946.6</ele>
   </trkpt>
   <trkpt lat="38.1488250" lon="34.1702000">
    <ele>1945.6</ele>
   </trkpt>
   <trkpt lat="38.1488530" lon="34.1701900">
    <ele>1944.4</ele>
   </trkpt>
   <trkpt lat="38.1488800" lon="34.1701760">
    <ele>1943.8</ele>
   </trkpt>
   <trkpt lat="38.1489030" lon="34.1701690">
    <ele>1943.2</ele>
   </trkpt>
   <trkpt lat="38.1489450" lon="34.1701550">
    <ele>1942.2</ele>
   </trkpt>
   <trkpt lat="38.1489560" lon="34.1701500">
    <ele>1942.0</ele>
   </trkpt>
   <trkpt lat="38.1489880" lon="34.1701320">
    <ele>1941.0</ele>
   </trkpt>
   <trkpt lat="38.1490600" lon="34.1700900">
    <ele>1939.6</ele>
   </trkpt>
   <trkpt lat="38.1490900" lon="34.1700760">
    <ele>1938.6</ele>
   </trkpt>
   <trkpt lat="38.1491120" lon="34.1700670">
    <ele>1938.0</ele>
   </trkpt>
   <trkpt lat="38.1491380" lon="34.1700560">
    <ele>1937.2</ele>
   </trkpt>
   <trkpt lat="38.1491800" lon="34.1700470">
    <ele>1936.2</ele>
   </trkpt>
   <trkpt lat="38.1491960" lon="34.1700380">
    <ele>1935.6</ele>
   </trkpt>
   <trkpt lat="38.1492150" lon="34.1700310">
    <ele>1935.0</ele>
   </trkpt>
   <trkpt lat="38.1492430" lon="34.1700200">
    <ele>1933.8</ele>
   </trkpt>
   <trkpt lat="38.1492790" lon="34.1700130">
    <ele>1933.0</ele>
   </trkpt>
   <trkpt lat="38.1492900" lon="34.1700120">
    <ele>1932.6</ele>
   </trkpt>
   <trkpt lat="38.1493210" lon="34.1700070">
    <ele>1931.6</ele>
   </trkpt>
   <trkpt lat="38.1493640" lon="34.1700090">
    <ele>1930.4</ele>
   </trkpt>
   <trkpt lat="38.1494060" lon="34.1700110">
    <ele>1929.4</ele>
   </trkpt>
   <trkpt lat="38.1494390" lon="34.1700120">
    <ele>1928.4</ele>
   </trkpt>
   <trkpt lat="38.1494480" lon="34.1700110">
    <ele>1928.0</ele>
   </trkpt>
   <trkpt lat="38.1494730" lon="34.1700080">
    <ele>1927.4</ele>
   </trkpt>
   <trkpt lat="38.1494800" lon="34.1700060">
    <ele>1927.2</ele>
   </trkpt>
   <trkpt lat="38.1495000" lon="34.1699970">
    <ele>1926.0</ele>
   </trkpt>
   <trkpt lat="38.1495290" lon="34.1699910">
    <ele>1925.4</ele>
   </trkpt>
   <trkpt lat="38.1495440" lon="34.1699870">
    <ele>1924.8</ele>
   </trkpt>
   <trkpt lat="38.1495830" lon="34.1699910">
    <ele>1923.6</ele>
   </trkpt>
   <trkpt lat="38.1496040" lon="34.1699840">
    <ele>1923.0</ele>
   </trkpt>
   <trkpt lat="38.1496220" lon="34.1699820">
    <ele>1922.4</ele>
   </trkpt>
   <trkpt lat="38.1496590" lon="34.1699750">
    <ele>1921.4</ele>
   </trkpt>
   <trkpt lat="38.1496850" lon="34.1699680">
    <ele>1920.4</ele>
   </trkpt>
   <trkpt lat="38.1497120" lon="34.1699650">
    <ele>1919.2</ele>
   </trkpt>
   <trkpt lat="38.1497350" lon="34.1699590">
    <ele>1918.6</ele>
   </trkpt>
   <trkpt lat="38.1497580" lon="34.1699510">
    <ele>1918.0</ele>
   </trkpt>
   <trkpt lat="38.1497840" lon="34.1699440">
    <ele>1917.0</ele>
   </trkpt>
   <trkpt lat="38.1498140" lon="34.1699320">
    <ele>1915.8</ele>
   </trkpt>
   <trkpt lat="38.1498260" lon="34.1699260">
    <ele>1915.0</ele>
   </trkpt>
   <trkpt lat="38.1498430" lon="34.1699190">
    <ele>1914.6</ele>
   </trkpt>
   <trkpt lat="38.1498740" lon="34.1699030">
    <ele>1913.4</ele>
   </trkpt>
   <trkpt lat="38.1499020" lon="34.1698920">
    <ele>1913.0</ele>
   </trkpt>
   <trkpt lat="38.1499360" lon="34.1698770">
    <ele>1912.2</ele>
   </trkpt>
   <trkpt lat="38.1499810" lon="34.1698660">
    <ele>1911.0</ele>
   </trkpt>
   <trkpt lat="38.1499960" lon="34.1698590">
    <ele>1910.4</ele>
   </trkpt>
   <trkpt lat="38.1500140" lon="34.1698410">
    <ele>1910.0</ele>
   </trkpt>
   <trkpt lat="38.1500570" lon="34.1697980">
    <ele>1908.6</ele>
   </trkpt>
   <trkpt lat="38.1500660" lon="34.1697890">
    <ele>1908.2</ele>
   </trkpt>
   <trkpt lat="38.1500940" lon="34.1697730">
    <ele>1907.4</ele>
   </trkpt>
   <trkpt lat="38.1501220" lon="34.1697520">
    <ele>1906.4</ele>
   </trkpt>
   <trkpt lat="38.1501300" lon="34.1697470">
    <ele>1906.0</ele>
   </trkpt>
   <trkpt lat="38.1501380" lon="34.1697430">
    <ele>1905.8</ele>
   </trkpt>
   <trkpt lat="38.1501620" lon="34.1697290">
    <ele>1905.0</ele>
   </trkpt>
   <trkpt lat="38.1501970" lon="34.1697140">
    <ele>1903.8</ele>
   </trkpt>
   <trkpt lat="38.1502060" lon="34.1697120">
    <ele>1903.6</ele>
   </trkpt>
   <trkpt lat="38.1502270" lon="34.1696990">
    <ele>1902.8</ele>
   </trkpt>
   <trkpt lat="38.1502710" lon="34.1696770">
    <ele>1901.8</ele>
   </trkpt>
   <trkpt lat="38.1502770" lon="34.1696710">
    <ele>1901.6</ele>
   </trkpt>
   <trkpt lat="38.1503120" lon="34.1696440">
    <ele>1901.0</ele>
   </trkpt>
   <trkpt lat="38.1503290" lon="34.1696330">
    <ele>1900.6</ele>
   </trkpt>
   <trkpt lat="38.1503480" lon="34.1696250">
    <ele>1900.4</ele>
   </trkpt>
   <trkpt lat="38.1503520" lon="34.1696230">
    <ele>1899.4</ele>
   </trkpt>
   <trkpt lat="38.1503580" lon="34.1696190">
    <ele>1899.0</ele>
   </trkpt>
   <trkpt lat="38.1503980" lon="34.1695960">
    <ele>1898.2</ele>
   </trkpt>
   <trkpt lat="38.1504270" lon="34.1695760">
    <ele>1897.6</ele>
   </trkpt>
   <trkpt lat="38.1504470" lon="34.1695690">
    <ele>1897.0</ele>
   </trkpt>
   <trkpt lat="38.1504750" lon="34.1695570">
    <ele>1896.0</ele>
   </trkpt>
   <trkpt lat="38.1504830" lon="34.1695540">
    <ele>1895.8</ele>
   </trkpt>
   <trkpt lat="38.1505050" lon="34.1695400">
    <ele>1895.0</ele>
   </trkpt>
   <trkpt lat="38.1505240" lon="34.1695280">
    <ele>1894.2</ele>
   </trkpt>
   <trkpt lat="38.1505400" lon="34.1695230">
    <ele>1893.8</ele>
   </trkpt>
   <trkpt lat="38.1505630" lon="34.1695160">
    <ele>1893.2</ele>
   </trkpt>
   <trkpt lat="38.1505750" lon="34.1695110">
    <ele>1892.8</ele>
   </trkpt>
   <trkpt lat="38.1505790" lon="34.1695100">
    <ele>1892.6</ele>
   </trkpt>
   <trkpt lat="38.1506150" lon="34.1694940">
    <ele>1891.6</ele>
   </trkpt>
   <trkpt lat="38.1506490" lon="34.1694810">
    <ele>1890.6</ele>
   </trkpt>
   <trkpt lat="38.1506610" lon="34.1694720">
    <ele>1890.2</ele>
   </trkpt>
   <trkpt lat="38.1506890" lon="34.1694610">
    <ele>1889.2</ele>
   </trkpt>
   <trkpt lat="38.1507110" lon="34.1694510">
    <ele>1888.2</ele>
   </trkpt>
   <trkpt lat="38.1507140" lon="34.1694510">
    <ele>1887.8</ele>
   </trkpt>
   <trkpt lat="38.1507490" lon="34.1694450">
    <ele>1887.0</ele>
   </trkpt>
   <trkpt lat="38.1507570" lon="34.1694410">
    <ele>1886.8</ele>
   </trkpt>
   <trkpt lat="38.1507890" lon="34.1694310">
    <ele>1885.8</ele>
   </trkpt>
   <trkpt lat="38.1508130" lon="34.1694250">
    <ele>1885.0</ele>
   </trkpt>
   <trkpt lat="38.1508230" lon="34.1694210">
    <ele>1884.4</ele>
   </trkpt>
   <trkpt lat="38.1508430" lon="34.1694150">
    <ele>1883.8</ele>
   </trkpt>
   <trkpt lat="38.1508470" lon="34.1694120">
    <ele>1883.4</ele>
   </trkpt>
   <trkpt lat="38.1508740" lon="34.1694060">
    <ele>1882.8</ele>
   </trkpt>
   <trkpt lat="38.1509010" lon="34.1693980">
    <ele>1882.2</ele>
   </trkpt>
   <trkpt lat="38.1509350" lon="34.1693820">
    <ele>1881.2</ele>
   </trkpt>
   <trkpt lat="38.1509560" lon="34.1693740">
    <ele>1880.2</ele>
   </trkpt>
   <trkpt lat="38.1509700" lon="34.1693700">
    <ele>1879.8</ele>
   </trkpt>
   <trkpt lat="38.1509780" lon="34.1693680">
    <ele>1879.4</ele>
   </trkpt>
   <trkpt lat="38.1509790" lon="34.1693680">
    <ele>1879.2</ele>
   </trkpt>
   <trkpt lat="38.1509920" lon="34.1693630">
    <ele>1878.8</ele>
   </trkpt>
   <trkpt lat="38.1510470" lon="34.1693450">
    <ele>1878.0</ele>
   </trkpt>
   <trkpt lat="38.1510590" lon="34.1693390">
    <ele>1877.6</ele>
   </trkpt>
   <trkpt lat="38.1510860" lon="34.1693320">
    <ele>1876.8</ele>
   </trkpt>
   <trkpt lat="38.1511270" lon="34.1693240">
    <ele>1875.8</ele>
   </trkpt>
   <trkpt lat="38.1511620" lon="34.1693170">
    <ele>1874.6</ele>
   </trkpt>
   <trkpt lat="38.1512010" lon="34.1693100">
    <ele>1873.4</ele>
   </trkpt>
   <trkpt lat="38.1512280" lon="34.1693030">
    <ele>1872.2</ele>
   </trkpt>
   <trkpt lat="38.1512600" lon="34.1693030">
    <ele>1871.2</ele>
   </trkpt>
   <trkpt lat="38.1512960" lon="34.1693030">
    <ele>1870.0</ele>
   </trkpt>
   <trkpt lat="38.1513300" lon="34.1693030">
    <ele>1869.0</ele>
   </trkpt>
   <trkpt lat="38.1513660" lon="34.1693100">
    <ele>1868.0</ele>
   </trkpt>
   <trkpt lat="38.1513710" lon="34.1693090">
    <ele>1867.8</ele>
   </trkpt>
   <trkpt lat="38.1514090" lon="34.1693110">
    <ele>1866.8</ele>
   </trkpt>
   <trkpt lat="38.1514350" lon="34.1693170">
    <ele>1865.8</ele>
   </trkpt>
   <trkpt lat="38.1514480" lon="34.1693160">
    <ele>1865.6</ele>
   </trkpt>
   <trkpt lat="38.1514580" lon="34.1693170">
    <ele>1865.2</ele>
   </trkpt>
   <trkpt lat="38.1514610" lon="34.1693180">
    <ele>1865.0</ele>
   </trkpt>
   <trkpt lat="38.1514630" lon="34.1693170">
    <ele>1864.8</ele>
   </trkpt>
   <trkpt lat="38.1514700" lon="34.1693160">
    <ele>1864.6</ele>
   </trkpt>
   <trkpt lat="38.1514880" lon="34.1693150">
    <ele>1864.4</ele>
   </trkpt>
   <trkpt lat="38.1514940" lon="34.1693150">
    <ele>1864.2</ele>
   </trkpt>
   <trkpt lat="38.1515270" lon="34.1693240">
    <ele>1863.6</ele>
   </trkpt>
   <trkpt lat="38.1515470" lon="34.1693270">
    <ele>1863.0</ele>
   </trkpt>
   <trkpt lat="38.1515540" lon="34.1693280">
    <ele>1862.6</ele>
   </trkpt>
   <trkpt lat="38.1515620" lon="34.1693290">
    <ele>1862.4</ele>
   </trkpt>
   <trkpt lat="38.1515670" lon="34.1693300">
    <ele>1862.2</ele>
   </trkpt>
   <trkpt lat="38.1515870" lon="34.1693300">
    <ele>1861.6</ele>
   </trkpt>
   <trkpt lat="38.1515930" lon="34.1693310">
    <ele>1861.4</ele>
   </trkpt>
   <trkpt lat="38.1516340" lon="34.1693430">
    <ele>1860.4</ele>
   </trkpt>
   <trkpt lat="38.1516480" lon="34.1693420">
    <ele>1860.0</ele>
   </trkpt>
   <trkpt lat="38.1516670" lon="34.1693440">
    <ele>1859.2</ele>
   </trkpt>
   <trkpt lat="38.1516940" lon="34.1693530">
    <ele>1858.2</ele>
   </trkpt>
   <trkpt lat="38.1517200" lon="34.1693670">
    <ele>1857.8</ele>
   </trkpt>
   <trkpt lat="38.1517460" lon="34.1693690">
    <ele>1857.0</ele>
   </trkpt>
   <trkpt lat="38.1517850" lon="34.1693680">
    <ele>1856.0</ele>
   </trkpt>
   <trkpt lat="38.1518310" lon="34.1693770">
    <ele>1854.6</ele>
   </trkpt>
   <trkpt lat="38.1518620" lon="34.1693800">
    <ele>1853.8</ele>
   </trkpt>
   <trkpt lat="38.1518800" lon="34.1693840">
    <ele>1853.6</ele>
   </trkpt>
   <trkpt lat="38.1519140" lon="34.1694140">
    <ele>1853.2</ele>
   </trkpt>
   <trkpt lat="38.1519570" lon="34.1694460">
    <ele>1852.4</ele>
   </trkpt>
   <trkpt lat="38.1519820" lon="34.1694550">
    <ele>1852.0</ele>
   </trkpt>
   <trkpt lat="38.1519890" lon="34.1694570">
    <ele>1852.0</ele>
   </trkpt>
   <trkpt lat="38.1520000" lon="34.1694640">
    <ele>1851.4</ele>
   </trkpt>
   <trkpt lat="38.1520300" lon="34.1694800">
    <ele>1850.2</ele>
   </trkpt>
   <trkpt lat="38.1520590" lon="34.1694810">
    <ele>1849.4</ele>
   </trkpt>
   <trkpt lat="38.1520700" lon="34.1694820">
    <ele>1849.0</ele>
   </trkpt>
   <trkpt lat="38.1520990" lon="34.1694910">
    <ele>1847.8</ele>
   </trkpt>
   <trkpt lat="38.1521370" lon="34.1694840">
    <ele>1846.6</ele>
   </trkpt>
   <trkpt lat="38.1521440" lon="34.1694820">
    <ele>1846.6</ele>
   </trkpt>
   <trkpt lat="38.1521990" lon="34.1694650">
    <ele>1845.6</ele>
   </trkpt>
   <trkpt lat="38.1522250" lon="34.1694600">
    <ele>1844.8</ele>
   </trkpt>
   <trkpt lat="38.1522440" lon="34.1694570">
    <ele>1844.4</ele>
   </trkpt>
   <trkpt lat="38.1522840" lon="34.1694500">
    <ele>1843.6</ele>
   </trkpt>
   <trkpt lat="38.1522910" lon="34.1694490">
    <ele>1843.4</ele>
   </trkpt>
   <trkpt lat="38.1523210" lon="34.1694430">
    <ele>1842.8</ele>
   </trkpt>
   <trkpt lat="38.1523460" lon="34.1694390">
    <ele>1842.2</ele>
   </trkpt>
   <trkpt lat="38.1523790" lon="34.1694300">
    <ele>1841.8</ele>
   </trkpt>
   <trkpt lat="38.1524000" lon="34.1694280">
    <ele>1841.4</ele>
   </trkpt>
   <trkpt lat="38.1524050" lon="34.1694240">
    <ele>1841.2</ele>
   </trkpt>
   <trkpt lat="38.1524240" lon="34.1694200">
    <ele>1840.2</ele>
   </trkpt>
   <trkpt lat="38.1524540" lon="34.1694120">
    <ele>1839.2</ele>
   </trkpt>
   <trkpt lat="38.1524630" lon="34.1694120">
    <ele>1839.0</ele>
   </trkpt>
   <trkpt lat="38.1525030" lon="34.1694020">
    <ele>1838.0</ele>
   </trkpt>
   <trkpt lat="38.1525090" lon="34.1694010">
    <ele>1837.6</ele>
   </trkpt>
   <trkpt lat="38.1525280" lon="34.1693980">
    <ele>1837.4</ele>
   </trkpt>
   <trkpt lat="38.1525430" lon="34.1693970">
    <ele>1836.8</ele>
   </trkpt>
   <trkpt lat="38.1525740" lon="34.1693930">
    <ele>1835.8</ele>
   </trkpt>
   <trkpt lat="38.1525900" lon="34.1693920">
    <ele>1835.2</ele>
   </trkpt>
   <trkpt lat="38.1525990" lon="34.1693890">
    <ele>1834.6</ele>
   </trkpt>
   <trkpt lat="38.1526350" lon="34.1693820">
    <ele>1833.4</ele>
   </trkpt>
   <trkpt lat="38.1526690" lon="34.1693830">
    <ele>1832.4</ele>
   </trkpt>
   <trkpt lat="38.1526750" lon="34.1693810">
    <ele>1832.2</ele>
   </trkpt>
   <trkpt lat="38.1527040" lon="34.1693860">
    <ele>1831.2</ele>
   </trkpt>
   <trkpt lat="38.1527410" lon="34.1693810">
    <ele>1830.0</ele>
   </trkpt>
   <trkpt lat="38.1527510" lon="34.1693800">
    <ele>1829.4</ele>
   </trkpt>
   <trkpt lat="38.1527540" lon="34.1693800">
    <ele>1828.8</ele>
   </trkpt>
   <trkpt lat="38.1527570" lon="34.1693790">
    <ele>1828.8</ele>
   </trkpt>
   <trkpt lat="38.1527620" lon="34.1693780">
    <ele>1828.8</ele>
   </trkpt>
   <trkpt lat="38.1527690" lon="34.1693780">
    <ele>1828.8</ele>
   </trkpt>
   <trkpt lat="38.1527830" lon="34.1693740">
    <ele>1828.6</ele>
   </trkpt>
   <trkpt lat="38.1527980" lon="34.1693720">
    <ele>1828.2</ele>
   </trkpt>
   <trkpt lat="38.1528210" lon="34.1693630">
    <ele>1827.8</ele>
   </trkpt>
   <trkpt lat="38.1528520" lon="34.1693590">
    <ele>1827.0</ele>
   </trkpt>
   <trkpt lat="38.1528590" lon="34.1693580">
    <ele>1826.6</ele>
   </trkpt>
   <trkpt lat="38.1528660" lon="34.1693540">
    <ele>1826.2</ele>
   </trkpt>
   <trkpt lat="38.1528800" lon="34.1693530">
    <ele>1825.4</ele>
   </trkpt>
   <trkpt lat="38.1528890" lon="34.1693530">
    <ele>1825.0</ele>
   </trkpt>
   <trkpt lat="38.1529050" lon="34.1693520">
    <ele>1824.8</ele>
   </trkpt>
   <trkpt lat="38.1529320" lon="34.1693410">
    <ele>1824.4</ele>
   </trkpt>
   <trkpt lat="38.1529740" lon="34.1693420">
    <ele>1823.4</ele>
   </trkpt>
   <trkpt lat="38.1529770" lon="34.1693430">
    <ele>1823.0</ele>
   </trkpt>
   <trkpt lat="38.1530030" lon="34.1693530">
    <ele>1822.2</ele>
   </trkpt>
   <trkpt lat="38.1530420" lon="34.1693580">
    <ele>1821.0</ele>
   </trkpt>
   <trkpt lat="38.1530640" lon="34.1693590">
    <ele>1820.0</ele>
   </trkpt>
   <trkpt lat="38.1531070" lon="34.1693630">
    <ele>1818.8</ele>
   </trkpt>
   <trkpt lat="38.1531220" lon="34.1693650">
    <ele>1818.4</ele>
   </trkpt>
   <trkpt lat="38.1531360" lon="34.1693660">
    <ele>1817.8</ele>
   </trkpt>
   <trkpt lat="38.1531690" lon="34.1693740">
    <ele>1816.6</ele>
   </trkpt>
   <trkpt lat="38.1531900" lon="34.1693790">
    <ele>1816.0</ele>
   </trkpt>
   <trkpt lat="38.1532010" lon="34.1693850">
    <ele>1815.6</ele>
   </trkpt>
   <trkpt lat="38.1532080" lon="34.1693880">
    <ele>1815.4</ele>
   </trkpt>
   <trkpt lat="38.1532450" lon="34.1693900">
    <ele>1814.4</ele>
   </trkpt>
   <trkpt lat="38.1532740" lon="34.1693780">
    <ele>1813.6</ele>
   </trkpt>
   <trkpt lat="38.1532820" lon="34.1693780">
    <ele>1813.4</ele>
   </trkpt>
   <trkpt lat="38.1533400" lon="34.1693610">
    <ele>1812.4</ele>
   </trkpt>
   <trkpt lat="38.1533820" lon="34.1693550">
    <ele>1811.0</ele>
   </trkpt>
   <trkpt lat="38.1533950" lon="34.1693540">
    <ele>1809.8</ele>
   </trkpt>
   <trkpt lat="38.1534330" lon="34.1693600">
    <ele>1809.0</ele>
   </trkpt>
   <trkpt lat="38.1534390" lon="34.1693610">
    <ele>1808.6</ele>
   </trkpt>
   <trkpt lat="38.1534680" lon="34.1693640">
    <ele>1807.6</ele>
   </trkpt>
   <trkpt lat="38.1535000" lon="34.1693600">
    <ele>1806.4</ele>
   </trkpt>
   <trkpt lat="38.1535240" lon="34.1693590">
    <ele>1805.4</ele>
   </trkpt>
   <trkpt lat="38.1535410" lon="34.1693590">
    <ele>1804.8</ele>
   </trkpt>
   <trkpt lat="38.1535530" lon="34.1693580">
    <ele>1804.2</ele>
   </trkpt>
   <trkpt lat="38.1535570" lon="34.1693610">
    <ele>1804.0</ele>
   </trkpt>
   <trkpt lat="38.1535770" lon="34.1693670">
    <ele>1803.0</ele>
   </trkpt>
   <trkpt lat="38.1535880" lon="34.1693660">
    <ele>1802.6</ele>
   </trkpt>
   <trkpt lat="38.1536100" lon="34.1693690">
    <ele>1802.0</ele>
   </trkpt>
   <trkpt lat="38.1536200" lon="34.1693750">
    <ele>1801.4</ele>
   </trkpt>
   <trkpt lat="38.1536460" lon="34.1693840">
    <ele>1800.8</ele>
   </trkpt>
   <trkpt lat="38.1536700" lon="34.1693920">
    <ele>1800.4</ele>
   </trkpt>
   <trkpt lat="38.1536860" lon="34.1694050">
    <ele>1799.6</ele>
   </trkpt>
   <trkpt lat="38.1537070" lon="34.1694090">
    <ele>1798.6</ele>
   </trkpt>
   <trkpt lat="38.1537110" lon="34.1694110">
    <ele>1798.4</ele>
   </trkpt>
   <trkpt lat="38.1537520" lon="34.1694110">
    <ele>1797.4</ele>
   </trkpt>
   <trkpt lat="38.1537820" lon="34.1694110">
    <ele>1796.4</ele>
   </trkpt>
   <trkpt lat="38.1537840" lon="34.1694120">
    <ele>1796.0</ele>
   </trkpt>
   <trkpt lat="38.1537990" lon="34.1694120">
    <ele>1795.2</ele>
   </trkpt>
   <trkpt lat="38.1538270" lon="34.1694070">
    <ele>1794.2</ele>
   </trkpt>
   <trkpt lat="38.1538680" lon="34.1694070">
    <ele>1793.0</ele>
   </trkpt>
   <trkpt lat="38.1538960" lon="34.1694150">
    <ele>1792.0</ele>
   </trkpt>
   <trkpt lat="38.1539300" lon="34.1694240">
    <ele>1791.0</ele>
   </trkpt>
   <trkpt lat="38.1539350" lon="34.1694250">
    <ele>1790.6</ele>
   </trkpt>
   <trkpt lat="38.1539770" lon="34.1694160">
    <ele>1789.8</ele>
   </trkpt>
   <trkpt lat="38.1539840" lon="34.1694150">
    <ele>1789.4</ele>
   </trkpt>
   <trkpt lat="38.1540260" lon="34.1694130">
    <ele>1788.4</ele>
   </trkpt>
   <trkpt lat="38.1540450" lon="34.1694150">
    <ele>1787.2</ele>
   </trkpt>
   <trkpt lat="38.1540460" lon="34.1694140">
    <ele>1786.8</ele>
   </trkpt>
   <trkpt lat="38.1540490" lon="34.1694140">
    <ele>1786.8</ele>
   </trkpt>
   <trkpt lat="38.1540890" lon="34.1694270">
    <ele>1786.2</ele>
   </trkpt>
   <trkpt lat="38.1540970" lon="34.1694260">
    <ele>1786.0</ele>
   </trkpt>
   <trkpt lat="38.1541260" lon="34.1694250">
    <ele>1785.0</ele>
   </trkpt>
   <trkpt lat="38.1541740" lon="34.1694260">
    <ele>1784.2</ele>
   </trkpt>
   <trkpt lat="38.1541920" lon="34.1694240">
    <ele>1784.0</ele>
   </trkpt>
   <trkpt lat="38.1542100" lon="34.1694200">
    <ele>1783.4</ele>
   </trkpt>
   <trkpt lat="38.1542340" lon="34.1694130">
    <ele>1783.0</ele>
   </trkpt>
   <trkpt lat="38.1542570" lon="34.1694080">
    <ele>1782.8</ele>
   </trkpt>
   <trkpt lat="38.1542710" lon="34.1694090">
    <ele>1782.4</ele>
   </trkpt>
   <trkpt lat="38.1542760" lon="34.1694070">
    <ele>1782.4</ele>
   </trkpt>
   <trkpt lat="38.1542870" lon="34.1694020">
    <ele>1781.8</ele>
   </trkpt>
   <trkpt lat="38.1542990" lon="34.1693990">
    <ele>1781.2</ele>
   </trkpt>
   <trkpt lat="38.1543160" lon="34.1693980">
    <ele>1780.8</ele>
   </trkpt>
   <trkpt lat="38.1543460" lon="34.1693890">
    <ele>1780.2</ele>
   </trkpt>
   <trkpt lat="38.1543610" lon="34.1693820">
    <ele>1779.8</ele>
   </trkpt>
   <trkpt lat="38.1543920" lon="34.1693730">
    <ele>1779.0</ele>
   </trkpt>
   <trkpt lat="38.1544010" lon="34.1693690">
    <ele>1778.8</ele>
   </trkpt>
   <trkpt lat="38.1544370" lon="34.1693760">
    <ele>1777.6</ele>
   </trkpt>
   <trkpt lat="38.1544630" lon="34.1693780">
    <ele>1776.6</ele>
   </trkpt>
   <trkpt lat="38.1545070" lon="34.1693720">
    <ele>1775.8</ele>
   </trkpt>
   <trkpt lat="38.1545160" lon="34.1693730">
    <ele>1775.6</ele>
   </trkpt>
   <trkpt lat="38.1545210" lon="34.1693710">
    <ele>1775.4</ele>
   </trkpt>
   <trkpt lat="38.1545480" lon="34.1693740">
    <ele>1774.6</ele>
   </trkpt>
   <trkpt lat="38.1545560" lon="34.1693740">
    <ele>1774.0</ele>
   </trkpt>
   <trkpt lat="38.1545700" lon="34.1693750">
    <ele>1773.2</ele>
   </trkpt>
   <trkpt lat="38.1545950" lon="34.1693750">
    <ele>1772.2</ele>
   </trkpt>
   <trkpt lat="38.1546010" lon="34.1693750">
    <ele>1772.0</ele>
   </trkpt>
   <trkpt lat="38.1546230" lon="34.1693800">
    <ele>1770.8</ele>
   </trkpt>
   <trkpt lat="38.1546310" lon="34.1693820">
    <ele>1770.6</ele>
   </trkpt>
   <trkpt lat="38.1546500" lon="34.1693870">
    <ele>1769.6</ele>
   </trkpt>
   <trkpt lat="38.1546710" lon="34.1693900">
    <ele>1769.0</ele>
   </trkpt>
   <trkpt lat="38.1546890" lon="34.1693920">
    <ele>1768.6</ele>
   </trkpt>
   <trkpt lat="38.1547250" lon="34.1694020">
    <ele>1767.6</ele>
   </trkpt>
   <trkpt lat="38.1547340" lon="34.1694010">
    <ele>1767.4</ele>
   </trkpt>
   <trkpt lat="38.1547760" lon="34.1693980">
    <ele>1766.6</ele>
   </trkpt>
   <trkpt lat="38.1547900" lon="34.1693980">
    <ele>1766.4</ele>
   </trkpt>
   <trkpt lat="38.1548090" lon="34.1694000">
    <ele>1765.4</ele>
   </trkpt>
   <trkpt lat="38.1548370" lon="34.1694000">
    <ele>1764.6</ele>
   </trkpt>
   <trkpt lat="38.1548480" lon="34.1694030">
    <ele>1764.4</ele>
   </trkpt>
   <trkpt lat="38.1548820" lon="34.1694090">
    <ele>1763.2</ele>
   </trkpt>
   <trkpt lat="38.1549090" lon="34.1694130">
    <ele>1762.4</ele>
   </trkpt>
   <trkpt lat="38.1549130" lon="34.1694140">
    <ele>1762.2</ele>
   </trkpt>
   <trkpt lat="38.1549570" lon="34.1694190">
    <ele>1761.0</ele>
   </trkpt>
   <trkpt lat="38.1549710" lon="34.1694180">
    <ele>1760.6</ele>
   </trkpt>
   <trkpt lat="38.1549970" lon="34.1694170">
    <ele>1760.0</ele>
   </trkpt>
   <trkpt lat="38.1550230" lon="34.1694240">
    <ele>1759.0</ele>
   </trkpt>
   <trkpt lat="38.1550480" lon="34.1694370">
    <ele>1758.2</ele>
   </trkpt>
   <trkpt lat="38.1550540" lon="34.1694380">
    <ele>1757.8</ele>
   </trkpt>
   <trkpt lat="38.1550980" lon="34.1694350">
    <ele>1756.6</ele>
   </trkpt>
   <trkpt lat="38.1551070" lon="34.1694370">
    <ele>1756.2</ele>
   </trkpt>
   <trkpt lat="38.1551510" lon="34.1694420">
    <ele>1755.4</ele>
   </trkpt>
   <trkpt lat="38.1551670" lon="34.1694430">
    <ele>1755.0</ele>
   </trkpt>
   <trkpt lat="38.1551820" lon="34.1694430">
    <ele>1754.4</ele>
   </trkpt>
   <trkpt lat="38.1552060" lon="34.1694480">
    <ele>1753.4</ele>
   </trkpt>
   <trkpt lat="38.1552300" lon="34.1694510">
    <ele>1752.6</ele>
   </trkpt>
   <trkpt lat="38.1552500" lon="34.1694510">
    <ele>1752.2</ele>
   </trkpt>
   <trkpt lat="38.1552770" lon="34.1694550">
    <ele>1751.2</ele>
   </trkpt>
   <trkpt lat="38.1552810" lon="34.1694550">
    <ele>1751.0</ele>
   </trkpt>
   <trkpt lat="38.1553260" lon="34.1694510">
    <ele>1750.0</ele>
   </trkpt>
   <trkpt lat="38.1553510" lon="34.1694500">
    <ele>1749.2</ele>
   </trkpt>
   <trkpt lat="38.1553680" lon="34.1694450">
    <ele>1748.8</ele>
   </trkpt>
   <trkpt lat="38.1553760" lon="34.1694440">
    <ele>1748.6</ele>
   </trkpt>
   <trkpt lat="38.1554030" lon="34.1694440">
    <ele>1747.8</ele>
   </trkpt>
   <trkpt lat="38.1554200" lon="34.1694450">
    <ele>1747.6</ele>
   </trkpt>
   <trkpt lat="38.1554510" lon="34.1694470">
    <ele>1746.6</ele>
   </trkpt>
   <trkpt lat="38.1554830" lon="34.1694460">
    <ele>1746.0</ele>
   </trkpt>
   <trkpt lat="38.1555020" lon="34.1694430">
    <ele>1745.4</ele>
   </trkpt>
   <trkpt lat="38.1555430" lon="34.1694420">
    <ele>1744.2</ele>
   </trkpt>
   <trkpt lat="38.1555980" lon="34.1694460">
    <ele>1743.0</ele>
   </trkpt>
   <trkpt lat="38.1556110" lon="34.1694440">
    <ele>1742.8</ele>
   </trkpt>
   <trkpt lat="38.1556380" lon="34.1694440">
    <ele>1741.8</ele>
   </trkpt>
   <trkpt lat="38.1556910" lon="34.1694460">
    <ele>1740.6</ele>
   </trkpt>
   <trkpt lat="38.1556970" lon="34.1694470">
    <ele>1740.4</ele>
   </trkpt>
   <trkpt lat="38.1557170" lon="34.1694500">
    <ele>1739.6</ele>
   </trkpt>
   <trkpt lat="38.1557470" lon="34.1694550">
    <ele>1738.4</ele>
   </trkpt>
   <trkpt lat="38.1557730" lon="34.1694610">
    <ele>1738.0</ele>
   </trkpt>
   <trkpt lat="38.1558050" lon="34.1694680">
    <ele>1737.4</ele>
   </trkpt>
   <trkpt lat="38.1558470" lon="34.1694790">
    <ele>1736.0</ele>
   </trkpt>
   <trkpt lat="38.1558980" lon="34.1694830">
    <ele>1734.8</ele>
   </trkpt>
   <trkpt lat="38.1559400" lon="34.1694870">
    <ele>1733.8</ele>
   </trkpt>
   <trkpt lat="38.1559760" lon="34.1694920">
    <ele>1733.0</ele>
   </trkpt>
   <trkpt lat="38.1559930" lon="34.1694980">
    <ele>1732.6</ele>
   </trkpt>
   <trkpt lat="38.1560510" lon="34.1695080">
    <ele>1731.4</ele>
   </trkpt>
   <trkpt lat="38.1560830" lon="34.1695190">
    <ele>1731.0</ele>
   </trkpt>
   <trkpt lat="38.1561110" lon="34.1695310">
    <ele>1730.2</ele>
   </trkpt>
   <trkpt lat="38.1561500" lon="34.1695480">
    <ele>1729.2</ele>
   </trkpt>
   <trkpt lat="38.1561820" lon="34.1695520">
    <ele>1728.6</ele>
   </trkpt>
   <trkpt lat="38.1562030" lon="34.1695500">
    <ele>1727.8</ele>
   </trkpt>
   <trkpt lat="38.1562540" lon="34.1695480">
    <ele>1726.8</ele>
   </trkpt>
   <trkpt lat="38.1562790" lon="34.1695600">
    <ele>1726.0</ele>
   </trkpt>
   <trkpt lat="38.1562870" lon="34.1695640">
    <ele>1725.4</ele>
   </trkpt>
   <trkpt lat="38.1563080" lon="34.1695750">
    <ele>1724.6</ele>
   </trkpt>
   <trkpt lat="38.1563140" lon="34.1695750">
    <ele>1724.4</ele>
   </trkpt>
   <trkpt lat="38.1563200" lon="34.1695780">
    <ele>1724.2</ele>
   </trkpt>
   <trkpt lat="38.1563610" lon="34.1695930">
    <ele>1723.2</ele>
   </trkpt>
   <trkpt lat="38.1563920" lon="34.1696050">
    <ele>1722.2</ele>
   </trkpt>
   <trkpt lat="38.1564320" lon="34.1696140">
    <ele>1721.2</ele>
   </trkpt>
   <trkpt lat="38.1564450" lon="34.1696160">
    <ele>1720.8</ele>
   </trkpt>
   <trkpt lat="38.1564820" lon="34.1696220">
    <ele>1719.8</ele>
   </trkpt>
   <trkpt lat="38.1565120" lon="34.1696230">
    <ele>1719.2</ele>
   </trkpt>
   <trkpt lat="38.1565270" lon="34.1696240">
    <ele>1718.8</ele>
   </trkpt>
   <trkpt lat="38.1565950" lon="34.1696190">
    <ele>1717.6</ele>
   </trkpt>
   <trkpt lat="38.1566440" lon="34.1696230">
    <ele>1716.6</ele>
   </trkpt>
   <trkpt lat="38.1566810" lon="34.1696400">
    <ele>1715.6</ele>
   </trkpt>
   <trkpt lat="38.1566880" lon="34.1696420">
    <ele>1715.2</ele>
   </trkpt>
   <trkpt lat="38.1567190" lon="34.1696490">
    <ele>1714.6</ele>
   </trkpt>
   <trkpt lat="38.1567630" lon="34.1696570">
    <ele>1713.4</ele>
   </trkpt>
   <trkpt lat="38.1567690" lon="34.1696550">
    <ele>1713.2</ele>
   </trkpt>
   <trkpt lat="38.1568000" lon="34.1696680">
    <ele>1712.2</ele>
   </trkpt>
   <trkpt lat="38.1568140" lon="34.1696700">
    <ele>1711.8</ele>
   </trkpt>
   <trkpt lat="38.1568630" lon="34.1696730">
    <ele>1711.0</ele>
   </trkpt>
   <trkpt lat="38.1568920" lon="34.1696790">
    <ele>1710.6</ele>
   </trkpt>
   <trkpt lat="38.1569070" lon="34.1696770">
    <ele>1710.0</ele>
   </trkpt>
   <trkpt lat="38.1569480" lon="34.1696810">
    <ele>1708.8</ele>
   </trkpt>
   <trkpt lat="38.1569930" lon="34.1696810">
    <ele>1708.2</ele>
   </trkpt>
   <trkpt lat="38.1570020" lon="34.1696840">
    <ele>1707.8</ele>
   </trkpt>
   <trkpt lat="38.1570100" lon="34.1696860">
    <ele>1707.6</ele>
   </trkpt>
   <trkpt lat="38.1570450" lon="34.1696970">
    <ele>1706.8</ele>
   </trkpt>
   <trkpt lat="38.1570750" lon="34.1697200">
    <ele>1705.8</ele>
   </trkpt>
   <trkpt lat="38.1570910" lon="34.1697280">
    <ele>1705.6</ele>
   </trkpt>
   <trkpt lat="38.1571330" lon="34.1697440">
    <ele>1704.6</ele>
   </trkpt>
   <trkpt lat="38.1571390" lon="34.1697460">
    <ele>1704.2</ele>
   </trkpt>
   <trkpt lat="38.1571960" lon="34.1697570">
    <ele>1703.2</ele>
   </trkpt>
   <trkpt lat="38.1572140" lon="34.1697680">
    <ele>1702.4</ele>
   </trkpt>
   <trkpt lat="38.1572250" lon="34.1697720">
    <ele>1702.2</ele>
   </trkpt>
   <trkpt lat="38.1572580" lon="34.1697840">
    <ele>1701.2</ele>
   </trkpt>
   <trkpt lat="38.1572620" lon="34.1697840">
    <ele>1701.2</ele>
   </trkpt>
   <trkpt lat="38.1573010" lon="34.1697840">
    <ele>1700.0</ele>
   </trkpt>
   <trkpt lat="38.1573150" lon="34.1697830">
    <ele>1699.6</ele>
   </trkpt>
   <trkpt lat="38.1573330" lon="34.1697810">
    <ele>1699.4</ele>
   </trkpt>
   <trkpt lat="38.1573570" lon="34.1697810">
    <ele>1699.0</ele>
   </trkpt>
   <trkpt lat="38.1573890" lon="34.1697850">
    <ele>1698.0</ele>
   </trkpt>
   <trkpt lat="38.1573970" lon="34.1697890">
    <ele>1697.6</ele>
   </trkpt>
   <trkpt lat="38.1574320" lon="34.1698030">
    <ele>1696.4</ele>
   </trkpt>
   <trkpt lat="38.1574700" lon="34.1698040">
    <ele>1695.8</ele>
   </trkpt>
   <trkpt lat="38.1574980" lon="34.1698060">
    <ele>1695.2</ele>
   </trkpt>
   <trkpt lat="38.1575280" lon="34.1698060">
    <ele>1695.0</ele>
   </trkpt>
   <trkpt lat="38.1575510" lon="34.1698050">
    <ele>1694.2</ele>
   </trkpt>
   <trkpt lat="38.1575920" lon="34.1697920">
    <ele>1693.8</ele>
   </trkpt>
   <trkpt lat="38.1576140" lon="34.1697890">
    <ele>1693.0</ele>
   </trkpt>
   <trkpt lat="38.1576360" lon="34.1697850">
    <ele>1692.6</ele>
   </trkpt>
   <trkpt lat="38.1576430" lon="34.1697840">
    <ele>1692.2</ele>
   </trkpt>
   <trkpt lat="38.1576480" lon="34.1697830">
    <ele>1691.8</ele>
   </trkpt>
   <trkpt lat="38.1576540" lon="34.1697830">
    <ele>1691.4</ele>
   </trkpt>
   <trkpt lat="38.1576850" lon="34.1697850">
    <ele>1690.8</ele>
   </trkpt>
   <trkpt lat="38.1577310" lon="34.1697770">
    <ele>1690.2</ele>
   </trkpt>
   <trkpt lat="38.1577450" lon="34.1697740">
    <ele>1689.8</ele>
   </trkpt>
   <trkpt lat="38.1577670" lon="34.1697670">
    <ele>1688.6</ele>
   </trkpt>
   <trkpt lat="38.1577960" lon="34.1697590">
    <ele>1687.6</ele>
   </trkpt>
   <trkpt lat="38.1578160" lon="34.1697520">
    <ele>1686.6</ele>
   </trkpt>
   <trkpt lat="38.1578240" lon="34.1697510">
    <ele>1686.4</ele>
   </trkpt>
   <trkpt lat="38.1578470" lon="34.1697440">
    <ele>1685.0</ele>
   </trkpt>
   <trkpt lat="38.1578680" lon="34.1697270">
    <ele>1684.0</ele>
   </trkpt>
   <trkpt lat="38.1578720" lon="34.1697230">
    <ele>1683.8</ele>
   </trkpt>
   <trkpt lat="38.1578840" lon="34.1697160">
    <ele>1683.2</ele>
   </trkpt>
   <trkpt lat="38.1578940" lon="34.1697120">
    <ele>1682.8</ele>
   </trkpt>
   <trkpt lat="38.1579200" lon="34.1696980">
    <ele>1681.6</ele>
   </trkpt>
   <trkpt lat="38.1579510" lon="34.1696770">
    <ele>1681.0</ele>
   </trkpt>
   <trkpt lat="38.1579580" lon="34.1696700">
    <ele>1680.6</ele>
   </trkpt>
   <trkpt lat="38.1579800" lon="34.1696550">
    <ele>1679.6</ele>
   </trkpt>
   <trkpt lat="38.1580080" lon="34.1696400">
    <ele>1678.4</ele>
   </trkpt>
   <trkpt lat="38.1580410" lon="34.1696240">
    <ele>1677.2</ele>
   </trkpt>
   <trkpt lat="38.1580550" lon="34.1696160">
    <ele>1676.8</ele>
   </trkpt>
   <trkpt lat="38.1580830" lon="34.1696090">
    <ele>1676.2</ele>
   </trkpt>
   <trkpt lat="38.1581380" lon="34.1695910">
    <ele>1675.4</ele>
   </trkpt>
   <trkpt lat="38.1581530" lon="34.1695820">
    <ele>1675.2</ele>
   </trkpt>
   <trkpt lat="38.1582000" lon="34.1695670">
    <ele>1675.0</ele>
   </trkpt>
   <trkpt lat="38.1582520" lon="34.1695690">
    <ele>1674.8</ele>
   </trkpt>
   <trkpt lat="38.1582710" lon="34.1695750">
    <ele>1674.6</ele>
   </trkpt>
   <trkpt lat="38.1582900" lon="34.1695730">
    <ele>1674.6</ele>
   </trkpt>
   <trkpt lat="38.1583290" lon="34.1695750">
    <ele>1674.4</ele>
   </trkpt>
   <trkpt lat="38.1583470" lon="34.1695820">
    <ele>1674.0</ele>
   </trkpt>
   <trkpt lat="38.1583540" lon="34.1695910">
    <ele>1673.6</ele>
   </trkpt>
   <trkpt lat="38.1583760" lon="34.1696010">
    <ele>1672.8</ele>
   </trkpt>
   <trkpt lat="38.1583920" lon="34.1696040">
    <ele>1672.8</ele>
   </trkpt>
   <trkpt lat="38.1584030" lon="34.1696000">
    <ele>1672.6</ele>
   </trkpt>
   <trkpt lat="38.1584340" lon="34.1696080">
    <ele>1671.8</ele>
   </trkpt>
   <trkpt lat="38.1584420" lon="34.1696090">
    <ele>1671.6</ele>
   </trkpt>
   <trkpt lat="38.1584960" lon="34.1696100">
    <ele>1671.4</ele>
   </trkpt>
   <trkpt lat="38.1585020" lon="34.1696100">
    <ele>1671.2</ele>
   </trkpt>
   <trkpt lat="38.1585250" lon="34.1696210">
    <ele>1670.4</ele>
   </trkpt>
   <trkpt lat="38.1585590" lon="34.1696240">
    <ele>1669.4</ele>
   </trkpt>
   <trkpt lat="38.1585740" lon="34.1696280">
    <ele>1668.8</ele>
   </trkpt>
   <trkpt lat="38.1585870" lon="34.1696320">
    <ele>1667.6</ele>
   </trkpt>
   <trkpt lat="38.1586070" lon="34.1696470">
    <ele>1666.8</ele>
   </trkpt>
   <trkpt lat="38.1586150" lon="34.1696500">
    <ele>1666.4</ele>
   </trkpt>
   <trkpt lat="38.1586710" lon="34.1696590">
    <ele>1665.2</ele>
   </trkpt>
   <trkpt lat="38.1586830" lon="34.1696630">
    <ele>1664.8</ele>
   </trkpt>
   <trkpt lat="38.1587220" lon="34.1696740">
    <ele>1664.2</ele>
   </trkpt>
   <trkpt lat="38.1587470" lon="34.1696840">
    <ele>1663.0</ele>
   </trkpt>
   <trkpt lat="38.1587560" lon="34.1696870">
    <ele>1662.8</ele>
   </trkpt>
   <trkpt lat="38.1588040" lon="34.1696840">
    <ele>1661.6</ele>
   </trkpt>
   <trkpt lat="38.1588240" lon="34.1696830">
    <ele>1660.4</ele>
   </trkpt>
   <trkpt lat="38.1588380" lon="34.1696850">
    <ele>1659.2</ele>
   </trkpt>
   <trkpt lat="38.1588600" lon="34.1696900">
    <ele>1658.2</ele>
   </trkpt>
   <trkpt lat="38.1588890" lon="34.1696990">
    <ele>1656.6</ele>
   </trkpt>
   <trkpt lat="38.1589080" lon="34.1697060">
    <ele>1655.2</ele>
   </trkpt>
   <trkpt lat="38.1589200" lon="34.1697140">
    <ele>1654.6</ele>
   </trkpt>
   <trkpt lat="38.1589250" lon="34.1697170">
    <ele>1654.2</ele>
   </trkpt>
   <trkpt lat="38.1589590" lon="34.1697120">
    <ele>1654.0</ele>
   </trkpt>
   <trkpt lat="38.1589720" lon="34.1697080">
    <ele>1653.0</ele>
   </trkpt>
   <trkpt lat="38.1589880" lon="34.1697110">
    <ele>1651.8</ele>
   </trkpt>
   <trkpt lat="38.1590010" lon="34.1697130">
    <ele>1650.2</ele>
   </trkpt>
   <trkpt lat="38.1590070" lon="34.1697110">
    <ele>1650.0</ele>
   </trkpt>
   <trkpt lat="38.1590190" lon="34.1697170">
    <ele>1649.2</ele>
   </trkpt>
   <trkpt lat="38.1590340" lon="34.1697250">
    <ele>1648.6</ele>
   </trkpt>
   <trkpt lat="38.1590460" lon="34.1697260">
    <ele>1648.2</ele>
   </trkpt>
   <trkpt lat="38.1590970" lon="34.1697400">
    <ele>1647.0</ele>
   </trkpt>
   <trkpt lat="38.1591100" lon="34.1697470">
    <ele>1646.4</ele>
   </trkpt>
   <trkpt lat="38.1591330" lon="34.1697630">
    <ele>1646.0</ele>
   </trkpt>
   <trkpt lat="38.1591440" lon="34.1697720">
    <ele>1645.8</ele>
   </trkpt>
   <trkpt lat="38.1592000" lon="34.1698170">
    <ele>1645.2</ele>
   </trkpt>
   <trkpt lat="38.1592240" lon="34.1698330">
    <ele>1645.6</ele>
   </trkpt>
   <trkpt lat="38.1592360" lon="34.1698080">
    <ele>1645.4</ele>
   </trkpt>
   <trkpt lat="38.1592430" lon="34.1697720">
    <ele>1645.2</ele>
   </trkpt>
   <trkpt lat="38.1592640" lon="34.1696630">
    <ele>1645.0</ele>
   </trkpt>
   <trkpt lat="38.1592900" lon="34.1695550">
    <ele>1645.2</ele>
   </trkpt>
   <trkpt lat="38.1592900" lon="34.1695300">
    <ele>1645.4</ele>
   </trkpt>
   <trkpt lat="38.1593080" lon="34.1694580">
    <ele>1645.0</ele>
   </trkpt>
   <trkpt lat="38.1593170" lon="34.1694270">
    <ele>1645.0</ele>
   </trkpt>
   <trkpt lat="38.1593210" lon="34.1694060">
    <ele>1645.0</ele>
   </trkpt>
   <trkpt lat="38.1593240" lon="34.1693870">
    <ele>1644.8</ele>
   </trkpt>
   <trkpt lat="38.1593430" lon="34.1693270">
    <ele>1644.8</ele>
   </trkpt>
   <trkpt lat="38.1593560" lon="34.1692620">
    <ele>1644.6</ele>
   </trkpt>
   <trkpt lat="38.1593630" lon="34.1692370">
    <ele>1645.0</ele>
   </trkpt>
   <trkpt lat="38.1593650" lon="34.1692270">
    <ele>1645.0</ele>
   </trkpt>
   <trkpt lat="38.1593990" lon="34.1691130">
    <ele>1645.6</ele>
   </trkpt>
   <trkpt lat="38.1594050" lon="34.1690840">
    <ele>1645.8</ele>
   </trkpt>
   <trkpt lat="38.1594090" lon="34.1690590">
    <ele>1646.2</ele>
   </trkpt>
   <trkpt lat="38.1594170" lon="34.1690340">
    <ele>1646.6</ele>
   </trkpt>
   <trkpt lat="38.1594210" lon="34.1690170">
    <ele>1647.0</ele>
   </trkpt>
   <trkpt lat="38.1594270" lon="34.1689930">
    <ele>1647.4</ele>
   </trkpt>
   <trkpt lat="38.1594320" lon="34.1689840">
    <ele>1647.4</ele>
   </trkpt>
   <trkpt lat="38.1594350" lon="34.1689760">
    <ele>1647.6</ele>
   </trkpt>
   <trkpt lat="38.1594350" lon="34.1689740">
    <ele>1648.0</ele>
   </trkpt>
   <trkpt lat="38.1594350" lon="34.1689740">
    <ele>1648.0</ele>
   </trkpt>
   <trkpt lat="38.1594350" lon="34.1689740">
    <ele>1648.2</ele>
   </trkpt>
   <trkpt lat="38.1594470" lon="34.1689000">
    <ele>1648.6</ele>
   </trkpt>
   <trkpt lat="38.1594510" lon="34.1688520">
    <ele>1649.2</ele>
   </trkpt>
   <trkpt lat="38.1594580" lon="34.1687860">
    <ele>1650.2</ele>
   </trkpt>
   <trkpt lat="38.1594600" lon="34.1687750">
    <ele>1650.4</ele>
   </trkpt>
   <trkpt lat="38.1594630" lon="34.1687640">
    <ele>1650.6</ele>
   </trkpt>
   <trkpt lat="38.1594780" lon="34.1687180">
    <ele>1651.0</ele>
   </trkpt>
   <trkpt lat="38.1594820" lon="34.1686950">
    <ele>1651.2</ele>
   </trkpt>
   <trkpt lat="38.1594900" lon="34.1686610">
    <ele>1651.2</ele>
   </trkpt>
   <trkpt lat="38.1594900" lon="34.1685880">
    <ele>1651.8</ele>
   </trkpt>
   <trkpt lat="38.1594920" lon="34.1685430">
    <ele>1652.2</ele>
   </trkpt>
   <trkpt lat="38.1594900" lon="34.1685350">
    <ele>1652.4</ele>
   </trkpt>
   <trkpt lat="38.1594890" lon="34.1685010">
    <ele>1652.8</ele>
   </trkpt>
  </trkseg>
 </trk>
</gpx>
